Date,Open,High,Low,Close,Retorno_diario,Objetivo
2007-05-22,1.3467,1.3475,1.3438,1.3447,,1
2007-05-23,1.3448,1.3501,1.3416,1.346,0.0009667583847698946,0
2007-05-24,1.3458,1.3462,1.3415,1.3428,-0.0023774145616642928,1
2007-05-25,1.3428,1.3472,1.3411,1.3442,0.001042597557342928,1
2007-05-28,1.3449,1.3461,1.3445,1.3451,0.0006695432227346032,0
2007-05-29,1.3451,1.3519,1.3419,1.3448,-0.00022303174485160948,0
2007-05-30,1.3448,1.3457,1.3408,1.3429,-0.0014128494943486114,1
2007-05-31,1.3429,1.3474,1.3422,1.3453,0.0017871770049890934,0
2007-06-01,1.3452,1.3462,1.3392,1.3448,-0.0003716643127926744,1
2007-06-04,1.3445,1.3498,1.3433,1.3489,0.0030487804878047697,1
2007-06-05,1.3489,1.3551,1.3488,1.3524,0.002594706798131785,0
2007-06-06,1.3521,1.3537,1.3485,1.3503,-0.0015527950310558758,0
2007-06-07,1.3505,1.3512,1.3422,1.3433,-0.005184033177812464,0
2007-06-08,1.3433,1.3435,1.3321,1.3372,-0.004541055609320277,0
2007-06-11,1.3366,1.3366,1.3333,1.3358,-0.001046963804965495,0
2007-06-12,1.3358,1.3368,1.3301,1.3302,-0.0041922443479562865,1
2007-06-13,1.3301,1.3315,1.3264,1.331,0.0006014133213050332,1
2007-06-14,1.3312,1.3323,1.3279,1.3312,0.00015026296018039176,1
2007-06-15,1.3312,1.3389,1.3306,1.3388,0.005709134615384581,1
2007-06-18,1.3384,1.3417,1.3377,1.3415,0.00201673140125469,1
2007-06-19,1.3414,1.3435,1.3383,1.3427,0.0008945210585167285,0
2007-06-20,1.3427,1.3437,1.3396,1.3403,-0.0017874432114396432,0
2007-06-21,1.3403,1.3408,1.3372,1.3388,-0.0011191524285608656,1
2007-06-22,1.3389,1.347,1.3381,1.347,0.0061248879593664984,0
2007-06-25,1.3468,1.3473,1.3439,1.3462,-0.0005939123979212813,0
2007-06-26,1.3462,1.3477,1.3432,1.3454,-0.0005942653394741537,0
2007-06-27,1.3452,1.3458,1.3416,1.3453,-7.43273375947151e-05,0
2007-06-28,1.3452,1.348,1.3423,1.345,-0.00022299858767560465,1
2007-06-29,1.3448,1.3542,1.3431,1.3541,0.006765799256505556,1
2007-07-02,1.3541,1.3638,1.3528,1.3624,0.006129532530832371,0
2007-07-03,1.3624,1.3634,1.3584,1.3608,-0.0011743981209630938,1
2007-07-04,1.3609,1.363,1.3605,1.3612,0.00029394473838917357,0
2007-07-05,1.3612,1.3658,1.3579,1.3598,-0.0010285042609462502,1
2007-07-06,1.3597,1.3641,1.3568,1.3627,0.0021326665686132174,0
2007-07-09,1.363,1.3638,1.361,1.3626,-7.33837234900836e-05,1
2007-07-10,1.3626,1.3747,1.3594,1.3746,0.008806693086745865,0
2007-07-11,1.3747,1.3782,1.3731,1.3744,-0.00014549687181719673,1
2007-07-12,1.3744,1.3797,1.374,1.3788,0.003201396973224746,0
2007-07-13,1.3787,1.3811,1.3763,1.3782,-0.0004351610095735259,0
2007-07-16,1.3781,1.3803,1.3759,1.3771,-0.000798142504716326,1
2007-07-17,1.3771,1.3797,1.3758,1.3781,0.0007261636772928348,1
2007-07-18,1.3781,1.3832,1.3753,1.3802,0.0015238371671142392,1
2007-07-19,1.3803,1.3829,1.3786,1.3803,7.245326764238058e-05,1
2007-07-20,1.3802,1.3842,1.378,1.3827,0.0017387524451206726,0
2007-07-23,1.383,1.3844,1.3795,1.3807,-0.001446445360526516,1
2007-07-24,1.3809,1.3851,1.3798,1.3823,0.001158832476280125,0
2007-07-25,1.3823,1.3832,1.3696,1.3721,-0.007379006004485267,1
2007-07-26,1.372,1.3771,1.3692,1.3746,0.0018220246337730117,0
2007-07-27,1.3744,1.3753,1.3627,1.3633,-0.008220573257675001,1
2007-07-30,1.3623,1.3705,1.361,1.3696,0.004621139881170633,0
2007-07-31,1.3695,1.3726,1.3679,1.3683,-0.000949182242990565,0
2007-08-01,1.3682,1.3709,1.3637,1.3666,-0.0012424175984798724,1
2007-08-02,1.3665,1.3705,1.365,1.3702,0.0026342748426753104,1
2007-08-03,1.3703,1.3819,1.3684,1.3773,0.005181725295577255,1
2007-08-06,1.3796,1.3838,1.378,1.3793,0.0014521164597400826,0
2007-08-07,1.3792,1.3815,1.3735,1.3736,-0.004132530993982475,1
2007-08-08,1.3738,1.3826,1.3721,1.3797,0.004440885264997085,0
2007-08-09,1.3797,1.3816,1.3655,1.3677,-0.008697542944118286,1
2007-08-10,1.3678,1.3704,1.3643,1.3692,0.001096731739416601,0
2007-08-13,1.3689,1.3709,1.3604,1.3612,-0.005842827928717487,0
2007-08-14,1.3609,1.3625,1.3531,1.3533,-0.005803702615339468,0
2007-08-15,1.3533,1.3539,1.3439,1.3441,-0.0067981969999260095,0
2007-08-16,1.344,1.3446,1.337,1.3427,-0.0010415891674726563,1
2007-08-17,1.3427,1.3545,1.3371,1.3475,0.0035748864228792865,0
2007-08-20,1.3475,1.3506,1.346,1.3473,-0.0001484230055658342,0
2007-08-21,1.3476,1.3518,1.3457,1.3465,-0.0005937801528983488,1
2007-08-22,1.3466,1.3549,1.345,1.3543,0.005792796138135881,1
2007-08-23,1.3549,1.3588,1.3535,1.3564,0.0015506165546776973,1
2007-08-24,1.3566,1.3679,1.3553,1.3674,0.008109702152757192,0
2007-08-27,1.3672,1.3679,1.3635,1.3641,-0.0024133391838524476,0
2007-08-28,1.364,1.3679,1.3599,1.36,-0.003005644747452574,1
2007-08-29,1.36,1.368,1.3563,1.3674,0.0054411764705881716,0
2007-08-30,1.3673,1.3676,1.3593,1.3631,-0.0031446540880503138,0
2007-08-31,1.3631,1.3719,1.362,1.3628,-0.0002200865673831487,0
2007-09-03,1.3629,1.3654,1.3603,1.3622,-0.00044027003228641615,0
2007-09-04,1.3623,1.3625,1.3551,1.3604,-0.00132139186609892,1
2007-09-05,1.3604,1.3671,1.3569,1.365,0.0033813584239927863,1
2007-09-06,1.365,1.371,1.3635,1.369,0.00293040293040292,1
2007-09-07,1.369,1.3796,1.3663,1.3767,0.005624543462381393,1
2007-09-10,1.3774,1.3814,1.3766,1.3806,0.0028328611898016387,1
2007-09-11,1.3807,1.3846,1.3778,1.3836,0.0021729682746631784,1
2007-09-12,1.3838,1.3914,1.3824,1.3905,0.004986990459670437,0
2007-09-13,1.3905,1.3927,1.3863,1.3864,-0.002948579647608751,1
2007-09-14,1.3865,1.3895,1.3844,1.3874,0.0007212925562607442,0
2007-09-17,1.3872,1.3887,1.3849,1.3859,-0.001081159002450649,1
2007-09-18,1.3859,1.3988,1.3829,1.3982,0.008875099213507598,0
2007-09-19,1.3981,1.3987,1.3935,1.3967,-0.001072807895866168,1
2007-09-20,1.3966,1.4098,1.3962,1.4066,0.007088136321328875,1
2007-09-21,1.4067,1.4118,1.4043,1.409,0.0017062420019906543,0
2007-09-24,1.4091,1.4129,1.4067,1.4078,-0.0008516678495387175,1
2007-09-25,1.4077,1.4152,1.4061,1.4148,0.0049722972013070965,0
2007-09-26,1.4145,1.4162,1.4111,1.4131,-0.0012015832626519618,1
2007-09-27,1.4131,1.4188,1.4124,1.4146,0.0010614960016983588,1
2007-09-28,1.4146,1.4278,1.4144,1.4266,0.00848296338187482,0
2007-10-01,1.4268,1.4275,1.4211,1.4233,-0.0023131922052432863,0
2007-10-02,1.4232,1.4237,1.4139,1.4148,-0.005972036815850457,0
2007-10-03,1.4148,1.42,1.4081,1.4091,-0.004028837998303669,1
2007-10-04,1.4091,1.4148,1.4068,1.4135,0.0031225604996096834,0
2007-10-05,1.4133,1.4156,1.4032,1.4135,0.0,0
2007-10-08,1.4138,1.415,1.4036,1.4056,-0.005588963565617222,1
2007-10-09,1.4054,1.4113,1.4014,1.4104,0.0034149117814457064,1
2007-10-10,1.4104,1.4171,1.4094,1.4141,0.0026233692569481715,1
2007-10-11,1.4141,1.4241,1.4136,1.4201,0.004242981401598289,0
2007-10-12,1.42,1.4213,1.4154,1.4179,-0.0015491866769945517,1
2007-10-15,1.4177,1.4242,1.416,1.4212,0.002327385570209506,0
2007-10-16,1.4211,1.4226,1.4143,1.4173,-0.002744159864902951,1
2007-10-17,1.4172,1.4229,1.4158,1.4216,0.003033937768997408,1
2007-10-18,1.4216,1.4308,1.4195,1.4285,0.004853685987619594,1
2007-10-19,1.4285,1.4318,1.4245,1.4304,0.0013300665033251224,0
2007-10-22,1.4304,1.4348,1.4125,1.4175,-0.009018456375838868,1
2007-10-23,1.4175,1.4278,1.417,1.426,0.005996472663139185,1
2007-10-24,1.4262,1.4268,1.4189,1.4265,0.00035063113604505425,1
2007-10-25,1.4261,1.4341,1.4248,1.4331,0.004626708727655027,1
2007-10-26,1.433,1.4395,1.4317,1.4393,0.004326285674412178,1
2007-10-29,1.44,1.4437,1.4376,1.4422,0.0020148683387757327,1
2007-10-30,1.4421,1.4441,1.4374,1.444,0.0012480931909581994,1
2007-10-31,1.4441,1.4503,1.4419,1.4478,0.0026315789473685403,0
2007-11-01,1.4477,1.4482,1.4403,1.4421,-0.003937007874015741,1
2007-11-02,1.4419,1.4527,1.4419,1.4501,0.005547465501698934,0
2007-11-05,1.4508,1.4524,1.4444,1.4468,-0.0022757051237844994,1
2007-11-06,1.4469,1.457,1.4466,1.4557,0.0061515067735691265,1
2007-11-07,1.4556,1.4729,1.4554,1.4635,0.005358246891529861,1
2007-11-08,1.4636,1.4702,1.4615,1.4676,0.002801503245644099,1
2007-11-09,1.4676,1.4751,1.4631,1.4677,6.813845734532364e-05,0
2007-11-12,1.4675,1.4675,1.4525,1.4531,-0.009947536962594539,1
2007-11-13,1.4531,1.4632,1.452,1.4603,0.004954923955680979,1
2007-11-14,1.4603,1.4725,1.4599,1.4649,0.0031500376634938654,0
2007-11-15,1.4647,1.4703,1.4605,1.4612,-0.002525769677111045,1
2007-11-16,1.4612,1.4671,1.4581,1.4662,0.003421845058855677,1
2007-11-19,1.467,1.4687,1.4617,1.4665,0.0002046105579047719,1
2007-11-20,1.4663,1.4851,1.4634,1.4836,0.011660415956358694,1
2007-11-21,1.484,1.487,1.4775,1.4858,0.0014828794823402713,0
2007-11-22,1.4856,1.4872,1.4819,1.485,-0.0005384304751648861,0
2007-11-23,1.4847,1.4966,1.4785,1.4835,-0.0010101010101010166,1
2007-11-26,1.482,1.4891,1.4803,1.487,0.0023592854735423607,0
2007-11-27,1.487,1.4907,1.4808,1.4831,-0.002622730329522538,1
2007-11-28,1.4827,1.4858,1.4708,1.4839,0.0005394106938170218,0
2007-11-29,1.484,1.4843,1.4719,1.4743,-0.006469438641417913,0
2007-11-30,1.4743,1.4783,1.4627,1.4632,-0.007528996812046329,1
2007-12-03,1.4639,1.4707,1.4621,1.4666,0.002323674138873688,1
2007-12-04,1.4667,1.4768,1.4635,1.4762,0.0065457520796399216,0
2007-12-05,1.4759,1.477,1.4591,1.4609,-0.010364449261617614,1
2007-12-06,1.4609,1.4652,1.4526,1.4635,0.0017797248271613775,1
2007-12-07,1.4636,1.467,1.4599,1.4656,0.00143491629654946,1
2007-12-10,1.4654,1.4735,1.4639,1.4711,0.003752729257642029,0
2007-12-11,1.4711,1.4749,1.4639,1.4654,-0.0038746516212357918,1
2007-12-12,1.4654,1.4747,1.4649,1.4707,0.003616759929029545,0
2007-12-13,1.4704,1.4736,1.4581,1.4632,-0.005099612429455225,0
2007-12-14,1.4632,1.4657,1.4411,1.4429,-0.013873701476216471,0
2007-12-17,1.439,1.4453,1.433,1.4398,-0.0021484510361079456,1
2007-12-18,1.4398,1.4435,1.4365,1.4416,0.0012501736352270587,0
2007-12-19,1.4412,1.4423,1.4325,1.438,-0.002497225305216455,0
2007-12-20,1.4384,1.4387,1.4309,1.433,-0.003477051460361591,1
2007-12-21,1.4329,1.441,1.4314,1.4376,0.003210048848569347,1
2007-12-24,1.4376,1.4413,1.4358,1.4393,0.00118252643294392,1
2007-12-25,1.4394,1.4413,1.4387,1.4401,0.0005558257486277807,1
2007-12-26,1.4392,1.4506,1.4389,1.4488,0.006041247135615713,1
2007-12-27,1.4487,1.4639,1.4468,1.4624,0.009387078961899498,1
2007-12-28,1.4626,1.4725,1.459,1.4712,0.00601750547045965,0
2007-12-31,1.4714,1.4747,1.4568,1.4584,-0.008700380641653127,1
2008-01-01,1.4587,1.4617,1.4575,1.459,0.0004114097641252368,1
2008-01-02,1.4592,1.4749,1.4583,1.4722,0.009047292666209739,1
2008-01-03,1.4715,1.4779,1.4686,1.4748,0.001766064393424971,1
2008-01-04,1.475,1.4823,1.4693,1.4772,0.0016273393002441683,0
2008-01-07,1.4746,1.4756,1.4657,1.4695,-0.00521256431085837,1
2008-01-08,1.4695,1.474,1.4678,1.4706,0.0007485539299081356,0
2008-01-09,1.4707,1.4742,1.4639,1.4657,-0.0033319733442132016,1
2008-01-10,1.4681,1.4811,1.4638,1.4804,0.010029337517909465,0
2008-01-11,1.4803,1.4818,1.4763,1.4776,-0.0018913807079167233,1
2008-01-14,1.4781,1.4914,1.4779,1.4865,0.006023280996209968,0
2008-01-15,1.4869,1.4918,1.4799,1.4804,-0.004103599058190355,0
2008-01-16,1.4802,1.4857,1.4599,1.465,-0.010402593893542145,0
2008-01-17,1.4652,1.471,1.459,1.464,-0.0006825938566553669,0
2008-01-18,1.4641,1.4693,1.46,1.4619,-0.0014344262295081789,0
2008-01-21,1.4602,1.4604,1.4424,1.4452,-0.01142348997879472,1
2008-01-22,1.4453,1.4641,1.4366,1.4627,0.012109050650428888,1
2008-01-23,1.4628,1.4684,1.4509,1.4629,0.00013673343816233974,1
2008-01-24,1.4628,1.4778,1.459,1.4756,0.008681386287511028,0
2008-01-25,1.4753,1.4776,1.4658,1.4676,-0.005421523448088883,1
2008-01-28,1.4671,1.4797,1.4662,1.4782,0.007222676478604528,0
2008-01-29,1.4779,1.4796,1.4735,1.4775,-0.00047354891083750683,1
2008-01-30,1.4774,1.4905,1.4754,1.486,0.005752961082910346,0
2008-01-31,1.4861,1.4914,1.4801,1.4858,-0.00013458950201883368,0
2008-02-01,1.486,1.494,1.4786,1.4804,-0.0036344057073630642,1
2008-02-04,1.4799,1.4847,1.4792,1.4827,0.0015536341529316378,0
2008-02-05,1.483,1.4834,1.462,1.4644,-0.012342348418425853,0
2008-02-06,1.4647,1.467,1.4591,1.463,-0.0009560229445505497,0
2008-02-07,1.4632,1.465,1.444,1.4479,-0.010321257689678842,1
2008-02-08,1.4485,1.4545,1.4448,1.4507,0.0019338352096140987,1
2008-02-11,1.4516,1.4577,1.448,1.4518,0.000758254635693012,1
2008-02-12,1.4517,1.4613,1.4495,1.4578,0.004132800661248215,0
2008-02-13,1.4581,1.4596,1.4532,1.4569,-0.0006173686376731435,1
2008-02-14,1.4559,1.4645,1.4559,1.4636,0.004598805683300178,1
2008-02-15,1.4641,1.4708,1.463,1.4678,0.002869636512708329,0
2008-02-18,1.468,1.469,1.461,1.4654,-0.0016351001498841056,1
2008-02-19,1.4657,1.4757,1.464,1.4727,0.004981574996587801,0
2008-02-20,1.4724,1.473,1.4616,1.471,-0.0011543423643646245,1
2008-02-21,1.4713,1.4835,1.4702,1.4809,0.006730115567641137,1
2008-02-22,1.4813,1.4859,1.4787,1.4823,0.0009453710581401875,1
2008-02-25,1.4837,1.4843,1.4793,1.4829,0.0004047763610606214,1
2008-02-26,1.4828,1.4984,1.4779,1.4972,0.009643266572257003,1
2008-02-27,1.4972,1.5143,1.497,1.5122,0.010018701576275602,1
2008-02-28,1.5118,1.5228,1.5074,1.5196,0.004893532601507822,0
2008-02-29,1.5192,1.5238,1.5144,1.5189,-0.0004606475388261311,1
2008-03-03,1.5194,1.5271,1.516,1.5204,0.000987556784515231,1
2008-03-04,1.5202,1.5248,1.5172,1.5215,0.0007234938174165428,1
2008-03-05,1.5216,1.5297,1.5146,1.5262,0.00308905685179095,1
2008-03-06,1.5263,1.5394,1.526,1.5387,0.008190276503734717,0
2008-03-07,1.5379,1.5451,1.5316,1.5347,-0.0025995970624552722,1
2008-03-10,1.5359,1.5403,1.5312,1.5351,0.000260637258095997,0
2008-03-11,1.5348,1.5495,1.5281,1.5337,-0.0009119927040582843,1
2008-03-12,1.5338,1.5572,1.5333,1.556,0.014540001304035988,1
2008-03-13,1.5563,1.5645,1.5521,1.5624,0.004113110539845755,1
2008-03-14,1.5626,1.5687,1.5531,1.5673,0.0031362007168458383,1
2008-03-17,1.5722,1.5903,1.5684,1.5731,0.00370063165954182,0
2008-03-18,1.573,1.5831,1.5618,1.562,-0.007056131205899097,1
2008-03-19,1.562,1.5782,1.5582,1.5645,0.0016005121638924535,0
2008-03-20,1.5631,1.5649,1.5396,1.543,-0.013742409715564174,1
2008-03-21,1.5425,1.5472,1.5405,1.5432,0.00012961762799745813,0
2008-03-24,1.5438,1.5453,1.5341,1.5431,-6.480041472267661e-05,1
2008-03-25,1.5422,1.5656,1.5407,1.5649,0.014127405871298127,1
2008-03-26,1.5647,1.5857,1.5584,1.5845,0.012524761965620801,0
2008-03-27,1.5842,1.5845,1.5726,1.5777,-0.004291574629220474,1
2008-03-28,1.5776,1.5837,1.5741,1.5795,0.0011409013120364797,0
2008-03-31,1.58,1.5894,1.576,1.5762,-0.002089268755935292,0
2008-04-01,1.5761,1.5785,1.5564,1.5619,-0.009072452734424585,1
2008-04-02,1.5611,1.5701,1.5533,1.569,0.004545745566297388,0
2008-04-03,1.5685,1.5687,1.5511,1.5682,-0.000509878903760308,1
2008-04-04,1.5681,1.5772,1.5638,1.5737,0.0035072057135570045,0
2008-04-07,1.5733,1.5735,1.5627,1.5704,-0.002096968926733278,0
2008-04-08,1.5703,1.5798,1.5674,1.5703,-6.367804381046671e-05,1
2008-04-09,1.5704,1.5863,1.5683,1.5835,0.008406037062981486,0
2008-04-10,1.5833,1.5908,1.5725,1.5743,-0.005809914745816158,1
2008-04-11,1.5742,1.5842,1.5738,1.5806,0.0040017785682524565,1
2008-04-14,1.5755,1.5885,1.5671,1.5836,0.0018980134126280745,0
2008-04-15,1.5835,1.5873,1.5751,1.5789,-0.002967921192220224,1
2008-04-16,1.5787,1.5977,1.5758,1.5942,0.009690290708721294,0
2008-04-17,1.5941,1.598,1.5847,1.5893,-0.003073641952076378,0
2008-04-18,1.5891,1.5955,1.5711,1.5816,-0.0048449002705593935,1
2008-04-21,1.5812,1.5946,1.5791,1.5907,0.005753667172483601,1
2008-04-22,1.5908,1.6017,1.5834,1.5996,0.005595021059910721,0
2008-04-23,1.5996,1.5997,1.586,1.5884,-0.007001750437609311,0
2008-04-24,1.5883,1.589,1.5637,1.5678,-0.012969025434399373,0
2008-04-25,1.5678,1.5706,1.5555,1.5629,-0.0031253986477868256,1
2008-04-28,1.5621,1.569,1.5593,1.5653,0.001535606884637497,0
2008-04-29,1.5653,1.5659,1.554,1.5565,-0.005621925509486925,1
2008-04-30,1.5565,1.5641,1.5517,1.5618,0.0034050754898811153,0
2008-05-01,1.5619,1.5643,1.543,1.5468,-0.009604302727622027,0
2008-05-02,1.5468,1.5498,1.5362,1.5424,-0.0028445823635893097,1
2008-05-05,1.5427,1.5518,1.5423,1.5497,0.004732883817427425,1
2008-05-06,1.5497,1.5593,1.5453,1.5531,0.002193973027037499,0
2008-05-07,1.5532,1.5538,1.5366,1.5395,-0.008756680188011012,1
2008-05-08,1.5395,1.5439,1.5289,1.5403,0.0005196492367651739,1
2008-05-09,1.5403,1.5486,1.5393,1.548,0.004999026163734266,1
2008-05-12,1.5468,1.557,1.5366,1.5541,0.0039405684754521,0
2008-05-13,1.554,1.5564,1.5431,1.5469,-0.004632906505372958,1
2008-05-14,1.5469,1.5484,1.5396,1.548,0.0007110996185921703,0
2008-05-15,1.5476,1.5547,1.5419,1.5444,-0.0023255813953488857,1
2008-05-16,1.5441,1.5599,1.5437,1.5576,0.008547008547008517,0
2008-05-19,1.5584,1.5632,1.5486,1.5509,-0.004301489470981079,1
2008-05-20,1.5534,1.5679,1.5505,1.5652,0.009220452640402277,1
2008-05-21,1.5651,1.5684,1.5644,1.5666,0.0008944543828264262,1
2008-05-22,1.5806,1.5807,1.5692,1.5723,0.0036384527001149802,1
2008-05-23,1.5723,1.5793,1.5699,1.5763,0.002544043757552572,1
2008-05-26,1.5768,1.5791,1.5741,1.5772,0.0005709573050813876,0
2008-05-27,1.5771,1.5817,1.5671,1.5676,-0.006086735987826386,0
2008-05-28,1.5677,1.5759,1.5607,1.5647,-0.001849961724929905,0
2008-05-29,1.5647,1.5663,1.5485,1.5511,-0.008691761999105263,1
2008-05-30,1.5511,1.5568,1.5462,1.5554,0.002772226162078617,0
2008-06-02,1.5561,1.5589,1.5486,1.5539,-0.0009643821525008311,0
2008-06-03,1.5535,1.5627,1.5409,1.5433,-0.0068215457880173025,0
2008-06-04,1.5441,1.5481,1.5418,1.5425,-0.000518369727207868,1
2008-06-05,1.5424,1.5599,1.5365,1.5582,0.010178282009724482,1
2008-06-06,1.5582,1.5777,1.5572,1.5777,0.012514439738159355,0
2008-06-09,1.5784,1.5842,1.5617,1.5641,-0.008620143246498069,0
2008-06-10,1.564,1.5653,1.5439,1.5454,-0.011955757304520143,1
2008-06-11,1.5456,1.5585,1.5453,1.5556,0.006600232949398155,0
2008-06-12,1.5556,1.5565,1.538,1.5449,-0.006878374903574236,0
2008-06-13,1.5449,1.548,1.5304,1.538,-0.004466308498931926,1
2008-06-16,1.5392,1.5517,1.5346,1.5467,0.005656697009102762,1
2008-06-17,1.5468,1.555,1.546,1.5505,0.0024568436025085294,1
2008-06-18,1.5505,1.5537,1.5462,1.5524,0.0012254111576910365,0
2008-06-19,1.557,1.5585,1.5466,1.5501,-0.0014815769131666379,1
2008-06-20,1.5501,1.5651,1.5491,1.5607,0.006838268498806421,0
2008-06-23,1.5624,1.5626,1.5468,1.5513,-0.006022938425065738,1
2008-06-24,1.5522,1.562,1.5492,1.5569,0.003609875588216349,1
2008-06-25,1.557,1.5685,1.5537,1.5664,0.006101869098850354,1
2008-06-26,1.5665,1.5765,1.563,1.575,0.0054902962206333505,1
2008-06-27,1.5751,1.5793,1.572,1.5793,0.002730158730158694,0
2008-06-30,1.5785,1.5835,1.5731,1.5754,-0.0024694484898373226,1
2008-07-01,1.5754,1.5824,1.5724,1.5794,0.0025390377047098678,1
2008-07-02,1.5793,1.589,1.5776,1.589,0.0060782575661644245,0
2008-07-03,1.5891,1.5896,1.5681,1.5696,-0.012208936438011242,1
2008-07-04,1.5696,1.5725,1.5656,1.5704,0.0005096839959224386,1
2008-07-07,1.5697,1.5752,1.5611,1.5723,0.0012098828323994226,0
2008-07-08,1.5723,1.5738,1.5635,1.5667,-0.0035616612605736675,1
2008-07-09,1.5666,1.575,1.5649,1.5737,0.004467990042765102,1
2008-07-10,1.5738,1.58,1.5691,1.5784,0.002986592107771413,1
2008-07-11,1.5784,1.5945,1.5764,1.5937,0.009693360364926518,0
2008-07-14,1.5894,1.5934,1.584,1.5904,-0.0020706531969629793,1
2008-07-15,1.5902,1.6035,1.5866,1.5911,0.0004401408450702693,0
2008-07-16,1.5912,1.5947,1.58,1.5819,-0.0057821632832630865,1
2008-07-17,1.5819,1.5893,1.5783,1.5858,0.002465389721221234,0
2008-07-18,1.5856,1.5885,1.5804,1.5846,-0.000756715853197143,1
2008-07-21,1.5841,1.5931,1.5828,1.5924,0.004922377887163876,0
2008-07-22,1.5924,1.5942,1.5757,1.579,-0.008414971112785774,0
2008-07-23,1.5786,1.5797,1.567,1.5684,-0.006713109563014519,0
2008-07-24,1.5684,1.5713,1.5627,1.5676,-0.0005100739607242222,1
2008-07-25,1.5677,1.5753,1.5662,1.5708,0.0020413370757845772,1
2008-07-28,1.5695,1.5767,1.5683,1.5737,0.0018461930226636447,0
2008-07-29,1.5738,1.5757,1.5553,1.5583,-0.009785854991421594,0
2008-07-30,1.5583,1.5615,1.5519,1.5576,-0.0004492074696784698,1
2008-07-31,1.5577,1.5698,1.5568,1.5597,0.0013482280431433846,0
2008-08-01,1.5598,1.5598,1.5513,1.5564,-0.0021157914983651605,1
2008-08-04,1.5572,1.563,1.5555,1.5573,0.0005782575173476356,0
2008-08-05,1.5572,1.5575,1.5447,1.545,-0.007898285494124413,0
2008-08-06,1.545,1.5515,1.5398,1.5413,-0.0023948220064725634,0
2008-08-07,1.5413,1.5502,1.5309,1.5324,-0.005774346331019253,0
2008-08-08,1.5324,1.5334,1.4997,1.5005,-0.020817019055077046,0
2008-08-11,1.4968,1.5082,1.488,1.4892,-0.007530823058980229,1
2008-08-12,1.4893,1.4963,1.4816,1.4913,0.0014101531023367198,1
2008-08-13,1.4914,1.4978,1.4841,1.4922,0.0006035003017501595,0
2008-08-14,1.4921,1.4948,1.4777,1.4801,-0.008108832596166682,0
2008-08-15,1.4823,1.4824,1.4658,1.4687,-0.007702182284980763,0
2008-08-18,1.4683,1.4766,1.4672,1.4678,-0.000612786818274591,1
2008-08-19,1.4678,1.4793,1.463,1.478,0.0069491756370076985,0
2008-08-20,1.4781,1.4804,1.4672,1.4743,-0.0025033829499323534,1
2008-08-21,1.4742,1.4908,1.4731,1.4896,0.010377806416604463,0
2008-08-22,1.4896,1.4899,1.4757,1.479,-0.007116004296455425,0
2008-08-25,1.4788,1.4807,1.4696,1.4752,-0.0025693035835023803,0
2008-08-26,1.4753,1.476,1.457,1.4642,-0.007456616052060827,1
2008-08-27,1.4642,1.4775,1.4633,1.4713,0.004849064335473274,0
2008-08-28,1.4714,1.4808,1.4671,1.4697,-0.001087473662747307,0
2008-08-29,1.4693,1.4766,1.464,1.4671,-0.0017690685173844534,0
2008-09-01,1.4686,1.4717,1.4581,1.4588,-0.005657419398813923,0
2008-09-02,1.4616,1.4616,1.4466,1.4516,-0.004935563476830329,0
2008-09-03,1.4516,1.453,1.4385,1.4491,-0.0017222375310002036,0
2008-09-04,1.449,1.4545,1.4213,1.4242,-0.01718307915257755,1
2008-09-05,1.424,1.4348,1.4196,1.426,0.0012638674343490308,0
2008-09-08,1.4267,1.4429,1.4054,1.4121,-0.009747545582047712,0
2008-09-09,1.4118,1.4227,1.4047,1.4102,-0.0013455137738120904,0
2008-09-10,1.4106,1.4179,1.3954,1.3962,-0.0099276698340659,1
2008-09-11,1.3964,1.4041,1.3882,1.4016,0.0038676407391489143,1
2008-09-12,1.4019,1.424,1.3973,1.4219,0.014483447488584433,1
2008-09-15,1.4222,1.4483,1.4085,1.4282,0.004430691328504155,0
2008-09-16,1.4275,1.4283,1.4073,1.4101,-0.012673295056714773,1
2008-09-17,1.4096,1.4384,1.4095,1.4323,0.015743564286220924,0
2008-09-18,1.4323,1.4542,1.4279,1.4323,0.0,1
2008-09-19,1.4327,1.4498,1.4152,1.4464,0.009844306360399457,1
2008-09-22,1.4466,1.4867,1.4438,1.4797,0.02302267699115057,0
2008-09-23,1.4798,1.4827,1.4623,1.4668,-0.008717983375008398,0
2008-09-24,1.467,1.4746,1.4604,1.4614,-0.0036814835014998826,1
2008-09-25,1.4613,1.4768,1.4561,1.4615,6.842753524027856e-05,0
2008-09-26,1.4619,1.4678,1.4555,1.4601,-0.0009579199452617315,0
2008-09-29,1.4612,1.4636,1.4303,1.4414,-0.012807341962879248,0
2008-09-30,1.4416,1.4426,1.4008,1.4115,-0.020743721381989766,0
2008-10-01,1.4114,1.4174,1.3976,1.4006,-0.007722281261069774,0
2008-10-02,1.4008,1.4025,1.3747,1.38,-0.014707982293302946,0
2008-10-03,1.3798,1.3907,1.3704,1.3782,-0.0013043478260867936,0
2008-10-06,1.3771,1.3773,1.3444,1.3485,-0.021549847627340024,1
2008-10-07,1.3487,1.3743,1.3482,1.3626,0.01045606229143492,1
2008-10-08,1.3616,1.3755,1.3545,1.3632,0.00044033465433734875,0
2008-10-09,1.363,1.3786,1.3581,1.3596,-0.002640845070422615,0
2008-10-10,1.3597,1.3652,1.326,1.3393,-0.014930862018240676,1
2008-10-13,1.3407,1.3684,1.3405,1.3596,0.015157171656835722,1
2008-10-14,1.3593,1.377,1.359,1.3616,0.0014710208884967102,0
2008-10-15,1.3618,1.369,1.345,1.3461,-0.01138366627497056,1
2008-10-16,1.3461,1.3538,1.3347,1.3481,0.0014857737166629192,0
2008-10-17,1.348,1.3518,1.3387,1.3412,-0.005118314665084278,0
2008-10-20,1.3407,1.3531,1.3288,1.333,-0.0061139278258276475,0
2008-10-21,1.3332,1.3354,1.3051,1.3054,-0.020705176294073535,0
2008-10-22,1.3056,1.3078,1.2738,1.2821,-0.017848935192278148,1
2008-10-23,1.2824,1.3007,1.2729,1.2969,0.011543561344668829,0
2008-10-24,1.2963,1.2975,1.2496,1.2622,-0.026756110725576376,0
2008-10-27,1.2622,1.2686,1.2335,1.2526,-0.007605767707178024,1
2008-10-28,1.2458,1.2786,1.2329,1.2781,0.02035765607536333,1
2008-10-29,1.2784,1.2992,1.2627,1.2968,0.014631093028714348,0
2008-10-30,1.2966,1.3298,1.2806,1.2862,-0.008173966687230028,0
2008-10-31,1.2862,1.2895,1.2667,1.2731,-0.01018504120665531,0
2008-11-03,1.2726,1.2898,1.2596,1.2643,-0.006912261409158682,1
2008-11-04,1.2642,1.3049,1.2526,1.2978,0.026496875741517156,0
2008-11-05,1.298,1.3116,1.2795,1.2959,-0.001464016027122872,0
2008-11-06,1.2955,1.2957,1.268,1.2714,-0.018905779766957287,1
2008-11-07,1.2712,1.2851,1.2652,1.2718,0.00031461381154618273,1
2008-11-10,1.2714,1.293,1.271,1.2746,0.0022016040257901714,0
2008-11-11,1.2747,1.28,1.2506,1.2522,-0.017574140906951197,0
2008-11-12,1.2521,1.2632,1.2466,1.2505,-0.0013576106053346804,1
2008-11-13,1.2504,1.2857,1.2389,1.278,0.021991203518592517,0
2008-11-14,1.2768,1.2829,1.2574,1.2603,-0.013849765258216018,1
2008-11-17,1.2648,1.2654,1.2629,1.2631,0.0022216932476393225,1
2008-11-18,1.2616,1.2644,1.2615,1.2636,0.000395851476526099,0
2008-11-19,1.2616,1.2814,1.2516,1.2516,-0.009496676163342821,0
2008-11-20,1.2451,1.2487,1.2447,1.2449,-0.005353147970597716,1
2008-11-21,1.2586,1.2595,1.2579,1.2583,0.010763916780464289,1
2008-11-24,1.2953,1.296,1.2935,1.2944,0.028689501708654586,1
2008-11-25,1.3062,1.3072,1.3044,1.3049,0.008111866501854026,0
2008-11-26,1.3062,1.3072,1.282,1.2878,-0.013104452448463366,1
2008-11-27,1.2876,1.2968,1.2861,1.2904,0.0020189470414659905,0
2008-11-28,1.2903,1.2957,1.2645,1.2693,-0.016351518908865437,0
2008-12-01,1.2692,1.2717,1.2583,1.2602,-0.007169305916647106,1
2008-12-02,1.2608,1.2767,1.2562,1.2717,0.009125535629265213,0
2008-12-03,1.2712,1.2742,1.2602,1.2716,-7.863489816783975e-05,1
2008-12-04,1.2717,1.2848,1.2549,1.2782,0.00519031141868509,0
2008-12-05,1.2775,1.28,1.2628,1.2717,-0.005085276169613517,1
2008-12-08,1.2711,1.2968,1.2682,1.2962,0.019265550051112745,0
2008-12-09,1.2958,1.3001,1.2797,1.2927,-0.00270020058632936,1
2008-12-10,1.2926,1.3071,1.2903,1.3018,0.007039529666589495,1
2008-12-11,1.3021,1.3406,1.3,1.3356,0.025964049777231324,1
2008-12-12,1.3349,1.3416,1.3251,1.337,0.0010482180293500676,1
2008-12-15,1.3364,1.3723,1.3337,1.3687,0.023709798055347786,1
2008-12-16,1.3685,1.4149,1.3629,1.4014,0.023891283699861043,1
2008-12-17,1.3992,1.4438,1.3992,1.4419,0.028899671756814627,0
2008-12-18,1.4419,1.4719,1.4182,1.425,-0.011720646369373644,0
2008-12-19,1.4245,1.4309,1.3824,1.3907,-0.024070175438596464,1
2008-12-22,1.3906,1.4126,1.3902,1.3935,0.002013374559574288,0
2008-12-23,1.3941,1.4021,1.3921,1.3926,-0.0006458557588804315,1
2008-12-24,1.3925,1.4019,1.3915,1.4009,0.005960074680453786,1
2008-12-25,1.4012,1.4047,1.3982,1.4026,0.001213505603540499,0
2008-12-26,1.4009,1.412,1.399,1.4026,0.0,0
2008-12-29,1.4028,1.4363,1.3921,1.3924,-0.007272208755168985,1
2008-12-30,1.3923,1.4222,1.3917,1.4057,0.009551852915828718,0
2008-12-31,1.4057,1.4148,1.3852,1.3971,-0.006117948353133618,1
2009-01-01,1.3968,1.4069,1.3962,1.4028,0.004079879750912729,0
2009-01-02,1.4045,1.4057,1.384,1.3916,-0.007984031936127844,0
2009-01-05,1.3919,1.3963,1.3546,1.3629,-0.02062374245472831,0
2009-01-06,1.3631,1.3659,1.3312,1.3509,-0.008804754567466433,1
2009-01-07,1.3535,1.3747,1.3431,1.3644,0.009993337774816924,1
2009-01-08,1.3645,1.3799,1.3534,1.3704,0.004397537379067673,0
2009-01-09,1.3699,1.3752,1.3416,1.3463,-0.017586106246351485,0
2009-01-12,1.3472,1.3491,1.329,1.3374,-0.006610710837109179,0
2009-01-13,1.3357,1.3374,1.314,1.3186,-0.014057125766412382,1
2009-01-14,1.318,1.3338,1.3094,1.3192,0.0004550280600637002,0
2009-01-15,1.3188,1.3242,1.3026,1.3122,-0.005306246209824006,1
2009-01-16,1.3108,1.3343,1.3108,1.3268,0.011126352690138619,0
2009-01-19,1.3265,1.3386,1.3069,1.3069,-0.014998492613807701,0
2009-01-20,1.3065,1.3104,1.2857,1.2905,-0.012548779554671374,1
2009-01-21,1.29,1.3086,1.2825,1.3028,0.00953118946144893,0
2009-01-22,1.3022,1.3083,1.2908,1.3,-0.002149217070924081,0
2009-01-23,1.3,1.3035,1.2765,1.2958,-0.0032307692307692593,1
2009-01-26,1.2972,1.3208,1.2862,1.3186,0.017595307917888547,0
2009-01-27,1.3187,1.3329,1.3119,1.3166,-0.001516760200212297,0
2009-01-28,1.316,1.3328,1.3103,1.3165,-7.595321282094503e-05,0
2009-01-29,1.3165,1.3179,1.2933,1.2951,-0.016255222180022844,0
2009-01-30,1.2952,1.2961,1.2764,1.2809,-0.010964404293104746,1
2009-02-02,1.281,1.2853,1.2707,1.2814,0.0003903505347804259,1
2009-02-03,1.2844,1.3058,1.2801,1.3037,0.017402840643046646,0
2009-02-04,1.304,1.3071,1.2813,1.2847,-0.014573905039503066,0
2009-02-05,1.2845,1.2906,1.276,1.2786,-0.004748190238966332,1
2009-02-06,1.2791,1.2993,1.2748,1.2937,0.01180979195995624,1
2009-02-09,1.2939,1.3094,1.2874,1.3002,0.005024348767102005,0
2009-02-10,1.3002,1.3074,1.2811,1.291,-0.007075834487002108,0
2009-02-11,1.291,1.2998,1.2834,1.2906,-0.00030983733539891034,0
2009-02-12,1.2904,1.2944,1.2722,1.2863,-0.0033317836665116563,0
2009-02-13,1.2861,1.2943,1.2821,1.286,-0.0002332270854388252,0
2009-02-16,1.286,1.2891,1.2727,1.2808,-0.004043545878693711,0
2009-02-17,1.2801,1.2805,1.2563,1.258,-0.017801374141161674,0
2009-02-18,1.2581,1.264,1.2513,1.2528,-0.004133545310015974,1
2009-02-19,1.2528,1.2761,1.2528,1.2673,0.011574074074074181,1
2009-02-20,1.2672,1.2884,1.2558,1.2825,0.011994002998500619,0
2009-02-23,1.2823,1.2992,1.2713,1.2752,-0.00569200779727097,1
2009-02-24,1.2692,1.2877,1.2663,1.2844,0.007214554579673793,0
2009-02-25,1.2843,1.29,1.269,1.2723,-0.009420741202117666,1
2009-02-26,1.2722,1.2811,1.2683,1.2737,0.0011003694097304617,0
2009-02-27,1.2745,1.2751,1.2604,1.2672,-0.005103242521786844,0
2009-03-02,1.2669,1.2676,1.2546,1.2577,-0.007496843434343536,0
2009-03-03,1.2576,1.2679,1.2521,1.2559,-0.0014311839071320387,1
2009-03-04,1.2558,1.2663,1.2457,1.2655,0.007643920694322848,0
2009-03-05,1.2658,1.2664,1.248,1.2541,-0.009008297115764563,1
2009-03-06,1.2537,1.2754,1.2533,1.2646,0.008372538075113622,0
2009-03-09,1.2652,1.2727,1.2556,1.2601,-0.0035584374505772676,1
2009-03-10,1.2604,1.2822,1.2579,1.268,0.006269343702880681,1
2009-03-11,1.2678,1.2865,1.2617,1.2845,0.013012618296529999,1
2009-03-12,1.2844,1.2946,1.2732,1.2913,0.00529388867263525,1
2009-03-13,1.2899,1.2957,1.2862,1.2927,0.0010841787346085319,1
2009-03-16,1.2927,1.3071,1.2833,1.2973,0.003558443567726499,1
2009-03-17,1.2978,1.3033,1.2932,1.3012,0.003006243736992209,1
2009-03-18,1.3015,1.3536,1.2985,1.3508,0.03811865969873973,1
2009-03-19,1.3509,1.3739,1.3417,1.3665,0.011622742078768233,0
2009-03-20,1.3665,1.3726,1.3517,1.3579,-0.006293450420782998,1
2009-03-23,1.3579,1.3736,1.3486,1.362,0.0030193681419838914,0
2009-03-24,1.3617,1.3678,1.3432,1.3471,-0.010939794419970728,1
2009-03-25,1.3469,1.3651,1.3419,1.3576,0.007794521564842949,0
2009-03-26,1.3576,1.3642,1.3495,1.3527,-0.0036093105480258236,0
2009-03-27,1.3527,1.3592,1.3257,1.3286,-0.017816219413025802,0
2009-03-30,1.3289,1.3296,1.3113,1.3199,-0.006548246274273639,1
2009-03-31,1.3201,1.3343,1.3174,1.3243,0.003333585877717926,0
2009-04-01,1.3241,1.3287,1.3167,1.3232,-0.000830627501321568,1
2009-04-02,1.3231,1.3517,1.323,1.3467,0.017759975816203255,1
2009-04-03,1.3463,1.3497,1.3365,1.3482,0.0011138338159946137,0
2009-04-06,1.3482,1.3582,1.3358,1.3399,-0.006156356623646331,0
2009-04-07,1.3399,1.3408,1.3227,1.3264,-0.010075378759608955,1
2009-04-08,1.3267,1.331,1.3148,1.3265,7.539203860074117e-05,0
2009-04-09,1.3265,1.3336,1.3127,1.3162,-0.007764794572182376,1
2009-04-10,1.3157,1.3193,1.3089,1.3187,0.0018994073848959125,1
2009-04-13,1.3185,1.3393,1.3127,1.3366,0.013573974368696451,0
2009-04-14,1.3367,1.3381,1.3226,1.3265,-0.007556486607810831,0
2009-04-15,1.326,1.3297,1.3146,1.3214,-0.003844704108556418,0
2009-04-16,1.3209,1.3269,1.3127,1.3174,-0.003027092477675186,0
2009-04-17,1.3175,1.3198,1.3018,1.3041,-0.010095642933049875,0
2009-04-20,1.3044,1.3076,1.2888,1.2922,-0.00912506709608163,1
2009-04-21,1.2922,1.2996,1.2897,1.2943,0.0016251354279523955,1
2009-04-22,1.2949,1.3038,1.2886,1.3002,0.004558448582245189,1
2009-04-23,1.3004,1.3161,1.298,1.3133,0.010075373019535316,1
2009-04-24,1.3134,1.3301,1.3113,1.3242,0.008299703038148198,0
2009-04-27,1.3152,1.3256,1.3,1.3016,-0.017066908322005747,1
2009-04-28,1.3017,1.3166,1.2965,1.3135,0.009142593730792736,1
2009-04-29,1.3135,1.334,1.3121,1.3253,0.008983631518842738,0
2009-04-30,1.3252,1.3387,1.3192,1.3223,-0.0022636384214893557,1
2009-05-01,1.3223,1.3329,1.3219,1.3272,0.0037056643726838256,1
2009-05-04,1.3273,1.3426,1.3211,1.3413,0.010623869801084984,0
2009-05-05,1.3414,1.3438,1.3283,1.331,-0.007679117274286162,1
2009-05-06,1.3308,1.3374,1.3247,1.3315,0.00037565740045075735,1
2009-05-07,1.3311,1.347,1.3252,1.3391,0.005707848291400808,1
2009-05-08,1.3387,1.3653,1.3341,1.3639,0.018519901426331087,0
2009-05-11,1.3632,1.3669,1.3556,1.3576,-0.004619106972651887,1
2009-05-12,1.3575,1.3707,1.3564,1.3644,0.005008839127872866,0
2009-05-13,1.3644,1.3722,1.3566,1.3593,-0.0037379067722076442,1
2009-05-14,1.359,1.3665,1.3526,1.3634,0.003016258368277791,0
2009-05-15,1.3633,1.3651,1.3462,1.3494,-0.010268446530732,1
2009-05-18,1.3489,1.3564,1.3424,1.3552,0.004298206610345412,1
2009-05-19,1.3555,1.3668,1.3531,1.3626,0.005460448642266913,1
2009-05-20,1.3627,1.3831,1.3584,1.381,0.01350359606634366,1
2009-05-21,1.3764,1.3924,1.3728,1.39,0.006517016654598029,1
2009-05-22,1.3902,1.4051,1.3899,1.399,0.006474820143884896,1
2009-05-25,1.4001,1.4047,1.3959,1.4014,0.0017155110793423134,0
2009-05-26,1.4014,1.4023,1.386,1.3985,-0.002069359212216293,0
2009-05-27,1.3989,1.4001,1.3822,1.3835,-0.010725777618877497,1
2009-05-28,1.3835,1.3986,1.3793,1.3932,0.007011203469461602,1
2009-05-29,1.3931,1.417,1.3926,1.4153,0.01586276198679304,0
2009-06-01,1.4158,1.4247,1.4099,1.415,-0.00021196919381050172,1
2009-06-02,1.415,1.4333,1.4102,1.4306,0.011024734982332252,0
2009-06-03,1.4305,1.434,1.4109,1.4137,-0.011813225220187462,1
2009-06-04,1.4147,1.4242,1.4071,1.4175,0.002687981891490443,0
2009-06-05,1.4175,1.4267,1.3933,1.3962,-0.015026455026454943,0
2009-06-08,1.3967,1.4002,1.3805,1.3894,-0.004870362412261908,1
2009-06-09,1.3903,1.4102,1.3853,1.4076,0.013099179501943281,0
2009-06-10,1.407,1.4144,1.3916,1.3966,-0.007814720090934868,1
2009-06-11,1.3966,1.4178,1.3943,1.4093,0.009093512816840787,0
2009-06-12,1.4094,1.4129,1.3936,1.4014,-0.005605619811253848,0
2009-06-15,1.4015,1.4033,1.3756,1.3783,-0.016483516483516425,1
2009-06-16,1.3786,1.3933,1.3749,1.3833,0.0036276572589422074,1
2009-06-17,1.3835,1.3986,1.3807,1.3938,0.007590544350466244,0
2009-06-18,1.3941,1.4002,1.387,1.3901,-0.0026546132874156747,1
2009-06-19,1.3904,1.4012,1.3883,1.3932,0.0022300553916985155,0
2009-06-22,1.3939,1.3963,1.3826,1.3856,-0.00545506747057134,1
2009-06-23,1.3856,1.4108,1.3829,1.4073,0.0156610854503465,0
2009-06-24,1.4074,1.4138,1.3889,1.3931,-0.010090243729126702,1
2009-06-25,1.3927,1.4015,1.3889,1.3995,0.0045940707774028144,1
2009-06-26,1.3994,1.412,1.3983,1.4055,0.004287245444801746,1
2009-06-29,1.4052,1.4104,1.3983,1.4074,0.0013518320882248691,0
2009-06-30,1.4073,1.4154,1.4,1.4031,-0.0030552792383117255,1
2009-07-01,1.4034,1.4201,1.4,1.415,0.00848122015537034,0
2009-07-02,1.4151,1.4155,1.3928,1.3942,-0.01469964664310952,1
2009-07-03,1.3951,1.403,1.3943,1.4,0.004160091808922628,0
2009-07-06,1.4004,1.4004,1.3877,1.3972,-0.0019999999999998908,0
2009-07-07,1.3973,1.4052,1.3904,1.3916,-0.004008016032064132,0
2009-07-08,1.3918,1.394,1.3832,1.3873,-0.0030899683817188217,1
2009-07-09,1.3871,1.4074,1.3859,1.4023,0.010812369350537088,0
2009-07-10,1.4022,1.403,1.3878,1.3933,-0.006418027526207015,1
2009-07-13,1.3935,1.4001,1.3898,1.3981,0.003445058494222275,0
2009-07-14,1.3984,1.4014,1.3912,1.397,-0.0007867820613689513,1
2009-07-15,1.397,1.4135,1.3964,1.4101,0.009377236936291888,1
2009-07-16,1.4099,1.4166,1.4056,1.414,0.0027657612935252374,0
2009-07-17,1.414,1.415,1.4062,1.4094,-0.0032531824611031768,1
2009-07-20,1.41,1.425,1.4097,1.4227,0.0094366397048391,0
2009-07-21,1.4225,1.4277,1.4163,1.421,-0.0011949110845576039,0
2009-07-22,1.4213,1.4257,1.4156,1.4206,-0.00028149190710768934,0
2009-07-23,1.4206,1.4291,1.412,1.4158,-0.003378854005349985,1
2009-07-24,1.415,1.4253,1.4135,1.4205,0.0033196779206103866,1
2009-07-27,1.4204,1.4298,1.4172,1.4241,0.0025343189017950074,0
2009-07-28,1.424,1.4304,1.413,1.4171,-0.0049153851555368,0
2009-07-29,1.4171,1.4195,1.4006,1.403,-0.009949897678357189,1
2009-07-30,1.4034,1.4095,1.401,1.4063,0.0023521026372059772,1
2009-07-31,1.4065,1.428,1.4065,1.4249,0.013226196401905588,1
2009-08-03,1.4255,1.4445,1.4207,1.4415,0.011649940346690979,0
2009-08-04,1.4419,1.4432,1.4367,1.4395,-0.0013874436351023478,1
2009-08-05,1.4396,1.4449,1.4356,1.4414,0.0013199027440082833,0
2009-08-06,1.4412,1.4431,1.433,1.4351,-0.004370750659081435,0
2009-08-07,1.4353,1.4413,1.4154,1.4183,-0.011706501289108884,0
2009-08-10,1.4182,1.4218,1.4105,1.4143,-0.0028202777973630466,1
2009-08-11,1.4144,1.4185,1.411,1.4146,0.00021211906950457937,1
2009-08-12,1.4147,1.4247,1.4087,1.42,0.0038173335218434357,1
2009-08-13,1.4201,1.4327,1.42,1.4276,0.0053521126760562865,0
2009-08-14,1.4279,1.4306,1.4159,1.4202,-0.005183524796861905,0
2009-08-17,1.42,1.4202,1.4046,1.4075,-0.00894240247852407,1
2009-08-18,1.407,1.4155,1.4066,1.4132,0.004049733570159919,1
2009-08-19,1.4131,1.4267,1.4085,1.4232,0.007076139258420655,1
2009-08-20,1.4234,1.4275,1.4201,1.4245,0.0009134345137717936,1
2009-08-21,1.4245,1.4378,1.4209,1.4315,0.004914004914004844,0
2009-08-24,1.4326,1.4359,1.4281,1.4294,-0.0014669926650366927,1
2009-08-25,1.4298,1.4362,1.4253,1.4299,0.00034979711767180177,0
2009-08-26,1.4296,1.4352,1.4205,1.424,-0.004126162668718125,1
2009-08-27,1.4242,1.441,1.422,1.4347,0.007514044943820242,0
2009-08-28,1.4348,1.4391,1.4282,1.4302,-0.003136544225273652,1
2009-08-31,1.4302,1.4369,1.4256,1.4331,0.002027688435183972,0
2009-09-01,1.4329,1.438,1.4177,1.4214,-0.00816411974042286,1
2009-09-02,1.4217,1.4294,1.4189,1.4259,0.003165892781764379,0
2009-09-03,1.426,1.4348,1.4236,1.4256,-0.0002103934357248205,1
2009-09-04,1.4259,1.4327,1.4191,1.4292,0.002525252525252597,1
2009-09-07,1.4297,1.4363,1.4288,1.4333,0.0028687377553875404,1
2009-09-08,1.4333,1.4536,1.4329,1.4489,0.010883974045908129,1
2009-09-09,1.4494,1.46,1.4466,1.4568,0.0054524121747532295,1
2009-09-10,1.4563,1.4613,1.4503,1.4577,0.0006177924217463104,0
2009-09-11,1.4579,1.4635,1.4554,1.4565,-0.0008232146532208828,1
2009-09-14,1.4579,1.4652,1.4515,1.4627,0.0042567799519395155,1
2009-09-15,1.4626,1.4688,1.4562,1.4658,0.002119368291515711,1
2009-09-16,1.466,1.4737,1.4642,1.4709,0.0034793286942285118,1
2009-09-17,1.4708,1.4767,1.4689,1.474,0.002107553198721801,0
2009-09-18,1.4744,1.4745,1.4647,1.4715,-0.0016960651289008588,0
2009-09-21,1.4711,1.4723,1.461,1.4676,-0.0026503567787971027,1
2009-09-22,1.4678,1.4817,1.467,1.4789,0.007699645680021794,0
2009-09-23,1.4789,1.4844,1.4708,1.4709,-0.00540942592467375,0
2009-09-24,1.469,1.4803,1.4628,1.466,-0.003331293765721721,1
2009-09-25,1.4661,1.4725,1.4615,1.4691,0.0021145975443384035,0
2009-09-28,1.4688,1.472,1.4565,1.4618,-0.004969028657000996,0
2009-09-29,1.4612,1.4647,1.4527,1.458,-0.0025995348200847923,1
2009-09-30,1.4584,1.4675,1.4575,1.4634,0.0037037037037037646,0
2009-10-01,1.4634,1.4668,1.4518,1.4535,-0.006765067650676526,1
2009-10-02,1.4541,1.4648,1.4481,1.4571,0.002476780185758587,1
2009-10-05,1.4575,1.4669,1.4575,1.4646,0.005147210212064879,1
2009-10-06,1.4649,1.4762,1.4644,1.4721,0.005120852109791185,0
2009-10-07,1.4722,1.4737,1.465,1.4682,-0.0026492765437130528,1
2009-10-08,1.4688,1.4817,1.4683,1.4793,0.0075602778912955415,0
2009-10-09,1.4791,1.4795,1.4674,1.4724,-0.004664368282295772,1
2009-10-12,1.4719,1.4813,1.4677,1.4775,0.0034637326813367064,1
2009-10-13,1.4775,1.4876,1.4762,1.4853,0.00527918781725889,1
2009-10-14,1.485,1.4946,1.4839,1.4934,0.005453443748737685,1
2009-10-15,1.4933,1.497,1.4843,1.4935,6.696129637062675e-05,0
2009-10-16,1.4935,1.4967,1.4849,1.4904,-0.002075661198526979,1
2009-10-19,1.4902,1.4981,1.4829,1.4972,0.004562533548040815,0
2009-10-20,1.4965,1.4994,1.4883,1.4936,-0.002404488378306202,1
2009-10-21,1.4936,1.5046,1.4888,1.5005,0.004619710765934482,1
2009-10-22,1.5004,1.5038,1.4944,1.5027,0.001466177940686375,0
2009-10-23,1.5024,1.506,1.4986,1.5007,-0.0013309376455713506,0
2009-10-26,1.5006,1.5063,1.4845,1.4864,-0.009528886519624136,0
2009-10-27,1.4867,1.4927,1.4771,1.4809,-0.0037002152852528836,0
2009-10-28,1.4811,1.4841,1.4691,1.4718,-0.006144911877912107,1
2009-10-29,1.4722,1.4859,1.4684,1.4837,0.008085337681750238,0
2009-10-30,1.4836,1.4859,1.4704,1.473,-0.007211700478533367,1
2009-11-02,1.4718,1.4845,1.4685,1.4774,0.0029871011541071635,0
2009-11-03,1.4774,1.4811,1.4627,1.4719,-0.0037227561933126374,1
2009-11-04,1.4723,1.4909,1.4703,1.486,0.009579455126027536,1
2009-11-05,1.4862,1.4918,1.4811,1.4872,0.0008075370121132242,0
2009-11-06,1.4869,1.4914,1.4813,1.4844,-0.0018827326519634813,1
2009-11-09,1.4848,1.502,1.4842,1.4997,0.010307194826192356,0
2009-11-10,1.4998,1.5021,1.4938,1.4988,-0.000600120024004891,0
2009-11-11,1.499,1.505,1.4953,1.4983,-0.00033360021350414826,0
2009-11-12,1.4985,1.5016,1.4822,1.4845,-0.009210438496963236,1
2009-11-13,1.485,1.4938,1.4825,1.4906,0.004109127652408118,1
2009-11-16,1.49,1.5016,1.4881,1.4969,0.004226485978800376,0
2009-11-17,1.497,1.4999,1.4808,1.4877,-0.006146035139287798,1
2009-11-18,1.4874,1.499,1.4856,1.4963,0.0057807353633123615,0
2009-11-19,1.496,1.4965,1.4843,1.4922,-0.002740092227494495,0
2009-11-20,1.4926,1.4935,1.4801,1.4859,-0.0042219541616405065,1
2009-11-23,1.4859,1.4999,1.4833,1.4962,0.0069318258294635005,0
2009-11-24,1.496,1.4989,1.4889,1.496,-0.00013367196898805833,1
2009-11-25,1.4967,1.5145,1.4955,1.5137,0.011831550802139157,0
2009-11-26,1.5134,1.5142,1.4959,1.5016,-0.00799365792429152,0
2009-11-27,1.5017,1.5019,1.4829,1.4983,-0.002197655833777401,1
2009-11-30,1.4983,1.5084,1.4964,1.5006,0.0015350730828271875,1
2009-12-01,1.5004,1.512,1.4971,1.5082,0.0050646408103425244,0
2009-12-02,1.508,1.511,1.5033,1.5041,-0.002718472351147083,1
2009-12-03,1.5043,1.5141,1.5043,1.5052,0.0007313343527690641,0
2009-12-04,1.5051,1.5091,1.4822,1.4857,-0.012955089024714317,0
2009-12-07,1.4852,1.4905,1.4756,1.4824,-0.0022211752036077614,0
2009-12-08,1.4826,1.4867,1.4681,1.4701,-0.008297355639503512,1
2009-12-09,1.4702,1.4782,1.4668,1.4724,0.0015645194204476631,1
2009-12-10,1.4724,1.476,1.4684,1.4731,0.0004754142895952995,0
2009-12-11,1.473,1.4777,1.4586,1.4624,-0.007263593781820732,1
2009-12-14,1.4615,1.4685,1.4598,1.4657,0.002256564551422313,0
2009-12-15,1.4656,1.4663,1.4504,1.4533,-0.008460121443678803,0
2009-12-16,1.4536,1.4591,1.4506,1.4533,0.0,0
2009-12-17,1.4529,1.4536,1.4304,1.434,-0.013280121103695142,1
2009-12-18,1.4337,1.4412,1.4262,1.4345,0.0003486750348675738,0
2009-12-21,1.4338,1.4373,1.4268,1.4278,-0.004670616939700389,0
2009-12-22,1.4274,1.4332,1.4218,1.4249,-0.0020310967922677614,1
2009-12-23,1.4248,1.4367,1.4234,1.4335,0.006035511263948301,1
2009-12-24,1.4338,1.4418,1.4322,1.4375,0.002790373212417263,1
2009-12-25,1.4379,1.4437,1.4358,1.4378,0.00020869565217385144,0
2009-12-28,1.4378,1.4414,1.4353,1.4377,-6.95507024620623e-05,0
2009-12-29,1.4379,1.4458,1.4332,1.4352,-0.0017388885024691714,0
2009-12-30,1.435,1.4361,1.4274,1.4338,-0.0009754738015608222,0
2009-12-31,1.4336,1.444,1.4307,1.4324,-0.0009764262798158674,1
2010-01-01,1.4323,1.4348,1.4322,1.4334,0.0006981290142418217,1
2010-01-04,1.4322,1.4456,1.4258,1.441,0.0053020789730711115,0
2010-01-05,1.4412,1.4484,1.4346,1.4363,-0.0032616238723109925,1
2010-01-06,1.4365,1.4435,1.4283,1.4411,0.003341920211655136,0
2010-01-07,1.4408,1.4447,1.4299,1.431,-0.0070085351467629176,1
2010-01-08,1.4307,1.4439,1.4264,1.4407,0.006778476589797355,1
2010-01-11,1.4408,1.4557,1.4396,1.4516,0.0075657666412161095,0
2010-01-12,1.4511,1.4548,1.4454,1.4485,-0.002135574538440377,1
2010-01-13,1.4483,1.458,1.4456,1.451,0.0017259233690025688,0
2010-01-14,1.4509,1.4556,1.4446,1.4501,-0.0006202618883529576,0
2010-01-15,1.4499,1.4512,1.4337,1.4385,-0.007999448313909419,0
2010-01-18,1.4383,1.44,1.4333,1.4384,-6.951685783807005e-05,0
2010-01-19,1.4382,1.4414,1.4253,1.4285,-0.00688264738598432,0
2010-01-20,1.4286,1.4296,1.408,1.41,-0.012950647532376736,0
2010-01-21,1.4104,1.4143,1.4028,1.4083,-0.0012056737588651556,1
2010-01-22,1.4081,1.4182,1.4066,1.4134,0.003621387488461192,1
2010-01-25,1.4138,1.4194,1.4112,1.4147,0.00091976793547488,0
2010-01-26,1.4147,1.4179,1.4043,1.4072,-0.005301477345020178,0
2010-01-27,1.407,1.4097,1.3993,1.402,-0.0036952814098920594,0
2010-01-28,1.4022,1.4052,1.3934,1.397,-0.003566333808844413,0
2010-01-29,1.397,1.3987,1.3862,1.3862,-0.007730851825339946,1
2010-02-01,1.386,1.3938,1.3853,1.393,0.004905497042273721,1
2010-02-02,1.3931,1.3975,1.3886,1.3962,0.0022972002871501918,0
2010-02-03,1.3963,1.4026,1.3886,1.3895,-0.0047987394356110435,0
2010-02-04,1.3893,1.3903,1.3725,1.3726,-0.012162648434688728,0
2010-02-05,1.3722,1.3746,1.3586,1.3678,-0.0034970129680899076,0
2010-02-08,1.368,1.3717,1.362,1.3646,-0.0023395233221230605,1
2010-02-09,1.3649,1.3839,1.3643,1.3793,0.010772387512824277,0
2010-02-10,1.3795,1.3813,1.3677,1.3737,-0.004060030450228402,0
2010-02-11,1.3737,1.3801,1.3596,1.3691,-0.003348620513940359,0
2010-02-12,1.3691,1.3695,1.353,1.3631,-0.004382441019647909,0
2010-02-15,1.363,1.364,1.3578,1.3595,-0.0026410388085981173,1
2010-02-16,1.3599,1.3779,1.3589,1.3765,0.012504597278411245,0
2010-02-17,1.3771,1.379,1.3585,1.3605,-0.011623683254631367,0
2010-02-18,1.3605,1.3655,1.3499,1.3522,-0.006100698272693883,1
2010-02-19,1.3527,1.3618,1.3444,1.3611,0.006581866587782814,0
2010-02-22,1.3611,1.3654,1.3574,1.3596,-0.0011020498126516065,0
2010-02-23,1.3594,1.3692,1.3497,1.3507,-0.006546042953809894,1
2010-02-24,1.3506,1.3626,1.3502,1.354,0.0024431776116089488,1
2010-02-25,1.3538,1.3571,1.3451,1.355,0.0007385524372229835,1
2010-02-26,1.3547,1.3683,1.3531,1.3626,0.005608856088560987,0
2010-03-01,1.363,1.3664,1.3461,1.3561,-0.004770292088653982,1
2010-03-02,1.3559,1.3622,1.3434,1.3614,0.003908266352038892,1
2010-03-03,1.3614,1.3736,1.3593,1.3695,0.005949757602468075,0
2010-03-04,1.3695,1.3713,1.3552,1.3579,-0.00847024461482282,1
2010-03-05,1.358,1.3631,1.353,1.3622,0.0031666543928123847,1
2010-03-08,1.3626,1.3705,1.3606,1.3632,0.0007341065922770174,0
2010-03-09,1.3633,1.3635,1.3538,1.3599,-0.0024207746478872583,1
2010-03-10,1.3601,1.368,1.3545,1.3659,0.004412089124200103,1
2010-03-11,1.3651,1.3687,1.3621,1.3679,0.0014642360348489092,1
2010-03-12,1.3679,1.38,1.3667,1.3767,0.006433218802544216,0
2010-03-15,1.3767,1.3784,1.364,1.3675,-0.006682646909275891,1
2010-03-16,1.3674,1.3783,1.3656,1.3771,0.00702010968921396,0
2010-03-17,1.3772,1.3818,1.3727,1.3735,-0.002614189238254294,0
2010-03-18,1.3733,1.3741,1.3587,1.3604,-0.009537677466326833,0
2010-03-19,1.3604,1.3627,1.3503,1.3529,-0.0055130843869450885,1
2010-03-22,1.3527,1.3568,1.3463,1.3566,0.0027348658437431617,0
2010-03-23,1.3566,1.357,1.3476,1.3493,-0.005381099808344447,0
2010-03-24,1.3494,1.3501,1.3306,1.3321,-0.012747350478025554,0
2010-03-25,1.3322,1.3387,1.3268,1.3285,-0.0027024998123263977,1
2010-03-26,1.3286,1.3425,1.3268,1.3407,0.009183289424162577,1
2010-03-29,1.3411,1.3525,1.3405,1.3475,0.0050719773252778655,0
2010-03-30,1.3473,1.3537,1.3396,1.3416,-0.004378478664192942,1
2010-03-31,1.342,1.3546,1.3385,1.3506,0.006708407871198752,1
2010-04-01,1.3507,1.3585,1.3458,1.3566,0.004442470013327426,0
2010-04-02,1.3571,1.3583,1.3472,1.3502,-0.004717676544301885,0
2010-04-05,1.3491,1.3538,1.3457,1.3482,-0.0014812620352540051,0
2010-04-06,1.3483,1.3497,1.3353,1.3394,-0.006527221480492562,0
2010-04-07,1.3394,1.3409,1.3324,1.3336,-0.004330297147976725,1
2010-04-08,1.334,1.3366,1.3279,1.3357,0.0015746850629876352,1
2010-04-09,1.3355,1.3501,1.3337,1.3499,0.010631129744703038,1
2010-04-12,1.3628,1.3692,1.3563,1.3584,0.006296762723164706,1
2010-04-13,1.3585,1.3627,1.3543,1.3615,0.0022820965842167418,1
2010-04-14,1.3613,1.368,1.3593,1.365,0.0025706940874037354,0
2010-04-15,1.3649,1.3667,1.3517,1.3581,-0.00505494505494497,0
2010-04-16,1.3578,1.3581,1.3469,1.3502,-0.005816950150946187,0
2010-04-19,1.3473,1.3498,1.3413,1.3488,-0.0010368834246778924,0
2010-04-20,1.3487,1.3523,1.3425,1.344,-0.003558718861209953,0
2010-04-21,1.3442,1.345,1.3356,1.3386,-0.004017857142857184,0
2010-04-22,1.3388,1.3421,1.3257,1.3287,-0.007395786642761082,1
2010-04-23,1.3284,1.34,1.3198,1.3384,0.0073003687815158536,1
2010-04-26,1.3344,1.3416,1.3289,1.3391,0.0005230125523012497,0
2010-04-27,1.339,1.3414,1.3142,1.3165,-0.01687700694496297,1
2010-04-28,1.316,1.3266,1.3112,1.3205,0.0030383592859855035,1
2010-04-29,1.3203,1.3279,1.3181,1.3242,0.0028019689511549206,1
2010-04-30,1.3244,1.3343,1.3222,1.329,0.0036248300860897142,0
2010-05-03,1.3327,1.333,1.3154,1.3187,-0.007750188111361855,0
2010-05-04,1.3189,1.3214,1.2961,1.2969,-0.016531432471373342,0
2010-05-05,1.2972,1.2996,1.2785,1.2816,-0.011797362942400968,0
2010-05-06,1.2818,1.2857,1.2518,1.2631,-0.0144350811485644,1
2010-05-07,1.2628,1.2798,1.2583,1.2752,0.009579605731929286,1
2010-05-10,1.2838,1.3094,1.2756,1.2786,0.0026662484316186674,0
2010-05-11,1.2786,1.2803,1.2624,1.2633,-0.011966213045518481,0
2010-05-12,1.2632,1.274,1.2602,1.2629,-0.0003166310456741428,0
2010-05-13,1.2627,1.2684,1.2514,1.2523,-0.00839338031514758,0
2010-05-14,1.2522,1.2576,1.2351,1.2358,-0.013175756607841538,1
2010-05-17,1.2348,1.2414,1.2232,1.2398,0.0032367697038355736,0
2010-05-18,1.2397,1.2445,1.2156,1.2173,-0.018148088401355067,1
2010-05-19,1.2173,1.2431,1.2141,1.2424,0.020619403598126862,1
2010-05-20,1.2421,1.2598,1.2295,1.2464,0.003219575016097931,1
2010-05-21,1.2468,1.2673,1.2459,1.257,0.008504492939666264,0
2010-05-24,1.2505,1.2517,1.233,1.2345,-0.017899761336515496,1
2010-05-25,1.2345,1.2388,1.2175,1.2371,0.002106115836371103,0
2010-05-26,1.237,1.2372,1.215,1.2157,-0.017298520733974643,1
2010-05-27,1.216,1.2395,1.2151,1.2353,0.01612239861808007,0
2010-05-28,1.2357,1.2453,1.2262,1.2281,-0.005828543673601638,1
2010-05-31,1.2278,1.2334,1.2264,1.2307,0.0021170914420649556,0
2010-06-01,1.2306,1.2354,1.2108,1.2209,-0.007962947915820084,1
2010-06-02,1.2213,1.2273,1.2173,1.2245,0.0029486444426241043,0
2010-06-03,1.2248,1.2327,1.2149,1.2164,-0.006614944875459328,0
2010-06-04,1.2161,1.2216,1.1947,1.1966,-0.016277540282801595,0
2010-06-07,1.1944,1.1991,1.1874,1.1916,-0.004178505766338048,1
2010-06-08,1.1916,1.201,1.1899,1.1964,0.004028197381671594,1
2010-06-09,1.1964,1.2073,1.192,1.1984,0.0016716817118020977,1
2010-06-10,1.1984,1.2143,1.1954,1.2106,0.010180240320427192,1
2010-06-11,1.2108,1.2153,1.2043,1.2111,0.000413018338014437,1
2010-06-14,1.2118,1.23,1.2112,1.2213,0.008422095615556069,1
2010-06-15,1.2212,1.235,1.2163,1.2325,0.009170555964955307,0
2010-06-16,1.2322,1.2354,1.2252,1.2301,-0.0019472616632859596,1
2010-06-17,1.2298,1.2412,1.2239,1.2377,0.006178359482968965,1
2010-06-18,1.238,1.2416,1.235,1.2387,0.0008079502302658081,0
2010-06-21,1.2426,1.2467,1.2302,1.2314,-0.0058932752078790784,0
2010-06-22,1.2324,1.2354,1.2249,1.2269,-0.003654377131719899,1
2010-06-23,1.2267,1.2343,1.2207,1.231,0.003341755644306721,1
2010-06-24,1.2311,1.2388,1.2259,1.2328,0.0014622258326562054,1
2010-06-25,1.2328,1.2395,1.225,1.2374,0.003731343283582156,0
2010-06-28,1.2377,1.2398,1.2263,1.2281,-0.007515758849199972,0
2010-06-29,1.2275,1.2291,1.2148,1.2187,-0.007654099829004224,1
2010-06-30,1.219,1.2304,1.2164,1.2234,0.0038565684746041384,1
2010-07-01,1.2233,1.254,1.2191,1.2515,0.02296877554356702,1
2010-07-02,1.2518,1.2611,1.248,1.255,0.002796644027167172,0
2010-07-05,1.2554,1.2563,1.2506,1.2537,-0.001035856573705085,1
2010-07-06,1.2537,1.2662,1.2478,1.2625,0.007019223099625105,1
2010-07-07,1.2625,1.2664,1.2551,1.263,0.0003960396039603964,1
2010-07-08,1.2631,1.2712,1.2617,1.2689,0.004671417260490918,0
2010-07-09,1.2694,1.2722,1.2606,1.2641,-0.0037828040034675325,0
2010-07-12,1.264,1.2648,1.2547,1.2586,-0.004350921604303504,1
2010-07-13,1.2588,1.2738,1.2521,1.2726,0.011123470522803158,1
2010-07-14,1.2727,1.2778,1.268,1.2741,0.0011786892975012009,1
2010-07-15,1.2743,1.2955,1.2705,1.2934,0.015147947570834486,0
2010-07-16,1.293,1.3007,1.2887,1.2929,-0.00038657801144281745,1
2010-07-19,1.2904,1.2992,1.2868,1.2948,0.001469564544821722,0
2010-07-20,1.2947,1.3028,1.2837,1.289,-0.004479456286685224,0
2010-07-21,1.289,1.2913,1.2729,1.2754,-0.010550814584949442,1
2010-07-22,1.2754,1.2933,1.2734,1.2885,0.010271287439234555,1
2010-07-23,1.2887,1.2965,1.2792,1.2902,0.0013193636010866427,1
2010-07-26,1.2896,1.3006,1.2874,1.2987,0.006588125871957784,1
2010-07-27,1.2988,1.3046,1.2948,1.3,0.0010010010010010895,0
2010-07-28,1.3,1.3042,1.2964,1.2987,-0.001000000000000112,1
2010-07-29,1.2989,1.3107,1.2976,1.3081,0.007238007238007382,0
2010-07-30,1.3078,1.3092,1.2978,1.305,-0.0023698493998930426,1
2010-08-02,1.3061,1.3195,1.305,1.3175,0.00957854406130254,1
2010-08-03,1.3174,1.3254,1.3145,1.3225,0.00379506641366234,0
2010-08-04,1.3225,1.324,1.313,1.3154,-0.005368620037807248,1
2010-08-05,1.3154,1.3235,1.3117,1.3184,0.0022806750798236575,1
2010-08-06,1.3183,1.3334,1.3154,1.3279,0.007205703883495174,0
2010-08-09,1.3292,1.3308,1.3213,1.3225,-0.004066571277957731,0
2010-08-10,1.3225,1.3231,1.3072,1.3175,-0.003780718336483968,0
2010-08-11,1.3174,1.3187,1.2827,1.2845,-0.025047438330170757,0
2010-08-12,1.2843,1.2932,1.2778,1.2826,-0.0014791747761775387,0
2010-08-13,1.2839,1.2906,1.2746,1.2751,-0.005847497271167956,1
2010-08-16,1.2765,1.2871,1.2731,1.2821,0.005489765508587707,1
2010-08-17,1.2822,1.2916,1.2801,1.2879,0.004523828094532334,0
2010-08-18,1.2879,1.2922,1.282,1.2852,-0.002096436058700357,0
2010-08-19,1.2853,1.2902,1.277,1.2816,-0.0028011204481791507,0
2010-08-20,1.2815,1.2833,1.2661,1.2705,-0.00866104868913864,0
2010-08-23,1.2704,1.273,1.2644,1.2649,-0.0044077134986226785,0
2010-08-24,1.2648,1.2719,1.2584,1.263,-0.0015020950272749412,1
2010-08-25,1.263,1.2726,1.2604,1.2662,0.0025336500395882755,1
2010-08-26,1.2664,1.2764,1.2647,1.2716,0.004264729110724952,1
2010-08-27,1.2714,1.2779,1.2674,1.2761,0.0035388486945580055,0
2010-08-30,1.2764,1.2769,1.2654,1.2663,-0.0076796489303346815,1
2010-08-31,1.2662,1.2743,1.2622,1.2688,0.0019742557055988375,1
2010-09-01,1.2688,1.2855,1.266,1.2803,0.009063682219419888,1
2010-09-02,1.2803,1.2848,1.2774,1.2825,0.001718347262360309,1
2010-09-03,1.2824,1.2899,1.2806,1.2895,0.005458089668616051,0
2010-09-06,1.2893,1.2919,1.2864,1.2874,-0.0016285381930980503,0
2010-09-07,1.2874,1.2876,1.2674,1.2683,-0.014836103775050624,1
2010-09-08,1.2682,1.2763,1.2657,1.2723,0.003153827958684907,0
2010-09-09,1.2719,1.2766,1.266,1.2698,-0.001964945374518523,0
2010-09-10,1.2697,1.2747,1.2641,1.2671,-0.0021263191053710884,1
2010-09-13,1.2706,1.2892,1.2701,1.2878,0.0163365164548972,1
2010-09-14,1.2876,1.3033,1.2827,1.2986,0.00838639540301278,1
2010-09-15,1.2987,1.304,1.2952,1.3009,0.0017711381487754974,1
2010-09-16,1.3012,1.3117,1.2972,1.3074,0.004996540856330167,0
2010-09-17,1.3074,1.3159,1.3018,1.3055,-0.0014532660241699524,1
2010-09-20,1.305,1.3121,1.3026,1.3062,0.0005361930294904838,1
2010-09-21,1.3063,1.3286,1.3053,1.3249,0.014316337467462859,1
2010-09-22,1.325,1.344,1.3245,1.3399,0.01132160917805125,0
2010-09-23,1.34,1.3413,1.3303,1.3314,-0.006343756996790906,1
2010-09-24,1.3313,1.3495,1.3284,1.3485,0.012843623253717906,0
2010-09-27,1.3479,1.3506,1.3422,1.344,-0.0033370411568408587,1
2010-09-28,1.344,1.3596,1.3378,1.3584,0.010714285714285676,1
2010-09-29,1.3583,1.3646,1.3563,1.3621,0.00272379269729095,1
2010-09-30,1.3622,1.3683,1.3558,1.3627,0.00044049629248954503,1
2010-10-01,1.3629,1.3792,1.3615,1.3792,0.012108314375871343,0
2010-10-04,1.3788,1.379,1.3663,1.3673,-0.008628190255220436,1
2010-10-05,1.3673,1.3859,1.3635,1.3836,0.011921304761208118,1
2010-10-06,1.3834,1.3948,1.3797,1.3925,0.00643249494073439,0
2010-10-07,1.3923,1.4029,1.3854,1.392,-0.000359066427289223,1
2010-10-08,1.3915,1.3984,1.3832,1.394,0.001436781609195359,0
2010-10-11,1.4001,1.4007,1.3863,1.3883,-0.0040889526542322585,1
2010-10-12,1.3882,1.3936,1.3772,1.3915,0.0023049773103795967,1
2010-10-13,1.3914,1.4001,1.3908,1.3959,0.003162055335968361,1
2010-10-14,1.396,1.4122,1.3951,1.4081,0.008739881080306544,0
2010-10-15,1.4078,1.4157,1.3936,1.3977,-0.007385839073929423,0
2010-10-18,1.3972,1.3999,1.3827,1.3949,-0.002003291121127515,0
2010-10-19,1.3946,1.4005,1.3711,1.3739,-0.015054842641049615,1
2010-10-20,1.3741,1.3991,1.3696,1.3956,0.01579445374481403,0
2010-10-21,1.3956,1.405,1.387,1.3923,-0.002364574376612083,1
2010-10-22,1.3925,1.3971,1.3857,1.3954,0.0022265316382963363,0
2010-10-25,1.3951,1.408,1.3931,1.3954,0.0,0
2010-10-26,1.3954,1.3982,1.3821,1.3858,-0.00687974774258282,0
2010-10-27,1.386,1.3879,1.3732,1.3773,-0.006133641218068919,1
2010-10-28,1.3771,1.3945,1.3765,1.393,0.01139911420895956,1
2010-10-29,1.3926,1.3952,1.3804,1.3944,0.0010050251256281673,0
2010-11-01,1.3963,1.4011,1.3861,1.3895,-0.003514056224899642,1
2010-11-02,1.3895,1.4058,1.3879,1.403,0.009715725080964521,1
2010-11-03,1.4031,1.4183,1.3988,1.4129,0.007056307911617932,1
2010-11-04,1.4131,1.4282,1.4099,1.4216,0.006157548304904781,0
2010-11-05,1.4215,1.4249,1.4021,1.403,-0.013083849184017948,0
2010-11-08,1.4055,1.4085,1.3885,1.392,-0.007840342124020072,0
2010-11-09,1.392,1.3973,1.3749,1.3771,-0.010704022988505701,1
2010-11-10,1.3771,1.3825,1.3669,1.3782,0.0007987800450222071,0
2010-11-11,1.3781,1.3821,1.3634,1.3666,-0.008416775504280993,1
2010-11-12,1.3664,1.3776,1.357,1.369,0.001756183228450059,0
2010-11-15,1.3704,1.3751,1.3561,1.3584,-0.007742878013148213,0
2010-11-16,1.3586,1.3656,1.3445,1.3489,-0.006993521790341628,1
2010-11-17,1.3489,1.3566,1.3458,1.3528,0.002891244717918351,1
2010-11-18,1.3528,1.3668,1.3522,1.364,0.00827912477823789,1
2010-11-19,1.364,1.3731,1.3606,1.3668,0.002052785923753575,0
2010-11-22,1.3715,1.3786,1.3575,1.3627,-0.0029997073456248247,0
2010-11-23,1.3627,1.3633,1.3357,1.3365,-0.019226535554414004,0
2010-11-24,1.3367,1.3421,1.3282,1.3332,-0.0024691358024692134,1
2010-11-25,1.3335,1.3388,1.3284,1.3359,0.0020252025202520674,0
2010-11-26,1.3358,1.3362,1.3198,1.324,-0.008907852384160475,0
2010-11-29,1.3281,1.3302,1.306,1.3132,-0.00815709969788525,0
2010-11-30,1.3125,1.315,1.2966,1.2984,-0.011270179713676498,1
2010-12-01,1.3001,1.3181,1.2968,1.3136,0.011706715958102354,1
2010-12-02,1.3139,1.325,1.3056,1.3209,0.005557247259439624,1
2010-12-03,1.3208,1.3438,1.3191,1.3414,0.01551972140207436,0
2010-12-06,1.3384,1.3422,1.3244,1.3305,-0.008125838676010022,0
2010-12-07,1.3306,1.34,1.3253,1.326,-0.0033821871476887866,0
2010-12-08,1.3261,1.328,1.3177,1.3259,-7.541478129713397e-05,0
2010-12-09,1.3261,1.3323,1.3162,1.3237,-0.0016592503205369313,0
2010-12-10,1.3237,1.3283,1.3176,1.3222,-0.0011331872780842023,1
2010-12-13,1.3198,1.3433,1.3178,1.3389,0.012630464377552553,0
2010-12-14,1.3388,1.3497,1.3361,1.3376,-0.0009709462992009144,0
2010-12-15,1.3375,1.3382,1.3205,1.3211,-0.012335526315789491,1
2010-12-16,1.3213,1.3266,1.3178,1.3241,0.002270834910302,0
2010-12-17,1.3241,1.3359,1.313,1.3187,-0.0040782418246356755,0
2010-12-20,1.3185,1.3187,1.3092,1.3128,-0.004474103283536812,0
2010-12-21,1.3128,1.3202,1.3072,1.31,-0.0021328458257159344,0
2010-12-22,1.3101,1.3181,1.3075,1.3098,-0.00015267175572519776,1
2010-12-23,1.3098,1.3153,1.305,1.3113,0.0011452130096196722,1
2010-12-24,1.3113,1.3148,1.3086,1.3121,0.000610081598413803,1
2010-12-27,1.3114,1.317,1.307,1.3163,0.003200975535401218,0
2010-12-28,1.3164,1.3276,1.309,1.3114,-0.00372255564840851,1
2010-12-29,1.3114,1.3239,1.308,1.3224,0.008387982308982966,1
2010-12-30,1.3224,1.3315,1.3211,1.3287,0.0047640653357532425,1
2010-12-31,1.3288,1.3424,1.3282,1.3385,0.007375630315345827,0
2011-01-03,1.3285,1.3395,1.3247,1.336,-0.0018677624206200338,0
2011-01-04,1.3359,1.3434,1.329,1.3307,-0.003967065868263564,0
2011-01-05,1.3307,1.3325,1.3123,1.3149,-0.01187345006387619,0
2011-01-06,1.315,1.317,1.2995,1.3002,-0.011179557380789351,0
2011-01-07,1.3001,1.3021,1.2899,1.2905,-0.007460390709121745,1
2011-01-10,1.2877,1.2964,1.287,1.2949,0.0034095311894615232,1
2011-01-11,1.2949,1.2993,1.2903,1.2973,0.0018534249749015963,1
2011-01-12,1.2971,1.3145,1.2959,1.3134,0.012410390811685712,1
2011-01-13,1.3132,1.3383,1.3085,1.3363,0.017435663164306447,1
2011-01-14,1.3363,1.3457,1.3313,1.3386,0.001721170395869276,0
2011-01-17,1.3383,1.3384,1.3242,1.3293,-0.0069475571492604304,1
2011-01-18,1.3293,1.3466,1.325,1.3386,0.006996163394267674,1
2011-01-19,1.3386,1.3539,1.3365,1.3473,0.006499327655759668,0
2011-01-20,1.3446,1.3523,1.3394,1.3471,-0.0001484450382245317,1
2011-01-21,1.3468,1.3625,1.3446,1.3619,0.010986563729493026,1
2011-01-24,1.364,1.3686,1.3537,1.3638,0.0013951097731108586,1
2011-01-25,1.3637,1.3704,1.357,1.3681,0.0031529549787361333,1
2011-01-26,1.3682,1.3722,1.3639,1.3712,0.002265916234193366,1
2011-01-27,1.3712,1.3758,1.3635,1.3732,0.0014585764294048342,0
2011-01-28,1.3733,1.3746,1.3581,1.3609,-0.008957180308767798,1
2011-01-31,1.3586,1.3739,1.3568,1.3692,0.0060989051363067315,1
2011-02-01,1.3691,1.3842,1.3686,1.3829,0.010005842827928824,0
2011-02-02,1.3828,1.3861,1.3765,1.3808,-0.0015185479788849543,0
2011-02-03,1.3807,1.3825,1.3607,1.363,-0.012891077636152937,0
2011-02-04,1.3632,1.3673,1.354,1.3582,-0.003521643433602284,1
2011-02-07,1.3562,1.3626,1.3506,1.3583,7.362685907819078e-05,1
2011-02-08,1.3582,1.3688,1.357,1.3624,0.003018478981079209,1
2011-02-09,1.3625,1.3744,1.3608,1.3733,0.008000587199060494,0
2011-02-10,1.3731,1.3736,1.3575,1.3599,-0.009757518386368513,0
2011-02-11,1.3599,1.3621,1.3495,1.3547,-0.0038238105743070294,0
2011-02-14,1.3506,1.3558,1.3426,1.3485,-0.004576659038901587,0
2011-02-15,1.3488,1.3551,1.3459,1.3485,0.0,1
2011-02-16,1.3484,1.3588,1.346,1.3569,0.0062291434927697065,1
2011-02-17,1.3568,1.3619,1.3533,1.3607,0.002800501142309786,1
2011-02-18,1.3608,1.3715,1.3543,1.3693,0.006320276328360297,0
2011-02-21,1.3699,1.3716,1.3644,1.3674,-0.0013875702913898058,0
2011-02-22,1.3677,1.3704,1.3523,1.3651,-0.0016820242796548035,1
2011-02-23,1.3649,1.379,1.3644,1.3744,0.006812687715185728,1
2011-02-24,1.3746,1.3821,1.3702,1.3799,0.0040017462165307105,0
2011-02-25,1.3798,1.3838,1.372,1.3748,-0.003695919994202379,1
2011-02-28,1.3754,1.3856,1.3709,1.3804,0.004073319755600879,0
2011-03-01,1.3822,1.3854,1.376,1.3776,-0.0020283975659229903,1
2011-03-02,1.3776,1.389,1.3741,1.3866,0.006533101045296252,1
2011-03-03,1.386,1.3972,1.383,1.3966,0.007211885186787725,1
2011-03-04,1.3968,1.4006,1.394,1.3986,0.001432049262494628,0
2011-03-07,1.3989,1.4036,1.3951,1.3968,-0.0012870012870013214,0
2011-03-08,1.3968,1.399,1.386,1.3904,-0.004581901489117968,1
2011-03-09,1.3903,1.3942,1.3855,1.3907,0.00021576524741084846,0
2011-03-10,1.3907,1.3925,1.3772,1.3797,-0.00790968576975637,1
2011-03-11,1.3797,1.3915,1.375,1.3901,0.007537870551569181,1
2011-03-14,1.3969,1.4003,1.39,1.399,0.006402417092295609,1
2011-03-15,1.3988,1.4013,1.3853,1.3996,0.00042887776983557835,0
2011-03-16,1.3999,1.4001,1.3864,1.3927,-0.004929979994284017,1
2011-03-17,1.393,1.4052,1.3867,1.4016,0.006390464565232845,1
2011-03-18,1.4018,1.4184,1.3977,1.418,0.01170091324200917,1
2011-03-21,1.4173,1.424,1.4137,1.4218,0.002679830747531753,0
2011-03-22,1.4217,1.425,1.4175,1.4195,-0.0016176677451118504,0
2011-03-23,1.4198,1.4215,1.4074,1.4093,-0.007185628742514938,1
2011-03-24,1.4097,1.422,1.405,1.417,0.005463705385652551,0
2011-03-25,1.4172,1.4193,1.4051,1.4085,-0.005998588567395879,0
2011-03-28,1.4043,1.4115,1.4018,1.4082,-0.00021299254526108147,1
2011-03-29,1.4082,1.415,1.4046,1.4109,0.0019173412867492523,1
2011-03-30,1.4109,1.4147,1.405,1.4126,0.0012049046707776068,1
2011-03-31,1.4124,1.4233,1.4113,1.4169,0.003044032280900444,1
2011-04-01,1.4173,1.4245,1.406,1.4231,0.00437574987649092,0
2011-04-04,1.4228,1.4268,1.419,1.422,-0.0007729604384794087,0
2011-04-05,1.4211,1.4245,1.4151,1.422,0.0,1
2011-04-06,1.422,1.4349,1.4214,1.433,0.007735583684950864,0
2011-04-07,1.433,1.4336,1.4242,1.4302,-0.0019539427773901386,1
2011-04-08,1.4304,1.4488,1.4287,1.4479,0.012375891483708656,0
2011-04-11,1.4451,1.4483,1.4418,1.4431,-0.0033151460736238203,1
2011-04-12,1.4434,1.452,1.4375,1.4477,0.0031875822881297644,0
2011-04-13,1.4475,1.452,1.4411,1.444,-0.00255577813082819,1
2011-04-14,1.4441,1.4515,1.4363,1.4486,0.0031855955678672387,0
2011-04-15,1.4486,1.4503,1.4389,1.4429,-0.003934833632472712,0
2011-04-18,1.4416,1.4421,1.4155,1.4225,-0.014138193915032238,1
2011-04-19,1.423,1.4353,1.4203,1.4335,0.007732864674868223,1
2011-04-20,1.4332,1.4547,1.4325,1.4521,0.012975235437739707,1
2011-04-21,1.4518,1.465,1.4502,1.4553,0.002203704978996024,1
2011-04-22,1.4553,1.4589,1.4531,1.4559,0.00041228612657184804,1
2011-04-25,1.4563,1.4627,1.4522,1.4579,0.001373720722577021,1
2011-04-26,1.4579,1.4657,1.4491,1.4645,0.00452705946909937,1
2011-04-27,1.4644,1.4795,1.463,1.4771,0.00860361898258799,1
2011-04-28,1.4771,1.4882,1.4768,1.4824,0.003588111840769015,0
2011-04-29,1.4823,1.488,1.4797,1.4809,-0.00101187263896374,1
2011-05-02,1.4826,1.4901,1.4762,1.4822,0.000877844553987428,0
2011-05-03,1.4822,1.489,1.475,1.4821,-6.746727837003696e-05,1
2011-05-04,1.482,1.494,1.4772,1.4827,0.00040483098306443033,0
2011-05-05,1.4827,1.49,1.4507,1.4541,-0.01928913468672011,0
2011-05-06,1.4541,1.4588,1.4306,1.4321,-0.015129633450244206,1
2011-05-09,1.4362,1.4442,1.4252,1.4352,0.0021646533063335305,1
2011-05-10,1.4355,1.4414,1.4267,1.4409,0.003971571906354443,0
2011-05-11,1.4409,1.4423,1.4168,1.4199,-0.01457422444305656,1
2011-05-12,1.4201,1.4277,1.412,1.4241,0.002957954785548278,0
2011-05-13,1.4241,1.4339,1.4064,1.411,-0.009198792219647367,1
2011-05-16,1.4076,1.4246,1.4045,1.416,0.003543586109142405,1
2011-05-17,1.416,1.424,1.4119,1.4236,0.005367231638418124,1
2011-05-18,1.4237,1.4288,1.4192,1.425,0.0009834223096376604,1
2011-05-19,1.4251,1.4325,1.4204,1.4308,0.004070175438596557,0
2011-05-20,1.4313,1.4345,1.4129,1.4156,-0.010623427453173129,0
2011-05-23,1.4133,1.4144,1.3966,1.4044,-0.00791183950268426,1
2011-05-24,1.4047,1.4134,1.3998,1.4102,0.004129877527769832,0
2011-05-25,1.4102,1.4118,1.401,1.408,-0.0015600624024960652,1
2011-05-26,1.4083,1.4206,1.4065,1.4133,0.0037642045454546746,1
2011-05-27,1.4134,1.4324,1.4122,1.431,0.012523880280195243,0
2011-05-30,1.4308,1.4312,1.4255,1.4286,-0.0016771488469601303,1
2011-05-31,1.4285,1.4424,1.4284,1.4394,0.007559848803023961,0
2011-06-01,1.4412,1.446,1.4305,1.433,-0.00444629706822286,1
2011-06-02,1.4328,1.4513,1.4322,1.4491,0.011235170969992936,1
2011-06-03,1.449,1.4642,1.4449,1.4636,0.010006210751500877,0
2011-06-06,1.463,1.466,1.4555,1.4578,-0.003962831374692555,1
2011-06-07,1.4578,1.4696,1.456,1.4686,0.007408423652078389,0
2011-06-08,1.4688,1.4693,1.4562,1.4578,-0.007353942530300861,0
2011-06-09,1.4579,1.4652,1.4476,1.4513,-0.004458773494306456,0
2011-06-10,1.4511,1.455,1.4321,1.4346,-0.011506924826018006,1
2011-06-13,1.4331,1.443,1.4319,1.4415,0.004809703053115788,1
2011-06-14,1.4417,1.4497,1.4376,1.4442,0.0018730489073881529,0
2011-06-15,1.4442,1.4451,1.4153,1.4164,-0.01924941143885872,1
2011-06-16,1.4167,1.422,1.407,1.4212,0.003388873199660969,1
2011-06-17,1.4215,1.4339,1.4125,1.43,0.006191950464396134,1
2011-06-20,1.4276,1.4327,1.4189,1.4308,0.0005594405594406826,1
2011-06-21,1.4308,1.4433,1.43,1.4401,0.006499860218059705,0
2011-06-22,1.4387,1.4442,1.4329,1.4336,-0.004513575446149498,0
2011-06-23,1.4334,1.4337,1.4124,1.4262,-0.005161830357142905,0
2011-06-24,1.4265,1.4306,1.414,1.4186,-0.005328845884167599,1
2011-06-27,1.4186,1.4293,1.41,1.4286,0.0070492034400113646,1
2011-06-28,1.4285,1.4396,1.4235,1.4367,0.005669886602267971,1
2011-06-29,1.4367,1.4448,1.4328,1.4432,0.004524256977796348,1
2011-06-30,1.4433,1.4537,1.4425,1.4491,0.00408813747228387,1
2011-07-01,1.4473,1.4551,1.4436,1.4523,0.002208267200331182,1
2011-07-04,1.4537,1.4577,1.4494,1.454,0.0011705570474420668,0
2011-07-05,1.4539,1.4553,1.4397,1.4421,-0.00818431911966988,0
2011-07-06,1.4423,1.4466,1.4286,1.4316,-0.007281048470979767,1
2011-07-07,1.4315,1.4374,1.4219,1.4359,0.0030036322995250497,0
2011-07-08,1.4358,1.4369,1.4205,1.4264,-0.006616059614179326,0
2011-07-11,1.4221,1.4227,1.3985,1.4045,-0.01535333707234987,0
2011-07-12,1.4043,1.4061,1.3837,1.3967,-0.005553577785688879,1
2011-07-13,1.3966,1.4241,1.3949,1.4233,0.01904489153003497,0
2011-07-14,1.4226,1.4282,1.4114,1.4146,-0.0061125553291645485,1
2011-07-15,1.4143,1.4199,1.4091,1.4149,0.00021207408454682053,0
2011-07-18,1.4127,1.4134,1.4013,1.4103,-0.003251113152872964,1
2011-07-19,1.4103,1.4217,1.4067,1.4153,0.0035453449620648225,1
2011-07-20,1.4153,1.4239,1.4131,1.422,0.004733978661767724,1
2011-07-21,1.422,1.4438,1.4138,1.4418,0.013924050632911467,0
2011-07-22,1.4421,1.4437,1.4323,1.4354,-0.004438895824663613,1
2011-07-25,1.4399,1.4406,1.4323,1.4377,0.001602340810923808,1
2011-07-26,1.4377,1.4525,1.4356,1.4511,0.00932044237323515,0
2011-07-27,1.451,1.4536,1.4338,1.4368,-0.009854593067328166,0
2011-07-28,1.4366,1.44,1.4252,1.4327,-0.002853563474387477,1
2011-07-29,1.4326,1.4413,1.4228,1.4398,0.004955678090318827,0
2011-08-01,1.4358,1.4453,1.4183,1.4253,-0.010070843172662824,0
2011-08-02,1.4255,1.4283,1.415,1.4189,-0.004490282747491747,1
2011-08-03,1.4185,1.4371,1.4142,1.4359,0.011981112129114013,0
2011-08-04,1.4363,1.4368,1.4088,1.4091,-0.01866425238526359,1
2011-08-05,1.4089,1.4297,1.4054,1.4278,0.013270882123341154,0
2011-08-08,1.4368,1.4401,1.4128,1.4165,-0.007914273707802066,1
2011-08-09,1.4166,1.4397,1.415,1.4391,0.01595481821390754,0
2011-08-10,1.4391,1.4401,1.4159,1.4162,-0.015912723229796533,1
2011-08-11,1.4153,1.4294,1.4101,1.4237,0.0052958621663607985,1
2011-08-12,1.4236,1.4291,1.4148,1.4245,0.0005619161340171264,1
2011-08-15,1.4264,1.4477,1.4262,1.4448,0.014250614250614246,0
2011-08-16,1.4442,1.4467,1.4353,1.4399,-0.0033914728682171713,1
2011-08-17,1.4399,1.4517,1.4324,1.4424,0.0017362316827556068,0
2011-08-18,1.4423,1.4452,1.4269,1.4322,-0.007071547420965052,1
2011-08-19,1.4324,1.4453,1.4257,1.4393,0.004957408183214662,0
2011-08-22,1.4374,1.4434,1.4345,1.4355,-0.0026401723059821247,1
2011-08-23,1.4355,1.45,1.4352,1.4434,0.0055033089515847955,0
2011-08-24,1.4434,1.4481,1.4378,1.4407,-0.0018705833448801057,0
2011-08-25,1.4409,1.4474,1.4327,1.4372,-0.002429374609564827,1
2011-08-26,1.4374,1.4501,1.4328,1.4498,0.008767047035903142,1
2011-08-29,1.4484,1.4548,1.4406,1.4513,0.001034625465581529,0
2011-08-30,1.4513,1.4533,1.4383,1.4437,-0.005236684351960341,0
2011-08-31,1.4438,1.4468,1.4359,1.4379,-0.004017455149961879,0
2011-09-01,1.4363,1.4401,1.4225,1.426,-0.008275957994297256,0
2011-09-02,1.4259,1.4288,1.4183,1.4207,-0.0037166900420756432,0
2011-09-05,1.4162,1.4173,1.4059,1.4094,-0.007953825578939977,0
2011-09-06,1.4093,1.4275,1.3973,1.4002,-0.006527600397332245,1
2011-09-07,1.3994,1.4149,1.3992,1.4094,0.006570489930010082,0
2011-09-08,1.4094,1.4096,1.3871,1.3884,-0.01489995742869299,0
2011-09-09,1.3887,1.3936,1.3626,1.3656,-0.01642178046672438,1
2011-09-12,1.3576,1.3693,1.3501,1.3659,0.0002196836555359294,1
2011-09-13,1.3659,1.3739,1.3557,1.3679,0.0014642360348489092,1
2011-09-14,1.3678,1.3783,1.359,1.3741,0.004532495065428854,1
2011-09-15,1.374,1.3936,1.3702,1.3882,0.01026126191689114,0
2011-09-16,1.3879,1.3884,1.3752,1.3792,-0.006483215674974896,0
2011-09-19,1.3675,1.372,1.3584,1.3675,-0.008483178654292378,1
2011-09-20,1.368,1.3742,1.3592,1.3701,0.00190127970749554,0
2011-09-21,1.37,1.3788,1.3557,1.3585,-0.008466535289395005,0
2011-09-22,1.3585,1.3601,1.3383,1.3459,-0.009274935590725009,1
2011-09-23,1.3457,1.3567,1.3417,1.3499,0.002971989003640596,1
2011-09-26,1.3508,1.355,1.3362,1.3525,0.0019260685976738579,1
2011-09-27,1.3527,1.3668,1.3478,1.3588,0.004658040665434404,0
2011-09-28,1.3585,1.369,1.3521,1.3525,-0.0046364439211068476,1
2011-09-29,1.3528,1.3679,1.3518,1.3581,0.0041404805914972975,0
2011-09-30,1.3581,1.3601,1.3383,1.3386,-0.014358294676386163,0
2011-10-03,1.3362,1.3453,1.3162,1.3183,-0.015165097863439447,1
2011-10-04,1.3191,1.3368,1.3145,1.3337,0.011681711294849517,1
2011-10-05,1.3337,1.3383,1.3259,1.3349,0.0008997525680436436,1
2011-10-06,1.3347,1.345,1.324,1.3427,0.005843134317177423,0
2011-10-07,1.3427,1.3524,1.336,1.3376,-0.0037983168243093113,1
2011-10-10,1.3388,1.3698,1.3376,1.3636,0.01943779904306231,1
2011-10-11,1.3633,1.3683,1.3564,1.3647,0.0008066881783515001,1
2011-10-12,1.365,1.3833,1.3579,1.3778,0.009599179306807315,0
2011-10-13,1.3777,1.3826,1.3684,1.3769,-0.0006532152707213745,1
2011-10-14,1.3771,1.3894,1.3722,1.3875,0.0076984530466990275,0
2011-10-17,1.3877,1.3914,1.3723,1.3734,-0.010162162162162147,0
2011-10-18,1.3736,1.3817,1.3652,1.3734,0.0,1
2011-10-19,1.3734,1.3867,1.3723,1.3759,0.0018202999854375346,1
2011-10-20,1.3756,1.3843,1.3655,1.3775,0.001162875208954084,1
2011-10-21,1.3776,1.3901,1.3703,1.3892,0.008493647912885649,1
2011-10-24,1.3869,1.3956,1.3821,1.393,0.0027353872732507334,0
2011-10-25,1.3932,1.396,1.3848,1.3909,-0.0015075376884422509,0
2011-10-26,1.391,1.3973,1.3798,1.3894,-0.0010784384211661724,1
2011-10-27,1.3894,1.4246,1.3863,1.4183,0.020800345472866022,0
2011-10-28,1.4183,1.4201,1.4133,1.4146,-0.0026087569625606877,0
2011-10-31,1.415,1.4171,1.3828,1.3857,-0.02042980347801504,0
2011-11-01,1.3851,1.3937,1.3607,1.3696,-0.011618676481200851,1
2011-11-02,1.3696,1.3828,1.3635,1.3747,0.0037237149532711733,1
2011-11-03,1.3746,1.3855,1.3654,1.3812,0.004728304357314306,0
2011-11-04,1.3813,1.3868,1.3711,1.3789,-0.0016652186504488853,0
2011-11-07,1.3826,1.3831,1.368,1.3775,-0.001015302052360667,1
2011-11-08,1.3755,1.3847,1.3723,1.3832,0.004137931034482678,0
2011-11-09,1.3831,1.3859,1.3521,1.3541,-0.02103817235396177,1
2011-11-10,1.3541,1.3652,1.3483,1.3603,0.004578686950742261,1
2011-11-11,1.3604,1.3795,1.3577,1.3746,0.010512386973461796,0
2011-11-14,1.3807,1.3808,1.359,1.3633,-0.008220573257675001,0
2011-11-15,1.3632,1.3641,1.3495,1.3536,-0.007115088388469193,0
2011-11-16,1.3538,1.3556,1.3427,1.3464,-0.005319148936170137,0
2011-11-17,1.346,1.354,1.342,1.3457,-0.0005199049316697568,1
2011-11-18,1.3454,1.3614,1.345,1.3522,0.004830199895965004,0
2011-11-21,1.351,1.354,1.3429,1.3492,-0.0022186067149830846,1
2011-11-22,1.3487,1.3568,1.3468,1.3506,0.0010376519418915375,0
2011-11-23,1.3503,1.3531,1.3319,1.334,-0.012290833703539117,1
2011-11-24,1.3341,1.3411,1.3316,1.3345,0.00037481259370308884,0
2011-11-25,1.3346,1.3352,1.3211,1.3234,-0.008317721993255978,1
2011-11-28,1.3319,1.3398,1.3271,1.3317,0.0062717243463807915,0
2011-11-29,1.3318,1.3441,1.3284,1.3316,-7.509198768507197e-05,1
2011-11-30,1.3316,1.3532,1.3258,1.3445,0.009687593872033773,1
2011-12-01,1.3451,1.3521,1.3416,1.3461,0.0011900334696912651,0
2011-12-02,1.3459,1.3548,1.3362,1.3392,-0.005125919322487293,1
2011-12-05,1.3422,1.3486,1.3374,1.3398,0.0004480286738353101,1
2011-12-06,1.3401,1.3428,1.3332,1.34,0.00014927601134506752,1
2011-12-07,1.3401,1.3453,1.3349,1.3411,0.0008208955223880654,0
2011-12-08,1.3411,1.3459,1.3287,1.3342,-0.005145030199090184,1
2011-12-09,1.3339,1.3434,1.328,1.3384,0.0031479538300105414,0
2011-12-12,1.3377,1.3381,1.3162,1.3187,-0.014719067543335407,0
2011-12-13,1.3187,1.3236,1.3008,1.3035,-0.011526503374535424,0
2011-12-14,1.3036,1.3064,1.2947,1.2982,-0.004065976217874967,1
2011-12-15,1.2981,1.305,1.2957,1.3015,0.0025419812047451362,1
2011-12-16,1.3036,1.3083,1.2995,1.3041,0.0019976949673452538,0
2011-12-19,1.3039,1.3043,1.298,1.2997,-0.0033739743884670936,1
2011-12-20,1.2997,1.3132,1.2991,1.3081,0.00646302992998371,0
2011-12-21,1.308,1.3196,1.3024,1.3046,-0.002675636419234073,1
2011-12-22,1.3047,1.3119,1.3015,1.3048,0.000153303694619078,0
2011-12-23,1.305,1.3096,1.3025,1.3045,-0.00022992029429791394,1
2011-12-26,1.3041,1.3082,1.3029,1.3058,0.0009965504024531668,1
2011-12-27,1.3055,1.3083,1.3041,1.3069,0.0008423954663807631,0
2011-12-28,1.3068,1.308,1.2911,1.294,-0.009870686357028036,1
2011-12-29,1.2939,1.2965,1.2857,1.2959,0.001468315301391021,0
2011-12-30,1.296,1.2998,1.2902,1.2956,-0.00023149934408517314,0
2012-01-02,1.2937,1.2963,1.2915,1.2932,-0.00185242358752713,1
2012-01-03,1.2933,1.3077,1.293,1.305,0.009124652025982005,0
2012-01-04,1.3049,1.3073,1.2897,1.2944,-0.00812260536398468,0
2012-01-05,1.2939,1.2946,1.277,1.2789,-0.0119746600741657,0
2012-01-06,1.2786,1.2812,1.2696,1.2716,-0.005708030338572145,1
2012-01-09,1.2695,1.2785,1.2664,1.2765,0.003853413022963048,1
2012-01-10,1.2764,1.2818,1.2742,1.2775,0.0007833920877400313,0
2012-01-11,1.2777,1.2789,1.2661,1.2707,-0.005322896281800493,1
2012-01-12,1.2706,1.2844,1.2698,1.2813,0.008341858817974446,0
2012-01-13,1.2817,1.2878,1.2625,1.2673,-0.010926402872083019,0
2012-01-16,1.2634,1.2687,1.2624,1.2666,-0.0005523554012468734,1
2012-01-17,1.2666,1.2808,1.2648,1.2735,0.005447655139744212,1
2012-01-18,1.2734,1.2868,1.2733,1.2862,0.009972516686297617,1
2012-01-19,1.2862,1.2972,1.2838,1.2968,0.008241331052713408,0
2012-01-20,1.2967,1.2986,1.2887,1.2929,-0.0030074028377544693,1
2012-01-23,1.2874,1.3052,1.2874,1.3016,0.006729058705236435,1
2012-01-24,1.3011,1.3062,1.2952,1.3035,0.0014597418561770326,1
2012-01-25,1.3034,1.312,1.293,1.3105,0.00537015726889134,1
2012-01-26,1.3104,1.3183,1.3088,1.3107,0.0001526135062952516,1
2012-01-27,1.3105,1.3233,1.3075,1.3216,0.008316166933699742,0
2012-01-30,1.3224,1.3225,1.3076,1.3141,-0.0056749394673123454,0
2012-01-31,1.3144,1.3213,1.3042,1.308,-0.004641960276995705,1
2012-02-01,1.3075,1.3218,1.3025,1.3157,0.005886850152905243,0
2012-02-02,1.3159,1.3197,1.3085,1.3143,-0.0010640723569202981,1
2012-02-03,1.3143,1.3205,1.3066,1.3156,0.0009891196834816984,0
2012-02-06,1.3116,1.3142,1.3026,1.3131,-0.0019002736394041486,1
2012-02-07,1.313,1.327,1.3088,1.326,0.0098240804203793,0
2012-02-08,1.326,1.3288,1.3221,1.3258,-0.00015082956259426794,1
2012-02-09,1.326,1.3321,1.3214,1.3285,0.002036506260371107,0
2012-02-10,1.3285,1.3291,1.3154,1.3196,-0.0066992849077907035,0
2012-02-13,1.3206,1.3284,1.3185,1.3185,-0.0008335859351319419,0
2012-02-14,1.3186,1.3216,1.3079,1.313,-0.004171406901782415,0
2012-02-15,1.3132,1.3191,1.3044,1.3066,-0.004874333587204793,1
2012-02-16,1.3065,1.3158,1.2973,1.3133,0.00512781264350215,1
2012-02-17,1.313,1.3197,1.3113,1.3143,0.0007614406457017164,1
2012-02-20,1.318,1.3277,1.317,1.324,0.007380354561363545,0
2012-02-21,1.3241,1.3293,1.3186,1.3235,-0.0003776435045318438,1
2012-02-22,1.3232,1.3266,1.321,1.325,0.0011333585190782536,1
2012-02-23,1.3247,1.3379,1.323,1.3371,0.009132075471698142,1
2012-02-24,1.3369,1.3485,1.3355,1.3448,0.005758731583277221,0
2012-02-27,1.3462,1.3479,1.3365,1.3397,-0.0037923854848305183,1
2012-02-28,1.3396,1.3471,1.3388,1.3462,0.004851832499813469,0
2012-02-29,1.3457,1.3485,1.3315,1.3323,-0.01032536027336206,0
2012-03-01,1.3318,1.3356,1.3282,1.3311,-0.0009006980409818066,0
2012-03-02,1.3309,1.3333,1.3185,1.32,-0.008338967771016392,1
2012-03-05,1.3191,1.324,1.3159,1.3216,0.00121212121212122,0
2012-03-06,1.3216,1.3226,1.3102,1.3113,-0.007793583535109061,1
2012-03-07,1.311,1.3164,1.3096,1.3148,0.002669106993060444,1
2012-03-08,1.3148,1.3291,1.3134,1.3274,0.009583206571341707,0
2012-03-09,1.3272,1.3277,1.3094,1.312,-0.011601627241223378,1
2012-03-12,1.3111,1.3158,1.3076,1.3147,0.0020579268292681974,0
2012-03-13,1.3149,1.3191,1.3051,1.3079,-0.00517228265003411,0
2012-03-14,1.3081,1.309,1.3009,1.3027,-0.0039758391314321795,1
2012-03-15,1.3029,1.3118,1.3001,1.3077,0.0038381822368926954,1
2012-03-16,1.3078,1.3187,1.3047,1.3175,0.007494073564273007,1
2012-03-19,1.3181,1.3264,1.314,1.3236,0.004629981024668162,0
2012-03-20,1.3236,1.3252,1.3172,1.3223,-0.0009821698398307932,0
2012-03-21,1.3221,1.3284,1.3178,1.3211,-0.0009075096422900275,0
2012-03-22,1.3212,1.3254,1.3134,1.3196,-0.0011354174551508889,1
2012-03-23,1.3196,1.3291,1.3189,1.3268,0.0054561988481356405,1
2012-03-26,1.3267,1.3368,1.3191,1.3357,0.00670786855592409,0
2012-03-27,1.3354,1.3385,1.3311,1.3319,-0.002844950213371278,0
2012-03-28,1.3319,1.3374,1.3275,1.3314,-0.00037540355882581533,0
2012-03-29,1.3314,1.3345,1.3251,1.3298,-0.0012017425266634962,1
2012-03-30,1.3298,1.3376,1.3295,1.3338,0.003007971123477171,0
2012-04-02,1.3356,1.338,1.3277,1.3316,-0.0016494227020544816,0
2012-04-03,1.3316,1.3367,1.3212,1.3235,-0.006082907780114111,0
2012-04-04,1.3235,1.3238,1.3105,1.3139,-0.007253494522100334,0
2012-04-05,1.314,1.3164,1.3034,1.306,-0.00601263414262887,1
2012-04-06,1.3062,1.3112,1.305,1.3095,0.0026799387442573153,1
2012-04-09,1.3097,1.3133,1.3031,1.3109,0.001069110347460711,0
2012-04-10,1.3108,1.3144,1.3053,1.3081,-0.002135937142421218,1
2012-04-11,1.3082,1.3157,1.3063,1.311,0.002216955890222305,1
2012-04-12,1.3108,1.3213,1.3101,1.3183,0.005568268497330386,0
2012-04-13,1.3187,1.3201,1.3067,1.3075,-0.008192368960024177,1
2012-04-16,1.3069,1.3147,1.2994,1.3133,0.004435946462715057,0
2012-04-17,1.3131,1.3172,1.3088,1.3127,-0.00045686438742098545,0
2012-04-18,1.3127,1.3141,1.3057,1.3118,-0.0006856098118380727,1
2012-04-19,1.3119,1.3164,1.3069,1.3134,0.0012196981247138972,1
2012-04-20,1.3135,1.3227,1.3127,1.322,0.006547890970001635,0
2012-04-23,1.3191,1.321,1.3104,1.3155,-0.0049167927382754995,1
2012-04-24,1.3155,1.3218,1.3143,1.3194,0.0029646522234891837,1
2012-04-25,1.3193,1.3236,1.3172,1.3223,0.002197968773685055,0
2012-04-26,1.3221,1.3263,1.3179,1.319,-0.0024956515162973814,1
2012-04-27,1.3189,1.327,1.3156,1.3255,0.004927975739196233,0
2012-04-30,1.324,1.3266,1.3207,1.3241,-0.0010562052055826943,0
2012-05-01,1.324,1.3284,1.3203,1.3238,-0.0002265689902575252,0
2012-05-02,1.3237,1.3241,1.3122,1.3154,-0.006345369391146827,0
2012-05-03,1.3154,1.3179,1.3096,1.3151,-0.00022806750798232134,0
2012-05-04,1.3149,1.3178,1.3073,1.3082,-0.005246749296631381,0
2012-05-07,1.3027,1.3065,1.2953,1.3057,-0.0019110227793914802,0
2012-05-08,1.3056,1.3065,1.2981,1.2999,-0.004442061729340585,0
2012-05-09,1.2999,1.3006,1.2911,1.2932,-0.0051542426340488445,0
2012-05-10,1.2933,1.298,1.2922,1.2931,-7.732755954226178e-05,0
2012-05-11,1.2931,1.2957,1.2904,1.2919,-0.000928002474673173,0
2012-05-14,1.2885,1.2904,1.2819,1.2825,-0.007276104961684404,0
2012-05-15,1.2826,1.2869,1.272,1.2735,-0.007017543859649034,0
2012-05-16,1.2733,1.2759,1.2679,1.2716,-0.0014919513152729103,0
2012-05-17,1.2715,1.2749,1.2665,1.2683,-0.002595155709342656,1
2012-05-18,1.268,1.2794,1.264,1.2778,0.0074903414018765435,1
2012-05-21,1.2777,1.2825,1.2724,1.2808,0.0023477852559086188,0
2012-05-22,1.2808,1.2817,1.2657,1.2678,-0.010149906308557055,0
2012-05-23,1.268,1.2687,1.2544,1.2586,-0.007256665089130809,0
2012-05-24,1.2586,1.2619,1.2515,1.2535,-0.0040521214047353205,0
2012-05-25,1.2533,1.2602,1.2495,1.2512,-0.0018348623853210455,1
2012-05-28,1.2571,1.2619,1.2523,1.2539,0.0021579283887467327,0
2012-05-29,1.2539,1.2572,1.2461,1.2485,-0.0043065635218120235,0
2012-05-30,1.2487,1.2494,1.236,1.2367,-0.009451341609931996,0
2012-05-31,1.2369,1.2428,1.2335,1.2359,-0.0006468828333466847,1
2012-06-01,1.2351,1.2453,1.2287,1.2432,0.005906626749737187,1
2012-06-04,1.2432,1.251,1.2383,1.2495,0.0050675675675675436,0
2012-06-05,1.2495,1.2542,1.2409,1.245,-0.0036014405762304635,1
2012-06-06,1.245,1.2585,1.2438,1.2576,0.010120481927710756,0
2012-06-07,1.2576,1.2624,1.2539,1.2562,-0.0011132315521629188,0
2012-06-08,1.2564,1.2575,1.2434,1.2504,-0.00461709918802744,0
2012-06-11,1.2653,1.2668,1.2463,1.2465,-0.0031190019193858554,1
2012-06-12,1.2469,1.2529,1.2441,1.2504,0.0031287605294825216,1
2012-06-13,1.2498,1.2609,1.2472,1.2564,0.004798464491362786,1
2012-06-14,1.2565,1.2637,1.254,1.2627,0.005014326647564404,1
2012-06-15,1.2627,1.2664,1.2589,1.2636,0.0007127583749109156,0
2012-06-18,1.2741,1.2747,1.2556,1.2576,-0.0047483380816714105,1
2012-06-19,1.2576,1.273,1.2567,1.2686,0.008746819338422362,1
2012-06-20,1.267,1.2742,1.2637,1.27,0.0011035787482265302,0
2012-06-21,1.2699,1.2701,1.253,1.2546,-0.012125984251968536,1
2012-06-22,1.2548,1.2583,1.2517,1.257,0.0019129603060736855,0
2012-06-25,1.2552,1.2559,1.247,1.2501,-0.00548926014319806,0
2012-06-26,1.2499,1.253,1.2441,1.2491,-0.000799936005119517,0
2012-06-27,1.2489,1.2508,1.2443,1.2465,-0.002081498679049054,0
2012-06-28,1.2468,1.252,1.2406,1.2441,-0.0019253910950661757,1
2012-06-29,1.244,1.2692,1.2431,1.266,0.017603086568603876,0
2012-07-02,1.267,1.2673,1.2566,1.2584,-0.006003159557661952,1
2012-07-03,1.2583,1.2627,1.2558,1.2605,0.0016687857596948685,0
2012-07-04,1.2605,1.2607,1.2507,1.2526,-0.006267354224514077,0
2012-07-05,1.2526,1.2538,1.2363,1.239,-0.010857416573526901,0
2012-07-06,1.2392,1.2401,1.2259,1.2281,-0.00879741727199368,1
2012-07-09,1.2266,1.2324,1.2254,1.2313,0.0026056510056184923,0
2012-07-10,1.2315,1.2334,1.2233,1.2251,-0.005035328514578108,0
2012-07-11,1.225,1.2296,1.2212,1.224,-0.0008978858868664563,0
2012-07-12,1.2242,1.2248,1.2166,1.22,-0.0032679738562091387,1
2012-07-13,1.2199,1.2256,1.2161,1.2243,0.0035245901639344712,1
2012-07-16,1.225,1.229,1.2173,1.2269,0.0021236625010210286,1
2012-07-17,1.227,1.2316,1.2188,1.2287,0.001467112234085688,0
2012-07-18,1.2289,1.2306,1.2215,1.2278,-0.0007324814844956729,0
2012-07-19,1.2283,1.2323,1.2227,1.2275,-0.00024433946896884606,0
2012-07-20,1.2272,1.2283,1.2142,1.2154,-0.009857433808553973,0
2012-07-23,1.2121,1.2144,1.2065,1.2113,-0.003373375020569336,0
2012-07-24,1.2115,1.2138,1.2041,1.206,-0.004375464377115557,1
2012-07-25,1.2061,1.2169,1.2052,1.2149,0.007379767827529138,1
2012-07-26,1.2149,1.2329,1.2116,1.2278,0.010618157873075962,1
2012-07-27,1.2279,1.239,1.224,1.2321,0.003502199055220645,0
2012-07-30,1.2301,1.231,1.2224,1.2256,-0.005275545816086358,1
2012-07-31,1.2254,1.2329,1.2247,1.2297,0.0033453002610965843,0
2012-08-01,1.2298,1.2336,1.2216,1.2228,-0.0056111246645522694,0
2012-08-02,1.2228,1.2403,1.2132,1.2183,-0.003680078508341622,1
2012-08-03,1.2182,1.2392,1.2165,1.2386,0.01666256258721166,1
2012-08-06,1.2393,1.2443,1.234,1.24,0.0011303084127241014,0
2012-08-07,1.2398,1.2442,1.2374,1.2397,-0.00024193548387096975,0
2012-08-08,1.2397,1.2402,1.2325,1.2364,-0.0026619343389530092,0
2012-08-09,1.2363,1.2387,1.2265,1.2301,-0.005095438369459693,0
2012-08-10,1.2303,1.2316,1.224,1.2288,-0.0010568246484026211,1
2012-08-13,1.2286,1.2373,1.226,1.2332,0.0035807291666667407,0
2012-08-14,1.2332,1.2385,1.2315,1.2318,-0.0011352578657152224,0
2012-08-15,1.2318,1.2343,1.2262,1.2286,-0.0025978243221302932,1
2012-08-16,1.2285,1.2373,1.2254,1.2356,0.005697541917629945,0
2012-08-17,1.2355,1.2382,1.2287,1.2321,-0.0028326319197151673,1
2012-08-20,1.2338,1.2369,1.2293,1.2345,0.0019478938397856638,1
2012-08-21,1.2346,1.2487,1.2343,1.247,0.010125556905629995,1
2012-08-22,1.2469,1.2538,1.2429,1.2529,0.00473135525260604,1
2012-08-23,1.253,1.2589,1.2521,1.2564,0.0027935190358368,0
2012-08-24,1.2563,1.2568,1.248,1.2512,-0.004138809296402313,0
2012-08-27,1.2507,1.2535,1.2488,1.2496,-0.0012787723785167016,1
2012-08-28,1.2496,1.2576,1.2464,1.2564,0.005441741357234298,0
2012-08-29,1.2564,1.2573,1.2517,1.2527,-0.002944921999363248,0
2012-08-30,1.2531,1.2564,1.2486,1.2502,-0.001995689311087956,1
2012-08-31,1.2505,1.2637,1.2492,1.2576,0.005919052951527837,1
2012-09-03,1.258,1.2611,1.2558,1.2586,0.0007951653944020531,0
2012-09-04,1.2587,1.2628,1.2554,1.2564,-0.001747973939297598,1
2012-09-05,1.2566,1.2624,1.2499,1.26,0.002865329512893977,1
2012-09-06,1.2601,1.2651,1.256,1.2631,0.002460317460317274,1
2012-09-07,1.2632,1.2828,1.2623,1.2815,0.0145673343361572,0
2012-09-10,1.2806,1.2808,1.2752,1.2758,-0.004447912602419057,1
2012-09-11,1.2758,1.2871,1.2755,1.2851,0.007289543815645061,1
2012-09-12,1.2848,1.2936,1.2815,1.2898,0.003657302933623985,1
2012-09-13,1.2899,1.3002,1.2855,1.2985,0.006745231818886532,1
2012-09-14,1.2985,1.3168,1.2979,1.3137,0.011705814401232306,0
2012-09-17,1.3124,1.3172,1.3081,1.3112,-0.00190302199893444,0
2012-09-18,1.3113,1.3119,1.3027,1.3044,-0.005186089078706435,1
2012-09-19,1.3043,1.3085,1.2991,1.3045,7.66636001225951e-05,0
2012-09-20,1.3045,1.3059,1.2918,1.2964,-0.006209275584515117,1
2012-09-21,1.2965,1.3047,1.2955,1.2971,0.0005399568034556435,0
2012-09-24,1.2979,1.298,1.2889,1.2929,-0.0032379924446842567,0
2012-09-25,1.2931,1.297,1.2885,1.2904,-0.0019336375589759092,0
2012-09-26,1.2903,1.2913,1.2834,1.2872,-0.002479851208927575,1
2012-09-27,1.2873,1.2928,1.2828,1.2913,0.0031852082038532625,0
2012-09-28,1.2913,1.2959,1.2837,1.2857,-0.0043367149384340165,1
2012-10-01,1.2814,1.2938,1.2803,1.2886,0.0022555806175623694,1
2012-10-02,1.2886,1.2967,1.2878,1.2915,0.002250504423405353,0
2012-10-03,1.2916,1.2937,1.2876,1.2909,-0.0004645760743322569,1
2012-10-04,1.2908,1.3031,1.2904,1.3017,0.008366256100395209,1
2012-10-05,1.3016,1.3071,1.2992,1.3029,0.0009218713989398442,0
2012-10-08,1.3022,1.3025,1.2936,1.2965,-0.004912119118888558,0
2012-10-09,1.2967,1.2991,1.2857,1.2882,-0.006401851137678327,0
2012-10-10,1.2882,1.2913,1.2834,1.285,-0.002484086321999812,1
2012-10-11,1.2851,1.2951,1.2824,1.2931,0.006303501945525314,1
2012-10-12,1.2929,1.2991,1.2919,1.2953,0.0017013378702344095,0
2012-10-15,1.2955,1.2979,1.2889,1.2942,-0.0008492241179648419,1
2012-10-16,1.2948,1.3098,1.294,1.3097,0.011976510585690159,1
2012-10-17,1.3095,1.3139,1.3081,1.3115,0.0013743605405818204,0
2012-10-18,1.3114,1.3129,1.3054,1.3067,-0.00365993137628684,0
2012-10-19,1.3067,1.3076,1.3012,1.3022,-0.0034437896992423056,1
2012-10-22,1.3023,1.3083,1.3013,1.3063,0.0031485178927967983,0
2012-10-23,1.3065,1.3075,1.295,1.2984,-0.00604761540228127,0
2012-10-24,1.2984,1.2997,1.2919,1.2968,-0.0012322858903266454,0
2012-10-25,1.2969,1.3023,1.2926,1.294,-0.002159161011721089,0
2012-10-26,1.2941,1.2956,1.2881,1.2935,-0.00038639876352386526,0
2012-10-29,1.294,1.2943,1.2884,1.2901,-0.002628527251642865,1
2012-10-30,1.2902,1.2983,1.2884,1.2962,0.004728315634446867,0
2012-10-31,1.2962,1.302,1.2944,1.2955,-0.0005400401172658276,0
2012-11-01,1.2955,1.2982,1.2923,1.2939,-0.0012350443844075798,0
2012-11-02,1.294,1.2951,1.282,1.2841,-0.007574001082000126,0
2012-11-05,1.2815,1.2842,1.2766,1.2794,-0.0036601510785764235,1
2012-11-06,1.2795,1.2826,1.2762,1.2812,0.0014069094888227163,0
2012-11-07,1.2812,1.2876,1.2734,1.277,-0.0032781767093349456,0
2012-11-08,1.2755,1.2776,1.2716,1.2745,-0.0019577133907595634,0
2012-11-09,1.2745,1.279,1.2689,1.2709,-0.0028246371125931757,0
2012-11-12,1.271,1.2739,1.2695,1.2708,-7.868439688407669e-05,0
2012-11-13,1.2708,1.2728,1.2659,1.2703,-0.00039345294302794986,1
2012-11-14,1.2703,1.2778,1.2697,1.2735,0.0025190899787452814,1
2012-11-15,1.2735,1.2802,1.2715,1.2779,0.0034550451511581315,0
2012-11-16,1.2778,1.2784,1.2689,1.274,-0.003051881993896277,1
2012-11-19,1.2747,1.282,1.2736,1.2814,0.005808477237048804,1
2012-11-20,1.2812,1.2829,1.2763,1.2816,0.00015607928827843232,1
2012-11-21,1.2816,1.2833,1.2735,1.2829,0.0010143570536826907,1
2012-11-22,1.2828,1.2899,1.2824,1.2885,0.004365110296983499,1
2012-11-23,1.2882,1.299,1.2866,1.2976,0.0070624757469928134,0
2012-11-26,1.2966,1.2984,1.2941,1.2971,-0.000385326757090132,0
2012-11-27,1.2969,1.3009,1.2914,1.2943,-0.0021586616297895045,1
2012-11-28,1.2941,1.2954,1.2879,1.2952,0.0006953565633933678,1
2012-11-29,1.2951,1.3014,1.2937,1.2978,0.002007411982705598,1
2012-11-30,1.2978,1.3027,1.2966,1.2985,0.0005393743257819938,1
2012-12-03,1.2982,1.3075,1.298,1.3051,0.005082787832114022,1
2012-12-04,1.3053,1.3108,1.3043,1.3095,0.003371389165581329,0
2012-12-05,1.3092,1.3126,1.3059,1.3064,-0.0023673157693776536,0
2012-12-06,1.3067,1.3086,1.2948,1.2969,-0.007271892222902698,0
2012-12-07,1.2969,1.2973,1.2875,1.2923,-0.0035469195774538997,1
2012-12-10,1.2888,1.2946,1.2884,1.294,0.0013154840207383334,1
2012-12-11,1.2939,1.3015,1.2925,1.3005,0.00502318392581147,1
2012-12-12,1.3005,1.3097,1.2992,1.3073,0.005228758169934622,1
2012-12-13,1.3072,1.31,1.3038,1.3076,0.00022948060888872135,1
2012-12-14,1.3075,1.3173,1.3063,1.316,0.0064239828693790635,1
2012-12-17,1.3165,1.3188,1.3142,1.3161,7.598784194517982e-05,1
2012-12-18,1.3161,1.3238,1.3153,1.3227,0.005014816503305264,0
2012-12-19,1.3228,1.3308,1.322,1.3225,-0.00015120586678762926,1
2012-12-20,1.3226,1.3295,1.3187,1.3243,0.001361058601134335,0
2012-12-21,1.3243,1.3252,1.3156,1.3187,-0.004228649097636539,0
2012-12-24,1.3174,1.3233,1.3167,1.3185,-0.00015166451808601433,0
2012-12-25,1.3184,1.3207,1.3168,1.3181,-0.0003033750474022989,1
2012-12-26,1.3181,1.3254,1.3169,1.3222,0.0031105378954556784,1
2012-12-27,1.3222,1.3283,1.3199,1.3235,0.0009832098018454083,0
2012-12-28,1.3234,1.3256,1.3164,1.3217,-0.00136003022289366,0
2012-12-31,1.3212,1.3235,1.317,1.3192,-0.0018915033668761572,1
2013-01-01,1.319,1.322,1.3179,1.32,0.0006064281382656134,0
2013-01-02,1.3203,1.3299,1.3155,1.3184,-0.00121212121212122,0
2013-01-03,1.3184,1.319,1.3045,1.3048,-0.010315533980582603,1
2013-01-04,1.3047,1.3089,1.2996,1.3066,0.0013795217657879277,1
2013-01-07,1.3075,1.3119,1.3015,1.3116,0.003826725853359969,0
2013-01-08,1.3114,1.314,1.3055,1.308,-0.0027447392497712553,0
2013-01-09,1.308,1.3095,1.3035,1.3063,-0.0012996941896025183,1
2013-01-10,1.3048,1.3268,1.3036,1.3267,0.015616627114751536,1
2013-01-11,1.3271,1.3365,1.3247,1.3342,0.005653124293359513,1
2013-01-14,1.3359,1.3404,1.3334,1.3383,0.0030730025483436396,0
2013-01-15,1.3379,1.3393,1.3263,1.3304,-0.0059030112829709935,0
2013-01-16,1.3304,1.3325,1.3256,1.3287,-0.0012778111846061257,1
2013-01-17,1.3288,1.3388,1.3267,1.3377,0.006773538044705374,0
2013-01-18,1.3376,1.3398,1.3278,1.3313,-0.004784331314943491,0
2013-01-21,1.3308,1.3332,1.3296,1.3311,-0.00015022909937656426,1
2013-01-22,1.3312,1.3371,1.3265,1.3321,0.0007512583577493626,0
2013-01-23,1.3321,1.3354,1.3262,1.3318,-0.00022520831769379246,1
2013-01-24,1.3317,1.3392,1.3284,1.3375,0.004279921910196549,1
2013-01-25,1.3375,1.3478,1.3349,1.3457,0.006130841121495312,0
2013-01-28,1.3464,1.3477,1.3423,1.3451,-0.000445864605781332,1
2013-01-29,1.3454,1.3497,1.3413,1.349,0.0028994126830719225,1
2013-01-30,1.3489,1.3587,1.3479,1.3564,0.0054855448480355395,1
2013-01-31,1.3566,1.3593,1.3539,1.3576,0.0008846947803007321,1
2013-02-01,1.3574,1.3711,1.357,1.3639,0.0046405421331761065,0
2013-02-04,1.3654,1.3658,1.3503,1.3508,-0.009604809736784126,1
2013-02-05,1.3514,1.3597,1.3457,1.3581,0.005404204915605559,0
2013-02-06,1.3583,1.3596,1.3493,1.3521,-0.004417936823503443,0
2013-02-07,1.3521,1.3577,1.3369,1.3396,-0.009244878337401174,0
2013-02-08,1.3395,1.3428,1.335,1.3364,-0.0023887727679903215,1
2013-02-11,1.3369,1.3427,1.3356,1.3401,0.002768632146064043,1
2013-02-12,1.3404,1.3475,1.3363,1.3452,0.00380568614282506,0
2013-02-13,1.3454,1.352,1.3425,1.3449,-0.000223015165031204,0
2013-02-14,1.3451,1.3455,1.3314,1.3361,-0.006543237415421177,0
2013-02-15,1.3357,1.3393,1.3305,1.3357,-0.0002993787890127608,0
2013-02-18,1.3346,1.3379,1.332,1.3351,-0.000449202665269266,1
2013-02-19,1.335,1.3396,1.3326,1.3386,0.002621526477417424,0
2013-02-20,1.3387,1.3434,1.327,1.3283,-0.0076946063050948865,0
2013-02-21,1.328,1.329,1.316,1.3188,-0.0071519987954529185,0
2013-02-22,1.319,1.3244,1.3144,1.3187,-7.582650894755183e-05,0
2013-02-25,1.3215,1.3318,1.3047,1.3058,-0.009782361416546537,1
2013-02-26,1.3062,1.3121,1.3017,1.3062,0.0003063256241384593,1
2013-02-27,1.306,1.3147,1.304,1.3135,0.005588730669116471,0
2013-02-28,1.3137,1.3162,1.305,1.3056,-0.006014465169394634,0
2013-03-01,1.3056,1.3101,1.2965,1.302,-0.0027573529411765163,1
2013-03-04,1.301,1.3031,1.298,1.3025,0.00038402457757302777,1
2013-03-05,1.3026,1.3075,1.3009,1.305,0.0019193857965451588,0
2013-03-06,1.3048,1.307,1.2963,1.2966,-0.006436781609195363,1
2013-03-07,1.2966,1.3118,1.2963,1.3107,0.010874595094863437,0
2013-03-08,1.3106,1.3134,1.2954,1.3001,-0.008087281605249075,1
2013-03-11,1.2995,1.3053,1.2977,1.3045,0.0033843550496115427,0
2013-03-12,1.3045,1.3074,1.299,1.3024,-0.0016098121885780303,0
2013-03-13,1.3028,1.3065,1.2922,1.2957,-0.0051443488943488935,1
2013-03-14,1.2961,1.3032,1.291,1.3002,0.003473026163463677,1
2013-03-15,1.3001,1.3107,1.2997,1.3076,0.005691432087371329,0
2013-03-18,1.2908,1.3076,1.288,1.2959,-0.00894769042520649,0
2013-03-19,1.2957,1.297,1.2841,1.2866,-0.0071764796666410335,1
2013-03-20,1.2866,1.2977,1.2854,1.2941,0.005829317581221849,0
2013-03-21,1.2943,1.2955,1.2878,1.2893,-0.003709141488293155,1
2013-03-22,1.2895,1.301,1.2886,1.2988,0.007368339408981628,0
2013-03-25,1.2961,1.3048,1.2829,1.2845,-0.011010163227594738,1
2013-03-26,1.2848,1.289,1.2828,1.2855,0.0007785130400934648,0
2013-03-27,1.2855,1.2867,1.275,1.2776,-0.006145468689225941,1
2013-03-28,1.2778,1.2844,1.2753,1.2814,0.0029743268628679154,1
2013-03-29,1.2814,1.2837,1.2792,1.2819,0.00039019822069596977,1
2013-04-01,1.2809,1.2867,1.2769,1.2842,0.0017942117169826854,0
2013-04-02,1.2843,1.2877,1.2807,1.2821,-0.001635259305404091,1
2013-04-03,1.2822,1.2864,1.2788,1.2842,0.0016379377583650712,1
2013-04-04,1.2842,1.2949,1.2746,1.2932,0.007008254166017691,1
2013-04-05,1.2932,1.304,1.2897,1.2989,0.004407670893906701,1
2013-04-08,1.2992,1.3037,1.2967,1.3017,0.0021556701824620994,1
2013-04-09,1.3017,1.3103,1.3002,1.3079,0.0047630022278559725,0
2013-04-10,1.308,1.3122,1.305,1.3068,-0.000841042893187649,1
2013-04-11,1.3067,1.3138,1.3041,1.3107,0.0029843893480256956,0
2013-04-12,1.3106,1.3126,1.3036,1.3107,0.0,0
2013-04-15,1.3104,1.3109,1.3021,1.3045,-0.004730296787975874,1
2013-04-16,1.3046,1.3199,1.3027,1.3178,0.01019547719432734,0
2013-04-17,1.3179,1.3198,1.3,1.3035,-0.01085141903171949,1
2013-04-18,1.3035,1.3096,1.3019,1.305,0.0011507479861909697,1
2013-04-19,1.3052,1.3127,1.3045,1.3053,0.00022988505747134624,1
2013-04-22,1.3063,1.3084,1.3014,1.3061,0.0006128859266070208,0
2013-04-23,1.3061,1.3083,1.2972,1.3,-0.004670392772375798,1
2013-04-24,1.3001,1.3033,1.2954,1.3012,0.0009230769230768043,0
2013-04-25,1.3011,1.3093,1.2988,1.3009,-0.00023055640946811895,1
2013-04-26,1.3009,1.3046,1.299,1.3029,0.0015373971865630942,1
2013-04-29,1.3059,1.3115,1.3029,1.3093,0.004912119118888558,1
2013-04-30,1.3093,1.3185,1.3053,1.3166,0.005575498357901276,1
2013-05-01,1.3166,1.3242,1.3158,1.3184,0.0013671578307763443,0
2013-05-02,1.3182,1.3214,1.3037,1.3062,-0.00925364077669899,1
2013-05-03,1.3062,1.3158,1.3033,1.3114,0.003981013627315733,0
2013-05-06,1.3118,1.314,1.3052,1.3073,-0.0031264297697117804,1
2013-05-07,1.3073,1.3131,1.3064,1.3078,0.0003824676814809802,1
2013-05-08,1.3078,1.3194,1.307,1.3157,0.0060406790029057245,0
2013-05-09,1.3159,1.3177,1.3008,1.3044,-0.008588584023713652,0
2013-05-10,1.3043,1.305,1.2934,1.2992,-0.003986507206378498,0
2013-05-13,1.2977,1.2999,1.2941,1.2981,-0.0008466748768471977,0
2013-05-14,1.2982,1.3028,1.2915,1.2931,-0.0038517833757030218,0
2013-05-15,1.2931,1.2942,1.2842,1.288,-0.003944010517361263,1
2013-05-16,1.2879,1.2929,1.2845,1.2883,0.00023291925465840357,0
2013-05-17,1.2882,1.289,1.2795,1.2838,-0.0034929752386866353,1
2013-05-20,1.2844,1.2901,1.2818,1.2883,0.0035052188814457264,1
2013-05-21,1.2884,1.2933,1.284,1.2905,0.0017076767833579254,0
2013-05-22,1.2905,1.2998,1.2832,1.2852,-0.00410693529639683,1
2013-05-23,1.2851,1.2955,1.282,1.2932,0.0062247121070651,0
2013-05-24,1.2932,1.2992,1.2903,1.2932,0.0,1
2013-05-27,1.2934,1.2944,1.2933,1.2937,0.0003866377977113089,0
2013-05-28,1.2932,1.2949,1.2848,1.2852,-0.006570302233902869,1
2013-05-29,1.2852,1.2977,1.2837,1.2939,0.006769374416433438,1
2013-05-30,1.2938,1.3061,1.2931,1.3045,0.008192286884612265,0
2013-05-31,1.3045,1.3059,1.2943,1.2993,-0.003986201609812223,1
2013-06-03,1.299,1.3106,1.2952,1.3069,0.005849303471099798,1
2013-06-04,1.307,1.31,1.3041,1.3081,0.0009182033820491764,1
2013-06-05,1.3081,1.3115,1.3052,1.3092,0.0008409143031877786,1
2013-06-06,1.3091,1.3305,1.3073,1.3238,0.011151848457073177,0
2013-06-07,1.3238,1.3283,1.3191,1.3216,-0.0016618824595859838,1
2013-06-10,1.3203,1.3268,1.3175,1.3256,0.003026634382566451,1
2013-06-11,1.3278,1.3317,1.323,1.3312,0.004224502112251116,1
2013-06-12,1.3313,1.3359,1.3264,1.3338,0.001953125000000222,1
2013-06-13,1.3337,1.339,1.3277,1.3372,0.002549107812265694,0
2013-06-14,1.3372,1.3373,1.3294,1.3345,-0.002019144481005042,1
2013-06-17,1.3348,1.3381,1.3316,1.3363,0.0013488197826900805,1
2013-06-18,1.3361,1.3415,1.3323,1.3394,0.002319838359649662,0
2013-06-19,1.3393,1.3415,1.3261,1.3295,-0.007391369269822312,0
2013-06-20,1.3296,1.3302,1.3161,1.3226,-0.005189921022940913,0
2013-06-21,1.3225,1.3253,1.3098,1.3115,-0.008392560108876346,1
2013-06-24,1.3104,1.3144,1.3057,1.3122,0.0005337399923750485,0
2013-06-25,1.3123,1.315,1.3063,1.3081,-0.0031245237006554127,0
2013-06-26,1.3081,1.3087,1.2984,1.3007,-0.005657059857809066,1
2013-06-27,1.3007,1.3056,1.2998,1.3037,0.0023064503728762453,0
2013-06-28,1.3035,1.3103,1.299,1.302,-0.0013039809772187327,1
2013-07-01,1.3014,1.3069,1.3003,1.3061,0.003149001536098206,0
2013-07-02,1.3062,1.3077,1.2963,1.2982,-0.006048541459306334,1
2013-07-03,1.2979,1.3031,1.2921,1.3009,0.0020798028038822025,0
2013-07-04,1.3007,1.3023,1.2882,1.2912,-0.007456376354831318,0
2013-07-05,1.2912,1.2917,1.2806,1.2827,-0.006583023543990096,1
2013-07-08,1.2822,1.2842,1.2818,1.2842,0.0011694082794106997,0
2013-07-09,1.2857,1.2895,1.2757,1.2786,-0.004360691481077761,1
2013-07-10,1.2785,1.3023,1.2765,1.3023,0.018535898639136628,1
2013-07-11,1.3016,1.3199,1.3007,1.3094,0.005451892805037106,0
2013-07-12,1.3092,1.3098,1.3002,1.3062,-0.002443867420192314,1
2013-07-15,1.3067,1.3076,1.2991,1.3066,0.0003062318174857914,1
2013-07-16,1.3065,1.317,1.3052,1.3151,0.006505433950711792,0
2013-07-17,1.3156,1.317,1.3086,1.3122,-0.002205155501482703,0
2013-07-18,1.3123,1.3125,1.3066,1.3111,-0.0008382868465173221,1
2013-07-19,1.311,1.3147,1.3088,1.3139,0.0021356113187400716,1
2013-07-22,1.3136,1.3216,1.3136,1.3184,0.003424918182510117,1
2013-07-23,1.3183,1.3234,1.3163,1.3222,0.0028822815533979806,0
2013-07-24,1.3222,1.3255,1.3177,1.3196,-0.0019664196036908166,1
2013-07-25,1.3198,1.3294,1.3167,1.3275,0.005986662625037775,0
2013-07-26,1.3276,1.3294,1.3252,1.3275,0.0,0
2013-07-29,1.3279,1.3293,1.324,1.326,-0.001129943502824693,1
2013-07-30,1.3262,1.3296,1.3237,1.3263,0.0002262443438914019,1
2013-07-31,1.3263,1.3343,1.3217,1.3296,0.0024881248586292593,0
2013-08-01,1.3299,1.331,1.3198,1.3209,-0.006543321299638971,1
2013-08-02,1.3211,1.3292,1.319,1.3276,0.005072299189946117,0
2013-08-05,1.3279,1.3299,1.3234,1.3261,-0.0011298583910814841,1
2013-08-06,1.326,1.3321,1.3246,1.3307,0.0034688183394917527,1
2013-08-07,1.3305,1.3343,1.3266,1.3336,0.0021793041256481516,1
2013-08-08,1.3336,1.3399,1.3327,1.338,0.003299340131973638,0
2013-08-09,1.338,1.3388,1.3334,1.3335,-0.0033632286995517457,0
2013-08-12,1.3337,1.3342,1.3277,1.3298,-0.002774653168353791,0
2013-08-13,1.3299,1.3314,1.3235,1.326,-0.002857572567303346,0
2013-08-14,1.3262,1.3278,1.3239,1.3257,-0.0002262443438914019,1
2013-08-15,1.3257,1.336,1.3208,1.335,0.007015161801312342,0
2013-08-16,1.3349,1.3378,1.3311,1.3328,-0.0016479400749063178,1
2013-08-19,1.3334,1.3372,1.3315,1.3335,0.0005252100840336116,1
2013-08-20,1.3335,1.345,1.3323,1.3417,0.006149231346081807,0
2013-08-21,1.3417,1.3427,1.3339,1.3356,-0.004546470895133048,0
2013-08-22,1.3357,1.3372,1.3298,1.3355,-7.48727163821794e-05,1
2013-08-23,1.3354,1.3407,1.3335,1.3381,0.0019468363908650144,0
2013-08-26,1.3382,1.339,1.3357,1.3369,-0.0008967939615873721,1
2013-08-27,1.337,1.3397,1.3326,1.3389,0.0014959982048021736,0
2013-08-28,1.3391,1.3397,1.3305,1.3339,-0.0037344088430800726,0
2013-08-29,1.334,1.3342,1.3219,1.3237,-0.007646750131194202,0
2013-08-30,1.324,1.3252,1.3179,1.3218,-0.0014353705522399673,0
2013-09-02,1.3212,1.3225,1.3183,1.3194,-0.001815705855651495,0
2013-09-03,1.3193,1.3196,1.3141,1.3165,-0.002197968773684944,1
2013-09-04,1.3166,1.3217,1.3159,1.3202,0.002810482339536735,0
2013-09-05,1.3204,1.3219,1.3111,1.3117,-0.006438418421451209,1
2013-09-06,1.3117,1.3187,1.3103,1.3177,0.004574216665396147,1
2013-09-09,1.3173,1.3278,1.3165,1.3252,0.005691735599908876,1
2013-09-10,1.3253,1.3274,1.323,1.3265,0.0009809840024148642,1
2013-09-11,1.3264,1.3321,1.3244,1.331,0.0033923859781379573,0
2013-09-12,1.331,1.3324,1.3255,1.3298,-0.0009015777610817954,0
2013-09-13,1.3299,1.3319,1.3256,1.329,-0.000601594224695523,1
2013-09-16,1.3366,1.3383,1.3329,1.3335,0.003386004514672747,1
2013-09-17,1.3334,1.3368,1.3325,1.3357,0.00164979377577823,1
2013-09-18,1.3358,1.3539,1.3338,1.3507,0.011230066631728652,1
2013-09-19,1.3508,1.3567,1.35,1.3528,0.001554749389205634,0
2013-09-20,1.3529,1.3548,1.3498,1.3522,-0.00044352454169127586,0
2013-09-23,1.353,1.3543,1.348,1.3493,-0.002144653157816978,0
2013-09-24,1.3492,1.3515,1.3464,1.3469,-0.001778700066701222,1
2013-09-25,1.3471,1.3534,1.3463,1.3521,0.003860717202464947,0
2013-09-26,1.3521,1.3525,1.3473,1.3486,-0.00258856593447232,1
2013-09-27,1.3487,1.3563,1.3473,1.3522,0.00266943496959815,0
2013-09-30,1.348,1.3555,1.3477,1.3522,0.0,0
2013-10-01,1.3521,1.3585,1.3517,1.3522,0.0,1
2013-10-02,1.3523,1.3604,1.3506,1.3581,0.004363259872799841,1
2013-10-03,1.3581,1.3644,1.3577,1.3621,0.002945291215668888,0
2013-10-04,1.3622,1.363,1.3541,1.3556,-0.004772043168636775,1
2013-10-07,1.3562,1.359,1.3542,1.3576,0.0014753614635585333,0
2013-10-08,1.3577,1.3605,1.3557,1.3573,-0.00022097819681787811,0
2013-10-09,1.3572,1.3603,1.3489,1.3522,-0.0037574596625653545,1
2013-10-10,1.3522,1.3543,1.3488,1.3525,0.00022186067149831956,1
2013-10-11,1.3524,1.358,1.3519,1.3545,0.0014787430683917968,1
2013-10-14,1.3556,1.3595,1.3544,1.3558,0.0009597637504612511,0
2013-10-15,1.3558,1.357,1.348,1.3524,-0.002507744505089171,1
2013-10-16,1.3524,1.3567,1.3474,1.3536,0.0008873114463174847,1
2013-10-17,1.3533,1.3679,1.3516,1.3673,0.010121158392434992,1
2013-10-18,1.3671,1.3703,1.3659,1.3682,0.0006582315512324577,0
2013-10-21,1.3682,1.3688,1.3651,1.3676,-0.0004385323783073769,1
2013-10-22,1.3678,1.3791,1.3662,1.3777,0.0073852003509797814,0
2013-10-23,1.3778,1.3792,1.3742,1.3775,-0.00014516948537413032,1
2013-10-24,1.3774,1.3824,1.3768,1.3799,0.0017422867513612328,1
2013-10-25,1.3797,1.3831,1.3775,1.3803,0.0002898760779768139,0
2013-10-28,1.3806,1.3817,1.3776,1.3785,-0.001304064333840449,0
2013-10-29,1.3784,1.3812,1.3737,1.3746,-0.0028291621327529715,0
2013-10-30,1.3744,1.3779,1.3697,1.3737,-0.0006547359231777738,0
2013-10-31,1.3734,1.3738,1.3576,1.3586,-0.010992210817500125,0
2013-11-01,1.3587,1.3589,1.3478,1.3486,-0.007360518180479891,1
2013-11-04,1.3486,1.3522,1.3445,1.3514,0.0020762271985761416,0
2013-11-05,1.3513,1.3521,1.3451,1.3474,-0.0029598934438360702,1
2013-11-06,1.3473,1.3544,1.3467,1.3512,0.0028202464004749572,0
2013-11-07,1.3515,1.3528,1.3303,1.3419,-0.006882770870337396,0
2013-11-08,1.3417,1.3434,1.3319,1.3369,-0.0037260600640882657,1
2013-11-11,1.3357,1.3414,1.3343,1.3405,0.002692796768643868,1
2013-11-12,1.3404,1.3454,1.3361,1.3434,0.002163371876165554,1
2013-11-13,1.3434,1.3494,1.3391,1.3486,0.003870775643888713,0
2013-11-14,1.3481,1.3497,1.342,1.3457,-0.0021503781699541147,1
2013-11-15,1.3459,1.3503,1.3432,1.3495,0.0028238091699488432,1
2013-11-18,1.3496,1.354,1.3473,1.3505,0.0007410151908116003,1
2013-11-19,1.3504,1.3543,1.3487,1.3538,0.0024435394298407687,0
2013-11-20,1.3537,1.3575,1.3417,1.3439,-0.007312749298271415,1
2013-11-21,1.3438,1.3484,1.34,1.348,0.003050822233797046,1
2013-11-22,1.3482,1.3557,1.3462,1.3557,0.005712166172106681,0
2013-11-25,1.3549,1.3559,1.3491,1.3516,-0.0030242679058788413,1
2013-11-26,1.3516,1.3574,1.3515,1.3572,0.004143237644273601,1
2013-11-27,1.3571,1.3611,1.3557,1.3579,0.0005157677571472341,1
2013-11-28,1.3577,1.3614,1.3564,1.3604,0.0018410781353559447,0
2013-11-29,1.3605,1.3621,1.3579,1.3586,-0.001323140252866839,0
2013-12-02,1.3586,1.3613,1.3525,1.3541,-0.0033122331812158734,1
2013-12-03,1.354,1.3611,1.3524,1.3589,0.0035447898973486325,1
2013-12-04,1.3588,1.36,1.3528,1.3592,0.00022076679667382137,1
2013-12-05,1.3591,1.3676,1.3546,1.3666,0.005444379046497971,1
2013-12-06,1.3666,1.3705,1.363,1.3704,0.0027806234450460376,1
2013-12-09,1.3713,1.3742,1.3694,1.3738,0.002481027437244432,1
2013-12-10,1.3737,1.3791,1.3734,1.3761,0.0016741883825885928,1
2013-12-11,1.376,1.3807,1.3742,1.3785,0.0017440592980160208,0
2013-12-12,1.3784,1.3802,1.3737,1.3752,-0.0023939064200217963,0
2013-12-13,1.3753,1.3768,1.3709,1.374,-0.0008726003490400203,1
2013-12-16,1.3727,1.3796,1.3726,1.376,0.0014556040756912303,1
2013-12-17,1.3761,1.3781,1.3726,1.3767,0.0005087209302325757,0
2013-12-18,1.3767,1.3804,1.3677,1.3684,-0.006028909711629282,0
2013-12-19,1.3683,1.3692,1.365,1.366,-0.0017538731365097648,1
2013-12-20,1.3662,1.3705,1.3625,1.3668,0.0005856515373352522,1
2013-12-23,1.3671,1.3713,1.3666,1.3695,0.0019754170324846054,0
2013-12-24,1.3696,1.3703,1.3655,1.3678,-0.001241328952172327,1
2013-12-25,1.3678,1.3705,1.3661,1.3679,7.311010381627625e-05,1
2013-12-26,1.368,1.3697,1.3665,1.3689,0.0007310475911983527,1
2013-12-27,1.369,1.3881,1.3686,1.3746,0.00416392724085024,1
2013-12-30,1.3755,1.3819,1.3726,1.3802,0.004073912410883285,0
2013-12-31,1.38,1.3811,1.3741,1.3741,-0.00441964932618466,1
2014-01-01,1.3741,1.3767,1.3741,1.3752,0.0008005239793318353,0
2014-01-02,1.3759,1.3775,1.3629,1.367,-0.005962769051774286,0
2014-01-03,1.3669,1.3672,1.3582,1.3586,-0.006144842721287458,1
2014-01-06,1.3591,1.3651,1.3571,1.3627,0.003017812453996793,0
2014-01-07,1.3627,1.3654,1.3596,1.3614,-0.0009539884053717529,0
2014-01-08,1.3615,1.3635,1.3555,1.3573,-0.0030116057000146856,1
2014-01-09,1.3574,1.3629,1.3552,1.3605,0.0023576217490606233,1
2014-01-10,1.3606,1.3685,1.3574,1.3668,0.004630650496141087,1
2014-01-13,1.3677,1.3683,1.3638,1.3671,0.00021949078138705502,1
2014-01-14,1.367,1.3696,1.3649,1.3678,0.0005120327700971483,0
2014-01-15,1.3677,1.368,1.3581,1.3605,-0.005337037578593273,1
2014-01-16,1.3603,1.3648,1.3583,1.3619,0.0010290334435869575,0
2014-01-17,1.3618,1.3619,1.3517,1.3537,-0.006021000073426985,1
2014-01-20,1.3537,1.3567,1.3507,1.3551,0.0010342025559577639,1
2014-01-21,1.3556,1.3566,1.3517,1.3559,0.0005903623348830767,0
2014-01-22,1.3559,1.358,1.3535,1.3545,-0.0010325245224575008,1
2014-01-23,1.3545,1.3697,1.3532,1.3695,0.011074197120708673,0
2014-01-24,1.3695,1.3733,1.3665,1.3678,-0.001241328952172327,0
2014-01-27,1.3677,1.3712,1.3654,1.3673,-0.0003655505190817143,0
2014-01-28,1.3672,1.3688,1.3629,1.3668,-0.0003656841951290568,0
2014-01-29,1.3668,1.3683,1.3603,1.3662,-0.0004389815627743321,0
2014-01-30,1.366,1.3665,1.3545,1.3554,-0.007905138339921014,0
2014-01-31,1.3554,1.3567,1.3479,1.3487,-0.0049431902021542795,1
2014-02-03,1.3481,1.3534,1.3476,1.3526,0.002891673463335076,0
2014-02-04,1.3526,1.3536,1.3492,1.3518,-0.0005914534969688745,1
2014-02-05,1.3517,1.355,1.3498,1.3531,0.0009616807220003132,1
2014-02-06,1.3533,1.3617,1.349,1.3589,0.004286453329391815,1
2014-02-07,1.3589,1.3639,1.3554,1.3631,0.003090735153432833,1
2014-02-10,1.3614,1.365,1.3614,1.3644,0.000953708458660385,0
2014-02-11,1.3643,1.3682,1.3629,1.3637,-0.0005130460275579729,0
2014-02-12,1.3638,1.3651,1.3562,1.3592,-0.0032998460071862468,1
2014-02-13,1.3592,1.3691,1.3583,1.3678,0.006327251324308447,1
2014-02-14,1.3679,1.3713,1.3673,1.3691,0.0009504313496124794,1
2014-02-17,1.3707,1.3722,1.3692,1.3706,0.001095610254912005,1
2014-02-18,1.3705,1.3766,1.3694,1.3757,0.003720998103020401,0
2014-02-19,1.3756,1.3772,1.3726,1.3733,-0.0017445664025587115,0
2014-02-20,1.3735,1.3762,1.3688,1.3717,-0.001165076822252975,1
2014-02-21,1.3718,1.3755,1.3702,1.3736,0.00138514252387556,0
2014-02-24,1.3732,1.3766,1.3708,1.3734,-0.00014560279557362943,1
2014-02-25,1.3735,1.3763,1.3717,1.3744,0.0007281199941751026,0
2014-02-26,1.3744,1.3756,1.3661,1.3686,-0.004220023282887064,1
2014-02-27,1.3685,1.3721,1.3642,1.3709,0.0016805494666081167,1
2014-02-28,1.3709,1.3823,1.3692,1.3797,0.0064191407104821074,0
2014-03-03,1.3757,1.3792,1.3726,1.3734,-0.004566210045662045,1
2014-03-04,1.3734,1.3779,1.3721,1.374,0.000436871996505106,0
2014-03-05,1.3742,1.3744,1.371,1.3732,-0.0005822416302766475,1
2014-03-06,1.3732,1.3871,1.3721,1.3859,0.009248470725313096,1
2014-03-07,1.3859,1.3913,1.3853,1.3873,0.001010173894220312,1
2014-03-10,1.3871,1.3896,1.3862,1.3876,0.0002162473870106485,0
2014-03-11,1.3877,1.3877,1.3835,1.3858,-0.0012972038051312085,1
2014-03-12,1.3859,1.3913,1.3843,1.39,0.0030307403665752464,0
2014-03-13,1.3902,1.3964,1.3845,1.387,-0.0021582733812949284,1
2014-03-14,1.387,1.3934,1.3847,1.3911,0.0029560201874549996,1
2014-03-17,1.3911,1.3945,1.388,1.3921,0.0007188555819135356,1
2014-03-18,1.3921,1.3936,1.3884,1.3933,0.0008620070397242774,0
2014-03-19,1.3933,1.3934,1.381,1.3815,-0.00846910213162999,0
2014-03-20,1.3819,1.3844,1.3751,1.3779,-0.002605863192182478,1
2014-03-21,1.3779,1.381,1.3767,1.3793,0.0010160388997750847,1
2014-03-24,1.3798,1.3865,1.376,1.3837,0.0031900239251794194,0
2014-03-25,1.3837,1.3845,1.3754,1.3824,-0.0009395100093949615,0
2014-03-26,1.3826,1.3827,1.3778,1.3784,-0.0028935185185184897,0
2014-03-27,1.3786,1.3794,1.373,1.374,-0.0031921067904816525,1
2014-03-28,1.374,1.3768,1.3706,1.3748,0.0005822416302765365,1
2014-03-31,1.3753,1.3804,1.3738,1.3773,0.001818446319464595,1
2014-04-01,1.3773,1.3813,1.3769,1.3793,0.0014521164597400826,0
2014-04-02,1.3793,1.3817,1.3752,1.3764,-0.0021025157688682183,0
2014-04-03,1.3765,1.3794,1.3699,1.3716,-0.0034873583260680574,0
2014-04-04,1.3717,1.3728,1.3675,1.3706,-0.0007290755322250098,1
2014-04-07,1.37,1.3748,1.3695,1.3741,0.0025536261491319046,1
2014-04-08,1.3741,1.381,1.3738,1.3794,0.0038570700822355697,1
2014-04-09,1.3794,1.3858,1.378,1.3853,0.004277221980571344,1
2014-04-10,1.3853,1.3898,1.3835,1.3887,0.002454342019779121,0
2014-04-11,1.3887,1.3904,1.3864,1.3884,-0.00021602937999565253,0
2014-04-14,1.3856,1.3861,1.3809,1.3818,-0.00475367329299925,0
2014-04-15,1.3819,1.3832,1.3793,1.3812,-0.0004342162396873128,1
2014-04-16,1.3812,1.3849,1.3804,1.3815,0.0002172024326672073,0
2014-04-17,1.3815,1.3863,1.3811,1.3813,-0.00014477017734348951,0
2014-04-18,1.3813,1.3821,1.3808,1.3808,-0.0003619778469556856,0
2014-04-21,1.3816,1.383,1.3787,1.3793,-0.0010863267670915278,1
2014-04-22,1.3794,1.3824,1.3783,1.3805,0.000870006525049094,1
2014-04-23,1.3805,1.3853,1.3799,1.3816,0.0007968127490038945,1
2014-04-24,1.3816,1.3839,1.3792,1.3831,0.0010856977417488256,0
2014-04-25,1.3831,1.3847,1.3827,1.3831,0.0,1
2014-04-28,1.3839,1.3878,1.3815,1.3849,0.0013014243366351597,0
2014-04-29,1.3849,1.3877,1.3806,1.3812,-0.002671673044985279,1
2014-04-30,1.3812,1.3875,1.3788,1.3863,0.00369244135534319,1
2014-05-01,1.3864,1.3889,1.3862,1.3867,0.00028853783452342796,1
2014-05-02,1.3867,1.388,1.3812,1.3869,0.00014422730222829472,1
2014-05-05,1.3873,1.3885,1.3863,1.3874,0.00036051625928323894,1
2014-05-06,1.3875,1.395,1.3871,1.3924,0.0036038633415020893,0
2014-05-07,1.3926,1.3938,1.3908,1.391,-0.0010054582016661984,0
2014-05-08,1.3911,1.399,1.3833,1.3839,-0.005104241552839728,0
2014-05-09,1.3839,1.3843,1.3745,1.3751,-0.0063588409567164605,1
2014-05-12,1.3756,1.3774,1.3749,1.3758,0.000509053886990074,0
2014-05-13,1.3758,1.3771,1.3688,1.3704,-0.003924989097252363,1
2014-05-14,1.3703,1.3729,1.3697,1.3713,0.0006567425569177221,0
2014-05-15,1.3714,1.3731,1.365,1.371,-0.00021877050973528878,0
2014-05-16,1.3709,1.3726,1.3685,1.3692,-0.0013129102844638973,1
2014-05-19,1.3697,1.3734,1.3693,1.3707,0.0010955302366346675,0
2014-05-20,1.3709,1.3713,1.368,1.3698,-0.0006565988181221893,0
2014-05-21,1.3698,1.3722,1.3646,1.3684,-0.0010220470141625304,0
2014-05-22,1.3685,1.3687,1.3645,1.3656,-0.0020461853259281515,0
2014-05-23,1.3656,1.3656,1.3616,1.3627,-0.002123608670181576,1
2014-05-26,1.3624,1.3653,1.3615,1.3643,0.0011741395758420037,0
2014-05-27,1.3644,1.3668,1.3613,1.3633,-0.000732976618045944,0
2014-05-28,1.3634,1.3637,1.3587,1.3592,-0.0030074084940951984,1
2014-05-29,1.3591,1.3624,1.3587,1.3601,0.0006621542083580234,1
2014-05-30,1.3601,1.3647,1.3597,1.3634,0.002426292184398049,0
2014-06-02,1.3629,1.3635,1.3588,1.3597,-0.0027138037259791803,1
2014-06-03,1.3596,1.3646,1.3593,1.3626,0.0021328234169302185,0
2014-06-04,1.3626,1.3636,1.3596,1.36,-0.0019081168354615485,1
2014-06-05,1.36,1.3666,1.3506,1.3663,0.004632352941176476,0
2014-06-06,1.3663,1.3674,1.362,1.3641,-0.0016101880992461792,0
2014-06-09,1.3645,1.3668,1.3582,1.3592,-0.0035921120152482278,0
2014-06-10,1.3591,1.36,1.3534,1.3546,-0.003384343731606787,0
2014-06-11,1.3545,1.3556,1.3521,1.3534,-0.0008858703676363211,1
2014-06-12,1.3534,1.3571,1.3512,1.3549,0.0011083197872026052,0
2014-06-13,1.355,1.3578,1.3521,1.3539,-0.0007380618495829161,1
2014-06-16,1.3538,1.3578,1.3513,1.3572,0.0024374030578329098,0
2014-06-17,1.3571,1.3586,1.3535,1.3545,-0.0019893899204243004,1
2014-06-18,1.3546,1.3595,1.354,1.3589,0.0032484311554079603,1
2014-06-19,1.3587,1.3642,1.3582,1.3606,0.001251011847818173,0
2014-06-20,1.3606,1.3633,1.3564,1.36,-0.0004409819197412901,1
2014-06-23,1.3595,1.3612,1.3575,1.3604,0.0002941176470587781,0
2014-06-24,1.3604,1.3627,1.3583,1.3603,-7.350779182591083e-05,1
2014-06-25,1.3602,1.3649,1.36,1.363,0.0019848562817024185,0
2014-06-26,1.363,1.3641,1.3577,1.3612,-0.0013206162876009397,1
2014-06-27,1.3611,1.3649,1.3609,1.3647,0.00257126065236557,1
2014-06-30,1.3644,1.3695,1.364,1.3692,0.0032974280061550676,0
2014-07-01,1.3693,1.3696,1.3675,1.3679,-0.0009494595384166304,0
2014-07-02,1.3679,1.3681,1.3642,1.3657,-0.0016083047006359985,0
2014-07-03,1.3656,1.3663,1.3598,1.3609,-0.0035146811159112445,0
2014-07-04,1.3608,1.3611,1.3585,1.3596,-0.0009552502020722109,1
2014-07-07,1.3593,1.3609,1.3575,1.3606,0.0007355104442483551,1
2014-07-08,1.3607,1.3617,1.3588,1.3611,0.0003674849331176677,1
2014-07-09,1.3612,1.3647,1.3602,1.364,0.00213062963779298,0
2014-07-10,1.364,1.365,1.359,1.3606,-0.002492668621700944,0
2014-07-11,1.3606,1.3623,1.3593,1.3605,-7.349698662351134e-05,1
2014-07-14,1.3605,1.3639,1.3597,1.3619,0.0010290334435869575,0
2014-07-15,1.362,1.3625,1.3563,1.3568,-0.0037447683383509123,0
2014-07-16,1.3567,1.3571,1.352,1.3525,-0.0031692216981131782,1
2014-07-17,1.3523,1.3538,1.3516,1.3526,7.393715341952323e-05,0
2014-07-18,1.3526,1.3535,1.3492,1.3524,-0.00014786337424221863,0
2014-07-21,1.3526,1.3548,1.3513,1.3523,-7.394262052651257e-05,0
2014-07-22,1.3523,1.3529,1.3461,1.3466,-0.004215041041189083,0
2014-07-23,1.3465,1.3474,1.3455,1.3463,-0.00022278330610425723,0
2014-07-24,1.346,1.3484,1.3441,1.3462,-7.427764985512564e-05,0
2014-07-25,1.3462,1.3475,1.3422,1.3434,-0.002079928688159316,1
2014-07-28,1.3429,1.3444,1.3425,1.344,0.00044662795891037277,0
2014-07-29,1.3437,1.3443,1.3404,1.3409,-0.002306547619047694,0
2014-07-30,1.3409,1.3415,1.3368,1.3394,-0.001118651651875635,0
2014-07-31,1.3394,1.34,1.3372,1.3387,-0.0005226220695833117,1
2014-08-01,1.3388,1.3443,1.3378,1.343,0.003212071412564299,0
2014-08-04,1.3426,1.343,1.3409,1.3422,-0.0005956813104988079,0
2014-08-05,1.3422,1.3424,1.3359,1.3371,-0.0037997317836389044,1
2014-08-06,1.3371,1.3386,1.3333,1.3383,0.0008974646623289839,0
2014-08-07,1.3383,1.3391,1.3339,1.3361,-0.0016438765598146832,1
2014-08-08,1.336,1.3431,1.3344,1.341,0.0036673901654067365,0
2014-08-11,1.3407,1.3407,1.3381,1.3384,-0.001938851603281111,0
2014-08-12,1.3384,1.3386,1.3337,1.3367,-0.0012701733413030825,0
2014-08-13,1.3367,1.3414,1.3344,1.3363,-0.00029924440787010287,0
2014-08-14,1.3362,1.3406,1.3348,1.3363,0.0,1
2014-08-15,1.3363,1.3409,1.3358,1.3398,0.002619172341540077,0
2014-08-18,1.3391,1.3398,1.3353,1.3361,-0.0027616062098820837,0
2014-08-19,1.3362,1.3363,1.3313,1.3318,-0.0032183219818875397,0
2014-08-20,1.3318,1.3325,1.3256,1.3258,-0.004505180958101818,1
2014-08-21,1.3257,1.3288,1.3241,1.3282,0.0018102277869964656,0
2014-08-22,1.3282,1.3296,1.3223,1.3245,-0.0027857250414095036,0
2014-08-25,1.3191,1.3209,1.3183,1.3189,-0.004228010570026419,0
2014-08-26,1.319,1.3213,1.3164,1.3168,-0.001592235954204213,1
2014-08-27,1.3167,1.3209,1.3153,1.3194,0.001974483596597798,0
2014-08-28,1.3193,1.3217,1.3161,1.3183,-0.0008337122934666263,0
2014-08-29,1.3182,1.3195,1.3131,1.3133,-0.003792763407418742,0
2014-09-01,1.3129,1.3145,1.3118,1.3128,-0.0003807203228507472,1
2014-09-02,1.3128,1.3135,1.311,1.3132,0.00030469226081653034,1
2014-09-03,1.3132,1.3159,1.3122,1.3148,0.0012183978068840418,0
2014-09-04,1.3149,1.3153,1.2925,1.2936,-0.016124125342257267,1
2014-09-05,1.2937,1.2983,1.2922,1.2951,0.001159554730983281,0
2014-09-08,1.2953,1.2959,1.2886,1.2897,-0.004169562195969312,1
2014-09-09,1.2898,1.2957,1.2859,1.294,0.003334108707451433,0
2014-09-10,1.2939,1.2962,1.2889,1.2916,-0.0018547140649149974,1
2014-09-11,1.2916,1.295,1.2898,1.2924,0.0006193868070609732,1
2014-09-12,1.2923,1.2977,1.2911,1.2961,0.0028628907458991826,0
2014-09-15,1.2968,1.2969,1.2909,1.2939,-0.0016973998919835864,1
2014-09-16,1.2939,1.2994,1.2923,1.2957,0.0013911430558775084,0
2014-09-17,1.2957,1.298,1.2838,1.2844,-0.00872115458825351,1
2014-09-18,1.2848,1.2928,1.2834,1.2915,0.00552787293677981,0
2014-09-19,1.2916,1.2928,1.2828,1.2829,-0.006658923732094535,1
2014-09-22,1.2826,1.2866,1.2818,1.2846,0.001325122768727205,1
2014-09-23,1.2845,1.2898,1.2843,1.2848,0.00015569048731123303,0
2014-09-24,1.2849,1.2863,1.2774,1.2777,-0.005526151930261403,0
2014-09-25,1.2779,1.2783,1.2704,1.2751,-0.0020349064725679877,0
2014-09-26,1.2751,1.276,1.2676,1.2683,-0.005332915065484944,1
2014-09-29,1.268,1.2713,1.2664,1.2688,0.0003942284948355024,0
2014-09-30,1.2689,1.27,1.2572,1.263,-0.004571248423707486,0
2014-10-01,1.263,1.2635,1.2585,1.2618,-0.00095011876484552,1
2014-10-02,1.2619,1.2696,1.2615,1.267,0.0041210968457758845,0
2014-10-03,1.2669,1.2671,1.25,1.2512,-0.012470402525651014,1
2014-10-06,1.2514,1.2672,1.2508,1.2652,0.011189258312020556,1
2014-10-07,1.2654,1.268,1.2584,1.2664,0.0009484666455894519,1
2014-10-08,1.2666,1.2747,1.2623,1.273,0.0052116234996841815,0
2014-10-09,1.273,1.2788,1.2664,1.2689,-0.003220738413197144,0
2014-10-10,1.269,1.2715,1.2605,1.2627,-0.0048861218378122295,1
2014-10-13,1.2628,1.2765,1.2627,1.274,0.008949077373881398,0
2014-10-14,1.274,1.2748,1.2641,1.2658,-0.006436420722135017,1
2014-10-15,1.2656,1.2875,1.2625,1.2817,0.012561226102069778,0
2014-10-16,1.2812,1.2843,1.2709,1.2801,-0.0012483420457205519,0
2014-10-17,1.2802,1.2834,1.2747,1.2758,-0.0033591125693305246,1
2014-10-20,1.2755,1.2816,1.2731,1.2794,0.002821758896378812,0
2014-10-21,1.2797,1.2838,1.271,1.271,-0.0065655776145069344,0
2014-10-22,1.2713,1.2738,1.2638,1.2643,-0.005271439811172285,1
2014-10-23,1.2643,1.2674,1.2616,1.2645,0.00015819030293440228,1
2014-10-24,1.2645,1.2694,1.2635,1.2669,0.0018979833926453527,1
2014-10-27,1.2673,1.2721,1.2666,1.2696,0.0021311863604074333,1
2014-10-28,1.2697,1.2763,1.2685,1.2733,0.0029143037177064013,0
2014-10-29,1.2732,1.2768,1.2627,1.2636,-0.007618000471216524,0
2014-10-30,1.2636,1.2639,1.2557,1.2614,-0.0017410572966128912,0
2014-10-31,1.2613,1.2615,1.2489,1.2521,-0.00737276042492474,0
2014-11-03,1.2506,1.2513,1.2447,1.248,-0.003274498841945528,1
2014-11-04,1.2483,1.2572,1.2481,1.2545,0.005208333333333259,0
2014-11-05,1.2542,1.2565,1.2462,1.2485,-0.0047827819848544895,0
2014-11-06,1.2483,1.2533,1.2365,1.2375,-0.008810572687224627,1
2014-11-07,1.24134,1.24695,1.2409,1.2454,0.0063838383838383805,0
2014-11-10,1.24632,1.251,1.24154,1.24238,-0.002424923719287042,1
2014-11-11,1.24267,1.24991,1.2421,1.2473,0.003960141019655916,0
2014-11-12,1.2473,1.2498,1.2417,1.2428,-0.0036077928325183306,1
2014-11-13,1.24281,1.24916,1.2425,1.24752,0.003797875764403047,1
2014-11-14,1.2472,1.25463,1.2396,1.2522,0.003751442862639509,0
2014-11-17,1.25182,1.25778,1.2443,1.24494,-0.005797795879252554,1
2014-11-18,1.24486,1.2545,1.2441,1.2531,0.006554532748566322,1
2014-11-19,1.25315,1.26002,1.251,1.2545,0.0011172292714067833,0
2014-11-20,1.25451,1.25753,1.2502,1.25419,-0.00024711040255087635,0
2014-11-21,1.25419,1.25682,1.2373,1.239,-0.012111402578556585,1
2014-11-24,1.2437,1.24447,1.2421,1.2438,0.0038740920096851372,1
2014-11-25,1.24386,1.24849,1.24,1.24731,0.002821997105644014,1
2014-11-26,1.24732,1.25283,1.2441,1.25066,0.002685779798125676,0
2014-11-27,1.25056,1.25236,1.2454,1.24581,-0.00387795244111111,0
2014-11-28,1.24582,1.24903,1.2424,1.2451,-0.0005699103394578575,1
2014-12-01,1.24462,1.25065,1.2418,1.24723,0.001710705967392201,0
2014-12-02,1.24725,1.24762,1.2375,1.23825,-0.007199955100502753,0
2014-12-03,1.2382,1.23906,1.2299,1.23066,-0.006129618413083016,1
2014-12-04,1.23065,1.24563,1.22802,1.23776,0.005769262022004451,0
2014-12-05,1.23776,1.23931,1.22697,1.2285,-0.007481256463288566,1
2014-12-08,1.22847,1.23439,1.2245,1.23163,0.002547822547822598,1
2014-12-09,1.23165,1.2448,1.2289,1.23777,0.00498526343138761,1
2014-12-10,1.23775,1.24483,1.2359,1.24454,0.005469513722258457,0
2014-12-11,1.24454,1.24952,1.2368,1.24063,-0.0031417230462661427,1
2014-12-12,1.24058,1.24852,1.2382,1.246,0.0043284460314518824,0
2014-12-15,1.24739,1.24787,1.2413,1.24454,-0.0011717495987159099,1
2014-12-16,1.24453,1.25699,1.2432,1.25106,0.005238883442878484,0
2014-12-17,1.251,1.2516,1.23192,1.23305,-0.01439579236807198,0
2014-12-18,1.23301,1.23528,1.2263,1.22871,-0.0035197275049673182,0
2014-12-19,1.22863,1.23022,1.22188,1.22255,-0.005013388024838972,1
2014-12-22,1.22204,1.22726,1.2214,1.22273,0.00014723324199428234,0
2014-12-23,1.22273,1.22457,1.2162,1.21718,-0.004539023333033576,1
2014-12-24,1.21717,1.22202,1.2165,1.21962,0.0020046336614141236,1
2014-12-25,1.21962,1.2254,1.2186,1.22259,0.0024351847296699702,0
2014-12-26,1.22249,1.22261,1.2166,1.2181,-0.0036725312655919717,0
2014-12-30,1.21558,1.21874,1.2121,1.21562,-0.002035957638945929,0
2014-12-31,1.21557,1.21697,1.20948,1.20959,-0.00496043171385796,1
2015-01-01,1.2097,1.21075,1.20918,1.21015,0.0004629667904001433,0
2015-01-02,1.21017,1.2102,1.19925,1.19965,-0.008676610337561397,0
2015-01-05,1.19453,1.19763,1.1885,1.19324,-0.005343225107322991,0
2015-01-06,1.19314,1.19687,1.18395,1.1872,-0.005061848412725056,0
2015-01-07,1.18726,1.18966,1.1799,1.18337,-0.0032260781671159533,0
2015-01-08,1.18333,1.18476,1.1752,1.17898,-0.0037097442051092777,1
2015-01-09,1.17896,1.1846,1.1761,1.18359,0.003910159629510357,0
2015-01-12,1.18667,1.18709,1.1784,1.18292,-0.0005660744007637275,0
2015-01-13,1.1829,1.18597,1.1752,1.17756,-0.004531160179893856,1
2015-01-14,1.17756,1.18464,1.1726,1.17885,0.001095485580352662,0
2015-01-15,1.17894,1.17909,1.1567,1.16269,-0.013708275013784577,0
2015-01-16,1.16264,1.165,1.1458,1.15689,-0.004988431998211085,1
2015-01-19,1.15636,1.164,1.1549,1.16044,0.0030685717743259566,0
2015-01-20,1.16043,1.16149,1.1538,1.15538,-0.004360415014994179,1
2015-01-21,1.15545,1.16796,1.1539,1.16136,0.005175786321383269,0
2015-01-22,1.16127,1.16514,1.1314,1.13693,-0.021035682303506165,0
2015-01-23,1.13694,1.13739,1.1113,1.12031,-0.014618314232186735,1
2015-01-26,1.1143,1.12958,1.10966,1.12358,0.0029188349653221923,1
2015-01-27,1.12363,1.14225,1.1221,1.13708,0.012015165809288186,0
2015-01-28,1.13703,1.13823,1.127,1.12763,-0.008310760896331093,1
2015-01-29,1.1276,1.1368,1.126,1.1328,0.004584837224976379,0
2015-01-30,1.13279,1.13638,1.12725,1.12859,-0.0037164548022599053,1
2015-02-02,1.13116,1.13621,1.129,1.13353,0.004377143160935182,1
2015-02-03,1.13342,1.15338,1.1311,1.14642,0.011371556112321768,0
2015-02-04,1.14643,1.1487,1.1314,1.1334,-0.011357094258648726,1
2015-02-05,1.13335,1.14988,1.1302,1.1476,0.012528674783836236,0
2015-02-06,1.14773,1.14784,1.13095,1.13095,-0.014508539560822653,1
2015-02-09,1.13122,1.13596,1.1267,1.13244,0.0013174764578451903,0
2015-02-10,1.13242,1.13455,1.1271,1.13156,-0.0007770831125710753,1
2015-02-11,1.13159,1.1352,1.1277,1.13293,0.0012107179469051932,1
2015-02-12,1.13298,1.14231,1.1301,1.14007,0.006302242857016749,0
2015-02-13,1.14007,1.14431,1.13735,1.13775,-0.002034962765444126,0
2015-02-16,1.13987,1.143,1.1318,1.13455,-0.0028125686662272553,1
2015-02-17,1.13458,1.1449,1.1321,1.1409,0.005596932704596602,0
2015-02-18,1.14094,1.14161,1.1332,1.14021,-0.0006047856955035957,0
2015-02-19,1.14022,1.14501,1.1353,1.13624,-0.003481814753422685,1
2015-02-20,1.13629,1.14298,1.12779,1.13793,0.001487361824966671,0
2015-02-23,1.1379,1.13932,1.1292,1.1336,-0.0038051549743834956,1
2015-02-24,1.13359,1.13581,1.1287,1.13398,0.00033521524347213116,1
2015-02-25,1.13396,1.139,1.1333,1.13643,0.0021605319317801186,0
2015-02-26,1.13639,1.138,1.1182,1.11942,-0.014967925873129007,0
2015-02-27,1.11948,1.12451,1.1173,1.11865,-0.0006878562112524467,0
2015-03-02,1.11814,1.12405,1.1157,1.11789,-0.0006793903365662768,1
2015-03-03,1.11792,1.12175,1.1152,1.11801,0.00010734508762033634,0
2015-03-04,1.1179,1.11866,1.1059,1.10804,-0.008917630432643708,0
2015-03-05,1.10807,1.11143,1.0985,1.10309,-0.004467347749178785,0
2015-03-06,1.10309,1.10325,1.08342,1.08455,-0.01680733213065122,1
2015-03-09,1.08382,1.09065,1.0833,1.08471,0.0001475266239454598,0
2015-03-10,1.08471,1.0848,1.06657,1.06859,-0.014861114952383736,0
2015-03-11,1.06859,1.0717,1.0508,1.05507,-0.01265218652616995,1
2015-03-12,1.05507,1.06837,1.0493,1.0622,0.006757845451012878,0
2015-03-13,1.06219,1.06346,1.0461,1.05,-0.011485595932969273,1
2015-03-16,1.0499,1.06194,1.0476,1.057,0.006666666666666599,1
2015-03-17,1.057,1.06508,1.0548,1.05937,0.0022421948912014766,1
2015-03-18,1.05937,1.104,1.0577,1.08223,0.021578862909087615,0
2015-03-19,1.08224,1.09198,1.06121,1.06683,-0.014229877198007945,1
2015-03-20,1.0668,1.08823,1.0653,1.08115,0.013422944611606535,1
2015-03-23,1.08391,1.09713,1.0766,1.09584,0.013587383804282371,0
2015-03-24,1.09581,1.10292,1.0888,1.0913,-0.0041429405752664294,1
2015-03-25,1.09132,1.1015,1.0898,1.09641,0.004682488774855775,0
2015-03-26,1.0964,1.10522,1.0854,1.08789,-0.007770815662024311,1
2015-03-27,1.08791,1.09487,1.0799,1.08935,0.0013420474496501633,0
2015-03-30,1.08875,1.08901,1.0808,1.08289,-0.005930141827695579,0
2015-03-31,1.08289,1.08455,1.0712,1.07393,-0.008274155269694883,1
2015-04-01,1.07396,1.08001,1.0716,1.07696,0.002821412941252932,1
2015-04-02,1.07694,1.09054,1.0748,1.08757,0.009851805080968612,1
2015-04-03,1.08757,1.1027,1.0861,1.09635,0.008073043574206684,0
2015-04-06,1.10019,1.10356,1.0907,1.09308,-0.002982624161991909,0
2015-04-07,1.09309,1.09548,1.0801,1.0824,-0.00977055659238113,0
2015-04-08,1.0825,1.08875,1.0762,1.07835,-0.003741685144124318,0
2015-04-09,1.07832,1.079,1.0635,1.06633,-0.011146659247925017,0
2015-04-10,1.06635,1.06837,1.0566,1.05968,-0.0062363433458685336,0
2015-04-13,1.06126,1.06198,1.0519,1.05725,-0.0022931451004075676,1
2015-04-14,1.05725,1.07073,1.0529,1.06506,0.007387089146370096,1
2015-04-15,1.06507,1.0702,1.0569,1.06756,0.0023472855989334906,1
2015-04-16,1.06755,1.08177,1.0623,1.076,0.007905878826482748,1
2015-04-17,1.07601,1.08487,1.07332,1.08051,0.004191449814126447,0
2015-04-20,1.0794,1.08185,1.07115,1.07377,-0.006237795115269784,0
2015-04-21,1.07377,1.07813,1.0658,1.07375,-1.8625962729390544e-05,0
2015-04-22,1.07375,1.08009,1.0706,1.07192,-0.0017043073341094228,1
2015-04-23,1.07196,1.08458,1.0665,1.08148,0.008918576013135393,1
2015-04-24,1.08152,1.09002,1.0782,1.08695,0.005057883640936511,1
2015-04-27,1.0865,1.09266,1.0818,1.0875,0.000506003036017999,1
2015-04-28,1.08756,1.09911,1.0858,1.09748,0.009177011494252874,1
2015-04-29,1.09748,1.11878,1.0957,1.1118,0.01304807376899797,1
2015-04-30,1.1118,1.12662,1.1069,1.12109,0.008355819391977048,0
2015-05-01,1.12109,1.129,1.1174,1.11958,-0.001346903460025417,0
2015-05-04,1.11855,1.12246,1.112,1.11454,-0.004501688133049853,1
2015-05-05,1.11457,1.12231,1.1064,1.11796,0.003068530514831247,1
2015-05-06,1.11795,1.13701,1.1173,1.13429,0.01460696268202799,0
2015-05-07,1.13425,1.13917,1.1224,1.1238,-0.009248075888882101,0
2015-05-08,1.12414,1.1289,1.1177,1.1192,-0.004093255027584952,0
2015-05-11,1.11967,1.12025,1.1128,1.11484,-0.0038956397426732625,1
2015-05-12,1.11484,1.12788,1.1131,1.12153,0.0060008611101143305,1
2015-05-13,1.12151,1.13827,1.1201,1.13527,0.01225112123616845,1
2015-05-14,1.13528,1.14447,1.1338,1.14034,0.004465897980216127,1
2015-05-15,1.14038,1.14667,1.1321,1.1442,0.0033849553641898122,0
2015-05-18,1.144,1.1447,1.1297,1.13143,-0.0111606362524036,0
2015-05-19,1.13149,1.13264,1.1117,1.11461,-0.01486614284577914,0
2015-05-20,1.11466,1.11522,1.106,1.10952,-0.0045666197145189935,1
2015-05-21,1.10951,1.11814,1.1077,1.11078,0.001135626216742347,0
2015-05-22,1.1108,1.12081,1.0999,1.1002,-0.009524838401843816,0
2015-05-25,1.10017,1.10097,1.0956,1.0977,-0.002272314124704744,0
2015-05-26,1.09781,1.09801,1.0861,1.0885,-0.00838116060854499,1
2015-05-27,1.0886,1.093,1.0817,1.09037,0.0017179604960955164,1
2015-05-28,1.09038,1.09743,1.0866,1.09691,0.005997963993873645,1
2015-05-29,1.09691,1.10062,1.0924,1.09908,0.0019782844536013755,0
2015-06-01,1.09681,1.098,1.0885,1.09275,-0.00575936237580521,1
2015-06-02,1.09281,1.11939,1.0914,1.11511,0.020462136810798448,1
2015-06-03,1.1151,1.12851,1.10787,1.12654,0.01025010985463326,0
2015-06-04,1.12652,1.138,1.1199,1.12027,-0.005565714488611095,0
2015-06-05,1.12025,1.128,1.1048,1.11068,-0.008560436323386544,1
2015-06-08,1.11079,1.13069,1.1081,1.12793,0.015531026038102969,0
2015-06-09,1.1279,1.13454,1.1212,1.12727,-0.0005851426950255201,1
2015-06-10,1.12735,1.13865,1.12593,1.13236,0.004515333504839125,0
2015-06-11,1.13237,1.13312,1.1181,1.12392,-0.0074534600303790555,1
2015-06-12,1.12385,1.12965,1.1148,1.12571,0.0015926400455548162,1
2015-06-15,1.1226,1.12944,1.1186,1.1276,0.001678940402057405,0
2015-06-16,1.12761,1.133,1.1203,1.12466,-0.002607307555870797,1
2015-06-17,1.1246,1.13578,1.12037,1.1341,0.008393647858019326,1
2015-06-18,1.13411,1.14362,1.1336,1.13717,0.002706992328718627,0
2015-06-19,1.1371,1.13873,1.1291,1.135,-0.0019082459087031989,0
2015-06-22,1.13605,1.14103,1.1311,1.13416,-0.0007400881057267883,0
2015-06-23,1.1341,1.13474,1.11339,1.11712,-0.015024335190802152,1
2015-06-24,1.11712,1.12347,1.1157,1.12051,0.0030345889429963524,0
2015-06-25,1.12051,1.12277,1.1151,1.12006,-0.0004016028415630979,0
2015-06-26,1.12006,1.122,1.1129,1.11617,-0.0034730282306304483,1
2015-06-29,1.09901,1.12785,1.0967,1.12158,0.0048469319189727855,0
2015-06-30,1.1213,1.12443,1.1111,1.11288,-0.0077569143529663265,0
2015-07-01,1.11288,1.11713,1.1039,1.1044,-0.007619869168284166,1
2015-07-02,1.1044,1.11211,1.103,1.10894,0.0041108294096341425,1
2015-07-03,1.10895,1.112,1.1064,1.1115,0.002308510830162147,0
2015-07-06,1.10217,1.10955,1.0989,1.10542,-0.005470085470085317,0
2015-07-07,1.10545,1.10562,1.0914,1.10044,-0.004505074994119895,1
2015-07-08,1.10044,1.10927,1.0971,1.10749,0.006406528297771885,0
2015-07-09,1.10749,1.1125,1.099,1.10703,-0.0004153536375047784,1
2015-07-10,1.10695,1.12159,1.1052,1.11516,0.007343974418037469,0
2015-07-13,1.1119,1.11969,1.09939,1.10067,-0.012993651135262962,1
2015-07-14,1.10063,1.10846,1.0964,1.10123,0.0005087810151997996,0
2015-07-15,1.10121,1.10356,1.0928,1.09586,-0.004876365518556414,0
2015-07-16,1.09586,1.09627,1.0854,1.08792,-0.00724545106126695,0
2015-07-17,1.08793,1.09069,1.0824,1.0828,-0.004706228399147028,1
2015-07-20,1.08385,1.08703,1.0807,1.08293,0.00012005910602130854,1
2015-07-21,1.08293,1.09691,1.0809,1.09359,0.009843664872152491,0
2015-07-22,1.0936,1.09667,1.0868,1.09297,-0.000566940078091438,1
2015-07-23,1.093,1.10179,1.0919,1.0984,0.004968114403872015,0
2015-07-24,1.0984,1.09958,1.0922,1.098,-0.00036416605972322547,1
2015-07-27,1.0975,1.11294,1.0966,1.10858,0.009635701275045427,0
2015-07-28,1.10862,1.10996,1.1019,1.10625,-0.0021017878727741524,0
2015-07-29,1.10624,1.10839,1.0964,1.09887,-0.006671186440677879,0
2015-07-30,1.09887,1.09894,1.0892,1.09309,-0.005259948856552787,1
2015-07-31,1.09311,1.11141,1.0918,1.09804,0.004528446879945802,0
2015-08-03,1.09754,1.09959,1.0939,1.09528,-0.002513569633164403,0
2015-08-04,1.09528,1.099,1.0877,1.08893,-0.005797604265575962,1
2015-08-05,1.08893,1.09333,1.0846,1.09017,0.001138732517241836,1
2015-08-06,1.09017,1.09439,1.0872,1.0926,0.002229010154379596,1
2015-08-07,1.0926,1.09784,1.0854,1.09617,0.0032674354750137358,1
2015-08-10,1.0965,1.10414,1.0923,1.10175,0.005090451298612297,1
2015-08-11,1.10176,1.10883,1.0958,1.10438,0.0023871114136599925,1
2015-08-12,1.10436,1.1214,1.1023,1.11553,0.010096162552744481,0
2015-08-13,1.11553,1.1189,1.1079,1.11532,-0.00018825132448241355,0
2015-08-14,1.11531,1.119,1.1096,1.1104,-0.004411290033353721,0
2015-08-17,1.1105,1.11249,1.10579,1.10761,-0.0025126080691643127,0
2015-08-18,1.1075,1.10938,1.1015,1.10254,-0.004577423461326502,1
2015-08-19,1.10254,1.11342,1.1015,1.11152,0.008144829212545668,1
2015-08-20,1.11153,1.12447,1.1104,1.12328,0.010580106520800436,1
2015-08-21,1.12328,1.1393,1.1226,1.13836,0.013424969731500536,1
2015-08-24,1.1391,1.1714,1.1367,1.15972,0.018763835693453856,0
2015-08-25,1.15975,1.15992,1.1394,1.15287,-0.00590659814437966,0
2015-08-26,1.15288,1.15612,1.129,1.13372,-0.01661071933522429,0
2015-08-27,1.13372,1.13643,1.1201,1.12415,-0.008441237695374637,0
2015-08-28,1.12415,1.131,1.11541,1.11798,-0.0054885913801538955,1
2015-08-31,1.11977,1.12626,1.1178,1.12177,0.0033900427556843304,1
2015-09-01,1.12178,1.13322,1.1213,1.1298,0.007158330138976821,0
2015-09-02,1.1297,1.13005,1.1213,1.12211,-0.006806514427332266,0
2015-09-03,1.12208,1.12434,1.1085,1.11198,-0.009027635436810955,1
2015-09-04,1.11198,1.11897,1.1088,1.1149,0.00262594650982928,1
2015-09-07,1.11452,1.118,1.112,1.11706,0.001937393488205208,1
2015-09-08,1.11709,1.12296,1.115,1.1207,0.0032585537034717227,1
2015-09-09,1.12073,1.12246,1.1129,1.12179,0.0009726064067101525,1
2015-09-10,1.12182,1.12954,1.1169,1.12875,0.006204369801834364,1
2015-09-11,1.12875,1.13495,1.1251,1.1339,0.004562569213732104,0
2015-09-14,1.1344,1.13731,1.1282,1.131,-0.002557544757033181,0
2015-09-15,1.131,1.13287,1.1256,1.12714,-0.003412908930150338,1
2015-09-16,1.12712,1.13206,1.1211,1.12919,0.0018187625317174216,1
2015-09-17,1.12919,1.14413,1.1282,1.14138,0.010795348878399613,0
2015-09-18,1.1414,1.14602,1.1268,1.1308,-0.009269480803939079,0
2015-09-21,1.12943,1.13301,1.1179,1.11864,-0.010753448885744588,0
2015-09-22,1.11864,1.12077,1.1111,1.11307,-0.004979260530644458,1
2015-09-23,1.11308,1.12135,1.1102,1.1186,0.004968240991132689,0
2015-09-24,1.11865,1.1296,1.1158,1.11766,-0.0008403361344537785,1
2015-09-25,1.11761,1.12132,1.1114,1.1192,0.001377878782456099,1
2015-09-28,1.119,1.12477,1.1145,1.12343,0.003779485346676159,1
2015-09-29,1.12342,1.12814,1.1192,1.12545,0.001798064854953152,0
2015-09-30,1.12567,1.12624,1.1156,1.11715,-0.00737482784663912,1
2015-10-01,1.11713,1.121,1.1132,1.11906,0.0017097077384413684,1
2015-10-02,1.11905,1.13184,1.1148,1.1207,0.0014655157006773223,0
2015-10-05,1.12152,1.129,1.117,1.11905,-0.0014722941019005287,1
2015-10-06,1.11905,1.12796,1.11707,1.12646,0.006621688038961571,0
2015-10-07,1.12669,1.12842,1.1209,1.12366,-0.0024856630506187027,1
2015-10-08,1.12364,1.13276,1.12324,1.12892,0.004681131303063024,1
2015-10-09,1.12892,1.13872,1.1265,1.1355,0.005828579527335842,1
2015-10-12,1.13619,1.14,1.1351,1.13559,7.926023778082047e-05,1
2015-10-13,1.13558,1.1411,1.13429,1.13868,0.002721052492536735,1
2015-10-14,1.1387,1.14891,1.1379,1.14741,0.007666772051849513,0
2015-10-15,1.14739,1.14952,1.136,1.1376,-0.008549690171778312,0
2015-10-16,1.13762,1.1395,1.1333,1.13473,-0.00252285513361461,0
2015-10-19,1.13521,1.138,1.1304,1.13269,-0.001797784494990018,1
2015-10-20,1.1327,1.13871,1.1321,1.13524,0.002251277931296425,0
2015-10-21,1.13524,1.13776,1.1333,1.13411,-0.0009953842359325948,0
2015-10-22,1.13411,1.13512,1.1076,1.1106,-0.020729911560606884,0
2015-10-23,1.1106,1.114,1.0995,1.1015,-0.008193769133801654,1
2015-10-26,1.10188,1.10682,1.1001,1.10595,0.0040399455288244734,0
2015-10-27,1.10599,1.10786,1.1027,1.10369,-0.002043492020434856,0
2015-10-28,1.10374,1.1096,1.0896,1.09295,-0.00973099330427929,1
2015-10-29,1.09297,1.09883,1.09018,1.09869,0.005251841346813446,1
2015-10-30,1.09869,1.10725,1.09635,1.1011,0.0021935213754562533,1
2015-11-02,1.10322,1.1053,1.0998,1.10134,0.00021796385432759635,0
2015-11-03,1.10135,1.10301,1.0934,1.0962,-0.00466704196705825,0
2015-11-04,1.09624,1.0968,1.0842,1.08669,-0.008675424192665648,1
2015-11-05,1.08666,1.08977,1.08316,1.08824,0.0014263497409565673,0
2015-11-06,1.08823,1.08938,1.07051,1.07356,-0.013489671396015646,1
2015-11-09,1.07304,1.079,1.0718,1.07557,0.0018722754200974911,0
2015-11-10,1.0756,1.0764,1.0671,1.07206,-0.003263385925602158,1
2015-11-11,1.07206,1.07737,1.0703,1.07579,0.003479282875958445,1
2015-11-12,1.07578,1.08303,1.0689,1.08066,0.004526905808754478,0
2015-11-13,1.08066,1.08172,1.0711,1.0772,-0.0032017470804878156,0
2015-11-16,1.0736,1.07581,1.0673,1.06835,-0.00821574452283702,0
2015-11-17,1.06834,1.06907,1.0628,1.06456,-0.003547526559648073,1
2015-11-18,1.06457,1.06926,1.0615,1.06601,0.0013620650785299837,1
2015-11-19,1.06599,1.0763,1.0657,1.0729,0.006463354002307797,0
2015-11-20,1.07296,1.07341,1.0638,1.06419,-0.008118184360145442,0
2015-11-23,1.06436,1.06567,1.0592,1.06335,-0.0007893327319369314,1
2015-11-24,1.06336,1.06734,1.06187,1.06449,0.0010720835096627024,0
2015-11-25,1.06453,1.069,1.0565,1.06206,-0.002282783304681013,0
2015-11-26,1.06206,1.06274,1.0597,1.06037,-0.0015912471988399624,0
2015-11-27,1.06033,1.0638,1.0566,1.05874,-0.0015371992794968037,0
2015-11-30,1.05917,1.05941,1.0555,1.05714,-0.0015112303303927987,1
2015-12-01,1.05714,1.06371,1.05613,1.06245,0.005022986548612218,0
2015-12-02,1.06247,1.06321,1.05499,1.06077,-0.0015812508823943583,1
2015-12-03,1.06082,1.09811,1.05216,1.09268,0.030081921622972185,0
2015-12-04,1.09268,1.09562,1.0835,1.08818,-0.00411831460262857,0
2015-12-07,1.08755,1.08875,1.0793,1.08321,-0.004567259093164688,1
2015-12-08,1.08321,1.09027,1.0828,1.08935,0.005668337626129727,1
2015-12-09,1.08936,1.10428,1.0877,1.1017,0.01133703584706458,0
2015-12-10,1.1017,1.10214,1.0923,1.09398,-0.007007352273758705,1
2015-12-11,1.094,1.10308,1.09246,1.09865,0.004268816614563242,1
2015-12-14,1.09709,1.105,1.09439,1.09993,0.0011650662176307947,0
2015-12-15,1.09999,1.106,1.0902,1.09325,-0.006073113743601866,0
2015-12-16,1.09328,1.10119,1.0887,1.08909,-0.003805168076835286,0
2015-12-17,1.08911,1.08927,1.08,1.08341,-0.005215363284944208,1
2015-12-18,1.0833,1.08744,1.0802,1.08629,0.00265827341449687,1
2015-12-21,1.08553,1.09389,1.0846,1.0908,0.004151745850555555,1
2015-12-22,1.09091,1.09842,1.09,1.09502,0.0038687202053540037,0
2015-12-23,1.09504,1.0953,1.0867,1.09031,-0.004301291300615739,1
2015-12-24,1.09038,1.0971,1.09017,1.0966,0.005769001476644275,1
2015-12-25,1.09654,1.0975,1.0939,1.0973,0.0006383366770015275,1
2015-12-28,1.09618,1.09925,1.0953,1.09745,0.0001366991706917009,0
2015-12-29,1.09746,1.09918,1.0898,1.09222,-0.004765592965511045,1
2015-12-30,1.09223,1.09437,1.0899,1.09252,0.00027466993829072806,0
2015-12-31,1.09253,1.09372,1.0848,1.08584,-0.0061143045436239385,0
2016-01-01,1.0863,1.08635,1.0855,1.08584,0.0,0
2016-01-04,1.08665,1.09463,1.0779,1.08286,-0.0027444190672658575,0
2016-01-05,1.08282,1.08388,1.0708,1.07524,-0.0070369207469108686,1
2016-01-06,1.07531,1.07994,1.07138,1.07744,0.0020460548342695617,1
2016-01-07,1.07743,1.09401,1.077,1.0921,0.013606326106326172,0
2016-01-08,1.09215,1.09303,1.08013,1.09193,-0.00015566340078743135,0
2016-01-11,1.09439,1.09698,1.08471,1.08621,-0.005238431034956581,0
2016-01-12,1.08623,1.09002,1.0818,1.08474,-0.0013533294666775442,1
2016-01-13,1.08479,1.08878,1.0802,1.08819,0.00318048564633,0
2016-01-14,1.08822,1.09432,1.08337,1.08608,-0.001938999623227633,1
2016-01-15,1.08614,1.09846,1.08525,1.0914,0.004898350029463705,0
2016-01-18,1.09103,1.09277,1.0868,1.08906,-0.00214403518416717,1
2016-01-19,1.08905,1.09389,1.0857,1.09114,0.0019099039538685858,0
2016-01-20,1.09138,1.0976,1.08748,1.08916,-0.0018146159062999434,0
2016-01-21,1.08916,1.09216,1.07768,1.08705,-0.0019372727606594697,0
2016-01-22,1.08709,1.08766,1.07875,1.07934,-0.0070925900372569295,1
2016-01-25,1.07926,1.08569,1.07875,1.08494,0.0051883558470917635,1
2016-01-26,1.08494,1.08744,1.0816,1.08651,0.001447084631408302,1
2016-01-27,1.08652,1.09165,1.08485,1.09023,0.0034238064997100803,1
2016-01-28,1.0903,1.09677,1.0862,1.0938,0.0032745384001542366,0
2016-01-29,1.09372,1.09485,1.0808,1.0827,-0.010148107515085103,1
2016-02-01,1.0829,1.09127,1.08124,1.08894,0.005763369354391923,1
2016-02-02,1.08889,1.094,1.08844,1.09238,0.0031590353922161807,1
2016-02-03,1.09238,1.11455,1.0902,1.10811,0.014399751002398542,1
2016-02-04,1.10817,1.124,1.1068,1.11999,0.010720957305682788,0
2016-02-05,1.11999,1.12457,1.1107,1.11521,-0.004267895249064679,1
2016-02-08,1.11456,1.12159,1.1084,1.11987,0.004178585199200002,1
2016-02-09,1.11989,1.1338,1.1161,1.1287,0.007884843776509776,0
2016-02-10,1.12873,1.13115,1.1159,1.12776,-0.0008328165145742306,1
2016-02-11,1.12775,1.13763,1.1272,1.13129,0.003130098602539322,0
2016-02-12,1.13125,1.1334,1.1213,1.1254,-0.005206445738935139,0
2016-02-15,1.12382,1.12416,1.1126,1.11631,-0.008077128132219724,0
2016-02-16,1.11622,1.1193,1.11222,1.11359,-0.002436599152565,0
2016-02-17,1.11365,1.118,1.1104,1.11286,-0.0006555374958469029,0
2016-02-18,1.11281,1.115,1.107,1.11088,-0.0017791995399240035,1
2016-02-19,1.1109,1.114,1.1065,1.11264,0.001584329540544438,0
2016-02-22,1.1116,1.11247,1.1002,1.10271,-0.008924719585849838,0
2016-02-23,1.10273,1.10527,1.0988,1.10195,-0.0006892111253186117,0
2016-02-24,1.10194,1.10463,1.0956,1.10163,-0.0002903943010117427,1
2016-02-25,1.10162,1.105,1.09859,1.10199,0.00032678848615219636,0
2016-02-26,1.102,1.10683,1.091,1.0931,-0.008067223840506732,0
2016-02-29,1.09166,1.09626,1.0857,1.08837,-0.004327142987832655,0
2016-03-01,1.08841,1.08935,1.08322,1.08665,-0.0015803449194669028,1
2016-03-02,1.08669,1.08811,1.08236,1.08692,0.00024847006855943654,1
2016-03-03,1.0869,1.09724,1.08513,1.09488,0.007323446067787787,1
2016-03-04,1.09488,1.10434,1.09026,1.1004,0.005041648399824572,1
2016-03-07,1.0992,1.10258,1.0937,1.10143,0.0009360232642674493,0
2016-03-08,1.10143,1.10575,1.09916,1.10048,-0.000862515094014138,0
2016-03-09,1.10054,1.1035,1.0944,1.09964,-0.0007633032858388455,1
2016-03-10,1.09965,1.12178,1.08218,1.11791,0.016614528391109884,0
2016-03-11,1.11798,1.12098,1.1078,1.1152,-0.0024241665250333,0
2016-03-14,1.11641,1.11763,1.10768,1.11029,-0.004402797704447625,1
2016-03-15,1.11032,1.1125,1.1071,1.11062,0.00029721964531792544,1
2016-03-16,1.11069,1.12421,1.1055,1.1215,0.009796329977850293,1
2016-03-17,1.1215,1.13425,1.12039,1.13154,0.008952296032100016,0
2016-03-18,1.13151,1.13372,1.1254,1.1269,-0.004100606253424566,0
2016-03-21,1.12733,1.12854,1.1232,1.12393,-0.0026355488508296165,0
2016-03-22,1.12394,1.12618,1.1186,1.12162,-0.002055288140720535,0
2016-03-23,1.12167,1.12235,1.1157,1.1182,-0.00304916103493158,0
2016-03-24,1.11822,1.119,1.11427,1.1177,-0.00044714720085869963,0
2016-03-25,1.1177,1.1179,1.11515,1.1163,-0.00125257224657771,1
2016-03-28,1.11597,1.12199,1.1152,1.11968,0.0030278598942936608,1
2016-03-29,1.11971,1.13033,1.11677,1.12879,0.008136253215204281,1
2016-03-30,1.12876,1.13654,1.1284,1.13322,0.003924556383383848,1
2016-03-31,1.13321,1.14119,1.1308,1.13778,0.004023931804945313,1
2016-04-01,1.1378,1.14377,1.1334,1.1394,0.0014238253440910231,0
2016-04-04,1.13914,1.14127,1.1355,1.13881,-0.0005178163945935843,0
2016-04-05,1.13882,1.14051,1.1334,1.13828,-0.00046539809098988805,1
2016-04-06,1.13833,1.14317,1.1325,1.13962,0.001177214745053945,0
2016-04-07,1.13956,1.1454,1.13356,1.13722,-0.0021059651462770335,1
2016-04-08,1.13726,1.142,1.13478,1.1395,0.0020048891155626247,1
2016-04-11,1.14045,1.14465,1.13705,1.14099,0.001307591048705481,0
2016-04-12,1.14098,1.14648,1.1345,1.13858,-0.002112200808070175,0
2016-04-13,1.13858,1.13912,1.127,1.1279,-0.00938010504312392,0
2016-04-14,1.12825,1.12948,1.1231,1.12625,-0.0014628956467771514,1
2016-04-15,1.12663,1.1317,1.1243,1.12936,0.0027613762486125015,1
2016-04-18,1.12815,1.13325,1.1272,1.13082,0.0012927675851810427,1
2016-04-19,1.13099,1.13847,1.13015,1.13566,0.004280079941988868,0
2016-04-20,1.13568,1.13879,1.1288,1.13012,-0.004878220594191851,0
2016-04-21,1.13012,1.13933,1.12712,1.12876,-0.0012034120270414395,0
2016-04-22,1.12883,1.13087,1.12153,1.12153,-0.006405258868138586,1
2016-04-25,1.12307,1.128,1.12225,1.12673,0.004636523320820762,1
2016-04-26,1.12674,1.134,1.1254,1.1299,0.002813451314866766,1
2016-04-27,1.12991,1.136,1.1271,1.13266,0.0024426940437207723,1
2016-04-28,1.13266,1.137,1.1294,1.13526,0.0022954814330866657,1
2016-04-29,1.13528,1.146,1.13493,1.14485,0.00844740411888023,1
2016-05-02,1.14542,1.15362,1.1446,1.15257,0.006743241472682238,0
2016-05-03,1.15266,1.16163,1.1491,1.14989,-0.0023252383803152865,0
2016-05-04,1.14993,1.1529,1.1466,1.1489,-0.0008609519171399738,0
2016-05-05,1.1489,1.1494,1.1384,1.14027,-0.007511532770476226,0
2016-05-06,1.14027,1.14779,1.13845,1.13991,-0.00031571469915014916,0
2016-05-09,1.13963,1.14202,1.13734,1.13829,-0.0014211648288022793,0
2016-05-10,1.13828,1.14099,1.1357,1.13715,-0.0010015022533800266,1
2016-05-11,1.13715,1.14467,1.13674,1.1423,0.00452886602471092,0
2016-05-12,1.14239,1.143,1.1366,1.13784,-0.0039044033966559866,0
2016-05-13,1.13786,1.13798,1.1281,1.1305,-0.006450819095830562,1
2016-05-16,1.13145,1.13424,1.1301,1.13138,0.0007784166298097084,0
2016-05-17,1.1314,1.13462,1.1301,1.13129,-7.954886952232787e-05,0
2016-05-18,1.13124,1.13162,1.121,1.12233,-0.007920161939025228,0
2016-05-19,1.12234,1.123,1.1177,1.12021,-0.0018889274990422367,1
2016-05-20,1.12021,1.124,1.11943,1.12191,0.0015175725979950094,0
2016-05-23,1.12163,1.12429,1.1185,1.12164,-0.00024066101558950503,0
2016-05-24,1.12164,1.12271,1.1131,1.11398,-0.006829285688812803,1
2016-05-25,1.11394,1.11669,1.1128,1.11561,0.0014632219608969876,1
2016-05-26,1.1156,1.12168,1.11476,1.11928,0.0032896800853345898,0
2016-05-27,1.11925,1.12007,1.11087,1.11087,-0.007513758844971741,1
2016-05-30,1.11107,1.1145,1.10959,1.11417,0.0029706446298847222,0
2016-05-31,1.11412,1.11734,1.112,1.11315,-0.0009154796844287327,1
2016-06-01,1.11315,1.11941,1.1111,1.1184,0.004716345505996422,0
2016-06-02,1.11848,1.122,1.11448,1.11521,-0.0028522889842632626,1
2016-06-03,1.11521,1.13736,1.1134,1.13627,0.018884335685655396,0
2016-06-06,1.13561,1.13928,1.1326,1.1355,-0.0006776558388410514,0
2016-06-07,1.13548,1.13805,1.1336,1.1355,0.0,1
2016-06-08,1.13549,1.14106,1.135,1.13999,0.003954205195948912,0
2016-06-09,1.13999,1.14155,1.1304,1.13136,-0.007570241844226833,0
2016-06-10,1.13136,1.13214,1.12438,1.12484,-0.005762975533870618,1
2016-06-13,1.12491,1.13029,1.123,1.12902,0.003716084065289227,0
2016-06-14,1.12902,1.12988,1.11872,1.12092,-0.007174363607376333,1
2016-06-15,1.1209,1.12974,1.1188,1.12618,0.004692573957106649,0
2016-06-16,1.12627,1.12949,1.11289,1.12312,-0.00271715001154349,1
2016-06-17,1.12314,1.12963,1.1221,1.1279,0.004256001139682386,1
2016-06-20,1.13229,1.13825,1.13,1.13147,0.003165174217572453,0
2016-06-21,1.13146,1.135,1.1238,1.12576,-0.005046532387071534,1
2016-06-22,1.12576,1.13477,1.1235,1.13308,0.006502274019329235,1
2016-06-23,1.13309,1.1428,1.13148,1.1375,0.003900871959614305,0
2016-06-24,1.13752,1.13754,1.09108,1.11148,-0.022874725274725227,0
2016-06-27,1.1072,1.10836,1.09699,1.10103,-0.009401878576312694,1
2016-06-28,1.10098,1.11117,1.10078,1.10725,0.005649255696938527,1
2016-06-29,1.10725,1.11308,1.1047,1.1123,0.00456084895010167,0
2016-06-30,1.11233,1.11546,1.1024,1.1099,-0.0021576912703407114,1
2016-07-01,1.10996,1.11694,1.107,1.1135,0.0032435354536444194,1
2016-07-04,1.11294,1.1163,1.1096,1.11455,0.0009429726088909796,0
2016-07-05,1.11456,1.1186,1.1059,1.10614,-0.007545646224933811,1
2016-07-06,1.1062,1.11116,1.10289,1.10944,0.0029833474967002616,0
2016-07-07,1.10946,1.11072,1.105,1.10598,-0.0031186905105278218,0
2016-07-08,1.10598,1.11116,1.10008,1.1049,-0.0009765095209678387,1
2016-07-11,1.10499,1.10746,1.1014,1.10597,0.0009684134310796733,1
2016-07-12,1.10575,1.11263,1.105,1.10632,0.0003164642802246931,1
2016-07-13,1.10633,1.112,1.104,1.10982,0.003163641622677016,1
2016-07-14,1.10982,1.11648,1.1088,1.11125,0.001288497233785657,0
2016-07-15,1.11121,1.115,1.1023,1.10261,-0.007775028121484784,1
2016-07-18,1.10572,1.10838,1.1035,1.10744,0.004380515322734091,0
2016-07-19,1.10744,1.10805,1.0998,1.10179,-0.005101856533988203,0
2016-07-20,1.10174,1.10283,1.098,1.101,-0.0007170150391636598,1
2016-07-21,1.101,1.10586,1.09791,1.10263,0.0014804722979109286,0
2016-07-22,1.10263,1.10409,1.0953,1.0975,-0.0046525126288964325,1
2016-07-25,1.09712,1.09991,1.095,1.09929,0.0016309794988611515,0
2016-07-26,1.09931,1.10298,1.0976,1.09886,-0.0003911615679212943,1
2016-07-27,1.09886,1.10708,1.09605,1.10576,0.00627923484338333,1
2016-07-28,1.10576,1.11196,1.1054,1.10775,0.0017996671972217992,1
2016-07-29,1.10775,1.11974,1.1071,1.1175,0.008801624915368844,0
2016-08-01,1.11711,1.11814,1.1153,1.11665,-0.0007606263982102845,1
2016-08-02,1.11664,1.12338,1.1157,1.1219,0.004701562709891194,0
2016-08-03,1.12197,1.12216,1.1138,1.11491,-0.006230501827257151,0
2016-08-04,1.11488,1.11563,1.11129,1.11283,-0.0018656214402956728,0
2016-08-05,1.11283,1.11613,1.1044,1.1081,-0.004250424593154278,1
2016-08-08,1.10909,1.1105,1.107,1.10844,0.00030683151340138437,1
2016-08-09,1.10835,1.11226,1.1068,1.11149,0.0027516148821766784,1
2016-08-10,1.11149,1.11902,1.1109,1.11854,0.0063428370925513455,0
2016-08-11,1.11858,1.11917,1.1132,1.11392,-0.004130384250898511,1
2016-08-12,1.11383,1.12214,1.1129,1.11623,0.0020737575409366382,1
2016-08-15,1.11599,1.12038,1.1151,1.1185,0.0020336310616988484,1
2016-08-16,1.11856,1.13226,1.1175,1.1277,0.008225301743406188,1
2016-08-17,1.12763,1.13159,1.124,1.12947,0.0015695663740356025,1
2016-08-18,1.12949,1.13663,1.1286,1.13454,0.004488831044649366,0
2016-08-19,1.13452,1.135,1.1302,1.1325,-0.0017980855677190988,0
2016-08-22,1.13137,1.13307,1.12688,1.13195,-0.0004856512141280245,0
2016-08-23,1.132,1.13553,1.13,1.13034,-0.0014223243076109116,0
2016-08-24,1.13028,1.13114,1.1242,1.12639,-0.0034945237716084154,1
2016-08-25,1.12644,1.12975,1.1256,1.12849,0.001864363142428438,0
2016-08-26,1.12844,1.13407,1.1179,1.1195,-0.007966397575521311,0
2016-08-29,1.11953,1.12078,1.11569,1.11867,-0.0007414024117908813,0
2016-08-30,1.11873,1.11923,1.1129,1.11475,-0.003504161191414945,1
2016-08-31,1.11481,1.11656,1.1121,1.11606,0.0011751513792330748,1
2016-09-01,1.11606,1.12052,1.1126,1.11947,0.0030553912872066658,0
2016-09-02,1.11945,1.1252,1.1149,1.1152,-0.003814304983608352,0
2016-09-05,1.11567,1.11824,1.1138,1.11481,-0.00034971305595399294,1
2016-09-06,1.11482,1.12631,1.1139,1.12443,0.008629273149684646,0
2016-09-07,1.12443,1.12719,1.1227,1.12418,-0.000222334871890717,1
2016-09-08,1.12414,1.13271,1.1233,1.12645,0.002019249586365124,0
2016-09-09,1.12642,1.12851,1.1197,1.1225,-0.0035065915042832296,1
2016-09-12,1.12365,1.12682,1.1208,1.12384,0.0011937639198218442,0
2016-09-13,1.12381,1.12606,1.1202,1.1214,-0.002171127562642372,1
2016-09-14,1.1215,1.12741,1.121,1.12428,0.002568218298555358,1
2016-09-15,1.12424,1.12842,1.1216,1.12476,0.00042693990820796834,0
2016-09-16,1.1248,1.12487,1.1147,1.11566,-0.00809061488673124,1
2016-09-19,1.11588,1.12,1.11498,1.11781,0.0019271104099813918,0
2016-09-20,1.11781,1.12134,1.1147,1.11531,-0.002236516044766046,1
2016-09-21,1.11529,1.11966,1.112,1.11898,0.0032905649550349914,1
2016-09-22,1.11898,1.12574,1.1182,1.12101,0.0018141521743015865,1
2016-09-23,1.12101,1.12405,1.1191,1.1226,0.0014183637969331642,1
2016-09-26,1.12347,1.128,1.1219,1.1252,0.002316052022091508,0
2016-09-27,1.1252,1.126,1.1189,1.1217,-0.0031105581230004287,0
2016-09-28,1.12165,1.1237,1.1179,1.12168,-1.783007934375025e-05,1
2016-09-29,1.1217,1.12501,1.11958,1.12231,0.0005616575137292745,1
2016-09-30,1.1223,1.12511,1.1151,1.12403,0.0015325533943386649,0
2016-10-03,1.12353,1.12416,1.1203,1.12138,-0.0023575883205965154,0
2016-10-04,1.12136,1.124,1.1136,1.12048,-0.0008025825322371949,1
2016-10-05,1.12052,1.12333,1.1187,1.12065,0.00015172069113233988,0
2016-10-06,1.12061,1.12126,1.1138,1.11456,-0.005434346138401769,1
2016-10-07,1.11458,1.12049,1.1102,1.12,0.004880849842090251,0
2016-10-10,1.11919,1.12004,1.1129,1.11402,-0.005339285714285769,0
2016-10-11,1.11402,1.11424,1.1046,1.10593,-0.0072619881151145815,0
2016-10-12,1.10595,1.10676,1.1001,1.10126,-0.004222690405360385,1
2016-10-13,1.10126,1.10584,1.0983,1.10535,0.0037139276828361822,0
2016-10-14,1.10536,1.10578,1.0966,1.0966,-0.007916044691726687,1
2016-10-17,1.0971,1.101,1.0961,1.10022,0.0033011125296369404,0
2016-10-18,1.1002,1.10263,1.09684,1.09785,-0.002154114631619075,0
2016-10-19,1.09787,1.10049,1.0952,1.09782,-2.7326137450489618e-05,0
2016-10-20,1.09785,1.10392,1.0913,1.09275,-0.004618243427884305,0
2016-10-21,1.09276,1.09297,1.0857,1.08838,-0.003999084877602588,0
2016-10-24,1.08785,1.09,1.0857,1.08712,-0.0011576838971680825,1
2016-10-25,1.08713,1.09051,1.0848,1.08896,0.0016925454411655938,1
2016-10-26,1.08898,1.09467,1.0872,1.09081,0.0016988686453129898,0
2016-10-27,1.09078,1.09423,1.088,1.08946,-0.0012376124164611424,1
2016-10-28,1.08946,1.09917,1.0891,1.0981,0.007930534393185695,0
2016-10-31,1.09779,1.09863,1.0934,1.09719,-0.0008287041253073335,1
2016-11-01,1.09722,1.1069,1.0956,1.10559,0.007655921034642965,1
2016-11-02,1.10559,1.11231,1.1047,1.10978,0.0037898316735860416,1
2016-11-03,1.1098,1.11262,1.1057,1.1104,0.0005586692858043918,1
2016-11-04,1.11056,1.1145,1.1078,1.1145,0.003692363112391961,0
2016-11-07,1.10838,1.11104,1.1025,1.10433,-0.009125168236877479,0
2016-11-08,1.10433,1.10671,1.1006,1.1013,-0.0027437450762001214,0
2016-11-09,1.10131,1.12996,1.0904,1.09187,-0.008562607827113489,0
2016-11-10,1.09201,1.09537,1.0862,1.0885,-0.003086448020368615,0
2016-11-11,1.08856,1.09236,1.0829,1.08519,-0.0030408819476342996,0
2016-11-14,1.0838,1.08398,1.0707,1.07442,-0.009924529345091804,0
2016-11-15,1.07436,1.08167,1.0711,1.07238,-0.0018986988328585364,0
2016-11-16,1.07237,1.07595,1.0664,1.07013,-0.0020981368544733536,0
2016-11-17,1.06994,1.07456,1.0617,1.06261,-0.007027183613205867,0
2016-11-18,1.06261,1.0643,1.0567,1.05841,-0.003952531973160367,1
2016-11-21,1.05864,1.06491,1.0576,1.06309,0.004421726930017744,0
2016-11-22,1.06307,1.066,1.0582,1.06271,-0.00035744856973540795,0
2016-11-23,1.06273,1.06436,1.0524,1.05511,-0.007151527698055049,1
2016-11-24,1.0551,1.05854,1.0516,1.05559,0.0004549288699757792,1
2016-11-25,1.05556,1.06275,1.0536,1.05892,0.003154633901420123,1
2016-11-28,1.05975,1.06857,1.0562,1.06133,0.002275903750991626,1
2016-11-29,1.06124,1.06544,1.0564,1.06481,0.0032789047704295804,0
2016-11-30,1.06484,1.06666,1.0552,1.05962,-0.0048741089959711825,1
2016-12-01,1.05959,1.06688,1.0583,1.06589,0.005917215605594439,1
2016-12-02,1.0659,1.06899,1.0623,1.06608,0.00017825479177013825,1
2016-12-05,1.05333,1.07966,1.05038,1.0758,0.00911751463304844,0
2016-12-06,1.07589,1.07853,1.0697,1.07178,-0.003736754043502599,1
2016-12-07,1.07175,1.077,1.0707,1.07571,0.003666797290488688,0
2016-12-08,1.07574,1.08735,1.0596,1.06132,-0.013377211330191097,0
2016-12-09,1.0613,1.063,1.0529,1.05578,-0.00521991482305062,1
2016-12-12,1.05456,1.06517,1.0523,1.06393,0.007719411240978413,0
2016-12-13,1.06398,1.06672,1.0601,1.0625,-0.0013440733882869038,0
2016-12-14,1.06247,1.06701,1.0495,1.05277,-0.009157647058823493,0
2016-12-15,1.05275,1.05278,1.0364,1.042,-0.010230154734652386,1
2016-12-16,1.04199,1.04741,1.0403,1.04492,0.0028023032629558298,0
2016-12-19,1.04457,1.04795,1.0391,1.04017,-0.004545802549477451,0
2016-12-20,1.04013,1.0418,1.035,1.03903,-0.0010959746964439576,1
2016-12-21,1.03904,1.04511,1.038,1.04265,0.0034840187482556573,1
2016-12-22,1.04273,1.04993,1.0422,1.04349,0.0008056394763342745,1
2016-12-23,1.04343,1.04689,1.0424,1.0446,0.0010637380329470147,1
2016-12-26,1.04546,1.0469,1.0438,1.04547,0.0008328546812175208,1
2016-12-27,1.04545,1.04634,1.043,1.04588,0.0003921681157756929,0
2016-12-28,1.04579,1.04799,1.037,1.04178,-0.003920143802348286,1
2016-12-29,1.04186,1.0494,1.0411,1.04925,0.0071704198583195655,1
2016-12-30,1.04919,1.06542,1.0482,1.0516,0.0022396950202525634,0
2017-01-02,1.0518,1.05293,1.0448,1.04622,-0.005116013693419741,0
2017-01-03,1.04613,1.04901,1.03394,1.0409,-0.0050849725679111835,1
2017-01-04,1.04093,1.04999,1.0387,1.04871,0.007503122298011533,1
2017-01-05,1.04872,1.06153,1.0479,1.06021,0.010965853286418525,0
2017-01-06,1.06021,1.06221,1.0522,1.0532,-0.006611897642919917,1
2017-01-09,1.05331,1.05892,1.0508,1.05838,0.004918344094189342,0
2017-01-10,1.05837,1.06274,1.0549,1.05562,-0.0026077590279484086,1
2017-01-11,1.05564,1.06229,1.0452,1.05833,0.002567211686023363,1
2017-01-12,1.05833,1.06848,1.0569,1.06119,0.0027023707161282218,1
2017-01-13,1.06116,1.06749,1.05956,1.06399,0.002638547291248461,0
2017-01-16,1.06213,1.06359,1.0577,1.05994,-0.0038064267521310535,1
2017-01-17,1.05982,1.072,1.0595,1.07108,0.010510028869558541,0
2017-01-18,1.07103,1.07133,1.0625,1.06336,-0.007207678231317849,1
2017-01-19,1.06336,1.06767,1.05887,1.06582,0.0023134216069815583,1
2017-01-20,1.06582,1.07096,1.0623,1.0699,0.003828038505563791,1
2017-01-23,1.07029,1.07726,1.0701,1.07719,0.00681372090849619,0
2017-01-24,1.0773,1.0775,1.0718,1.07312,-0.0037783492234424454,1
2017-01-25,1.07312,1.077,1.0709,1.07496,0.0017146265096166236,0
2017-01-26,1.07499,1.07657,1.0655,1.06799,-0.006483962193941983,1
2017-01-27,1.06797,1.0725,1.0657,1.06979,0.0016854090394105015,1
2017-01-30,1.07135,1.07403,1.06188,1.07011,0.0002991241271650402,1
2017-01-31,1.07007,1.08123,1.0682,1.07954,0.008812178187289188,0
2017-02-01,1.07957,1.08075,1.07292,1.07668,-0.0026492765437129417,0
2017-02-02,1.07671,1.08288,1.0754,1.07619,-0.00045510272318616263,1
2017-02-03,1.0761,1.08,1.07105,1.07804,0.0017190273093041775,0
2017-02-06,1.0784,1.07889,1.0704,1.07478,-0.003024006530369938,0
2017-02-07,1.07477,1.07496,1.0654,1.06805,-0.006261746589999895,1
2017-02-08,1.06798,1.07141,1.0638,1.06952,0.0013763400589861252,0
2017-02-09,1.06951,1.071,1.0649,1.06526,-0.003983095220285615,0
2017-02-10,1.06537,1.06677,1.0606,1.0637,-0.0014644312186695707,0
2017-02-13,1.06308,1.06585,1.059,1.05943,-0.00401428974334872,0
2017-02-14,1.05959,1.06335,1.0559,1.05773,-0.0016046364554525017,1
2017-02-15,1.05773,1.061,1.0519,1.05916,0.001351951821353392,1
2017-02-16,1.05923,1.068,1.059,1.06681,0.007222704784923817,0
2017-02-17,1.06684,1.06768,1.0603,1.06128,-0.0051836784432092164,1
2017-02-20,1.06201,1.0633,1.0601,1.06137,8.480325644488751e-05,0
2017-02-21,1.06132,1.06148,1.0523,1.05354,-0.007377257695242889,1
2017-02-22,1.05348,1.05741,1.0492,1.0556,0.001955312565256273,1
2017-02-23,1.05558,1.05953,1.0536,1.05775,0.0020367563471010985,0
2017-02-24,1.05777,1.062,1.0547,1.0551,-0.0025053178917513463,1
2017-02-27,1.05591,1.06306,1.0549,1.05864,0.0033551322149560914,0
2017-02-28,1.05867,1.06301,1.0565,1.05728,-0.0012846671200785753,0
2017-03-01,1.05725,1.05894,1.05127,1.05508,-0.0020808111380145045,0
2017-03-02,1.05509,1.0551,1.0493,1.05065,-0.004198733745308325,1
2017-03-03,1.05061,1.06239,1.05,1.06182,0.010631513824775007,0
2017-03-06,1.06094,1.06402,1.0572,1.05815,-0.003456329698065641,0
2017-03-07,1.05817,1.06026,1.0556,1.05672,-0.0013514152057835238,0
2017-03-08,1.0566,1.05742,1.0533,1.05406,-0.0025172231054585437,1
2017-03-09,1.05405,1.06154,1.0522,1.0576,0.00335844259340079,1
2017-03-10,1.05749,1.06991,1.05697,1.067,0.008888048411497484,0
2017-03-13,1.06791,1.07144,1.0649,1.06515,-0.0017338331771320492,0
2017-03-14,1.0652,1.06627,1.0598,1.06087,-0.00401821339717412,1
2017-03-15,1.06086,1.07401,1.0606,1.07301,0.011443437933017275,1
2017-03-16,1.07298,1.07742,1.0703,1.07713,0.0038396659863373372,0
2017-03-17,1.07714,1.07824,1.0725,1.07338,-0.0034814739167973174,0
2017-03-20,1.07413,1.07773,1.0722,1.07338,0.0,1
2017-03-21,1.07338,1.082,1.0717,1.08117,0.007257448433918956,0
2017-03-22,1.0811,1.08247,1.0773,1.07936,-0.0016741123042628425,0
2017-03-23,1.07938,1.0805,1.0766,1.07822,-0.0010561814408539538,1
2017-03-24,1.07823,1.0818,1.0758,1.0795,0.0011871417706961207,1
2017-03-27,1.08479,1.09061,1.0835,1.08647,0.00645669291338602,0
2017-03-28,1.08642,1.08727,1.0796,1.0814,-0.004666488720351358,0
2017-03-29,1.08145,1.08265,1.0737,1.07649,-0.004540410578879217,0
2017-03-30,1.07649,1.077,1.0669,1.06841,-0.007505875577106913,0
2017-03-31,1.06844,1.07019,1.06498,1.0663,-0.0019748972772625217,1
2017-04-03,1.06712,1.06811,1.064,1.06667,0.0003469942792835301,1
2017-04-04,1.06663,1.06851,1.0633,1.06791,0.0011624963671987842,0
2017-04-05,1.06788,1.069,1.06329,1.06687,-0.0009738648387972448,0
2017-04-06,1.0668,1.06841,1.0627,1.06429,-0.002418289013656816,0
2017-04-07,1.06427,1.06668,1.0578,1.05895,-0.005017429460015488,1
2017-04-10,1.05784,1.06067,1.0568,1.05982,0.0008215685348693658,1
2017-04-11,1.05977,1.06302,1.0576,1.06042,0.0005661338717894981,1
2017-04-12,1.06047,1.06751,1.0587,1.06665,0.005875030648233803,0
2017-04-13,1.06665,1.06777,1.06077,1.06161,-0.004725073829278781,0
2017-04-14,1.06167,1.063,1.0604,1.06117,-0.0004144648222982328,1
2017-04-17,1.06048,1.06705,1.0602,1.06409,0.002751679749710245,1
2017-04-18,1.06413,1.0736,1.0635,1.07289,0.008269977163585684,0
2017-04-19,1.07297,1.07369,1.0698,1.0714,-0.0013887723811387698,1
2017-04-20,1.07152,1.07776,1.0705,1.07143,2.8000746686851485e-05,1
2017-04-21,1.07146,1.07381,1.068,1.07246,0.0009613320515571289,1
2017-04-24,1.08842,1.08902,1.0818,1.08675,0.01332450627529247,1
2017-04-25,1.08675,1.095,1.0849,1.09295,0.005705083965953595,0
2017-04-26,1.09296,1.09509,1.08553,1.09084,-0.0019305549201702465,0
2017-04-27,1.09084,1.09329,1.0849,1.08701,-0.0035110557001943876,1
2017-04-28,1.08698,1.09475,1.0855,1.08932,0.002125095445304037,1
2017-05-01,1.09023,1.09241,1.08829,1.091,0.0015422465391252693,1
2017-05-02,1.09104,1.09332,1.0886,1.09308,0.00190650779101742,0
2017-05-03,1.09303,1.0937,1.088,1.08886,-0.003860650638562668,1
2017-05-04,1.0889,1.09873,1.0873,1.09802,0.008412468085888136,1
2017-05-05,1.09802,1.1,1.09483,1.0995,0.001347880730769857,0
2017-05-08,1.0993,1.09968,1.0915,1.09252,-0.006348340154615717,0
2017-05-09,1.09256,1.09335,1.0861,1.08819,-0.003963314172738208,0
2017-05-10,1.08822,1.08982,1.0851,1.08659,-0.001470331467850361,0
2017-05-11,1.08665,1.08931,1.0837,1.08633,-0.00023928068544709635,1
2017-05-12,1.08633,1.09343,1.0854,1.0926,0.005771726823341039,1
2017-05-15,1.09253,1.099,1.092,1.09808,0.005015559216547727,1
2017-05-16,1.09803,1.10973,1.0976,1.10946,0.010363543639807515,1
2017-05-17,1.10949,1.11743,1.108,1.11614,0.0060209471274312865,0
2017-05-18,1.11612,1.1172,1.1074,1.11076,-0.00482018384790428,1
2017-05-19,1.11076,1.12122,1.1097,1.1204,0.00867874248262468,1
2017-05-22,1.12062,1.12635,1.1159,1.12384,0.0030703320242768672,0
2017-05-23,1.12387,1.12683,1.1172,1.1187,-0.004573604783599028,1
2017-05-24,1.11876,1.12264,1.1166,1.12169,0.002672745150621214,0
2017-05-25,1.12172,1.12506,1.11927,1.12127,-0.0003744350043238809,0
2017-05-26,1.12124,1.12347,1.1159,1.1177,-0.00318388969650496,0
2017-05-29,1.11827,1.119,1.1133,1.11385,-0.0034445736780888137,1
2017-05-30,1.11385,1.12055,1.1107,1.11734,0.0031332764734928187,1
2017-05-31,1.11734,1.12523,1.1162,1.12387,0.005844237206221958,0
2017-06-01,1.12387,1.12567,1.12,1.12186,-0.0017884630784698041,1
2017-06-02,1.12186,1.12851,1.1203,1.1279,0.005383915996648225,0
2017-06-05,1.12785,1.12811,1.1233,1.12581,-0.0018530011525843548,1
2017-06-06,1.12572,1.12843,1.1238,1.12774,0.0017143212442596312,0
2017-06-07,1.12777,1.12827,1.1202,1.1258,-0.0017202546686293507,0
2017-06-08,1.12581,1.127,1.1194,1.12034,-0.004849884526558879,0
2017-06-09,1.12032,1.12159,1.1164,1.1194,-0.0008390310084438468,1
2017-06-12,1.12036,1.12322,1.11902,1.12011,0.0006342683580489172,1
2017-06-13,1.12018,1.1225,1.11832,1.12075,0.0005713724544911258,1
2017-06-14,1.12081,1.1296,1.1192,1.12097,0.00019629712246271858,0
2017-06-15,1.12098,1.12286,1.113,1.11462,-0.0056647367904583135,1
2017-06-16,1.11462,1.12017,1.11364,1.11837,0.003364375302793876,0
2017-06-19,1.12036,1.12129,1.1142,1.11517,-0.00286130708084098,0
2017-06-20,1.11517,1.1165,1.11168,1.1135,-0.0014975295246465459,1
2017-06-21,1.11343,1.1169,1.11259,1.11668,0.0028558599012122876,0
2017-06-22,1.11668,1.118,1.11376,1.11499,-0.001513414765196841,1
2017-06-23,1.11499,1.121,1.1143,1.1183,0.002968636490013443,0
2017-06-26,1.11964,1.122,1.117,1.11804,-0.0002324957524816318,1
2017-06-27,1.11804,1.13494,1.1177,1.1343,0.014543307931737859,1
2017-06-28,1.1343,1.13909,1.12908,1.13775,0.003041523406506208,1
2017-06-29,1.13772,1.14456,1.1375,1.14426,0.005721819380355875,0
2017-06-30,1.14422,1.14445,1.13902,1.1427,-0.0013633265167007913,0
2017-07-03,1.14252,1.14259,1.13532,1.13662,-0.005320731600595208,0
2017-07-04,1.13665,1.13771,1.13344,1.13531,-0.00115253998697884,1
2017-07-05,1.1353,1.137,1.1311,1.13532,8.808166932494643e-06,1
2017-07-06,1.13532,1.1425,1.13279,1.1422,0.006059965472289708,0
2017-07-07,1.1422,1.144,1.13782,1.1398,-0.0021012081947121564,0
2017-07-10,1.13999,1.142,1.138,1.13965,-0.00013160203544471116,1
2017-07-11,1.13965,1.14797,1.13808,1.14699,0.006440573860395649,0
2017-07-12,1.14697,1.14896,1.1391,1.14159,-0.0047079747861793475,0
2017-07-13,1.14159,1.14559,1.1369,1.13957,-0.001769461890871571,1
2017-07-14,1.13953,1.1472,1.139,1.14613,0.005756557297928344,1
2017-07-17,1.14699,1.149,1.1433,1.14768,0.0013523771299939202,1
2017-07-18,1.14769,1.15832,1.14694,1.15505,0.006421650634323095,0
2017-07-19,1.15504,1.15535,1.1509,1.1527,-0.002034543959135826,1
2017-07-20,1.15273,1.16582,1.14776,1.16268,0.008657933547323582,1
2017-07-21,1.16272,1.1683,1.1617,1.1659,0.002769463652939841,0
2017-07-24,1.16726,1.16843,1.1625,1.1637,-0.0018869542842439024,1
2017-07-25,1.16374,1.17121,1.1629,1.1646,0.0007733952049497894,1
2017-07-26,1.16463,1.17478,1.1612,1.17343,0.007582002404258992,0
2017-07-27,1.17343,1.17768,1.16486,1.16841,-0.004278056637379346,1
2017-07-28,1.16839,1.17641,1.167,1.1751,0.005725729837984916,1
2017-07-31,1.17592,1.18457,1.1721,1.1831,0.006807931239894538,0
2017-08-01,1.18308,1.184,1.17843,1.18054,-0.002163806947849012,1
2017-08-02,1.18055,1.19103,1.1792,1.18512,0.003879580530943505,1
2017-08-03,1.18509,1.18931,1.18286,1.18772,0.0021938706628865656,0
2017-08-04,1.18772,1.189,1.17274,1.1772,-0.008857306435860357,1
2017-08-07,1.17859,1.18141,1.1775,1.1792,0.0016989466530750175,0
2017-08-08,1.1792,1.1824,1.1714,1.17592,-0.0027815468113975284,1
2017-08-09,1.17592,1.17701,1.16878,1.17626,0.0002891353153275933,1
2017-08-10,1.17625,1.17855,1.17024,1.17656,0.0002550456531718037,1
2017-08-11,1.17655,1.18473,1.17469,1.18241,0.004972122118718891,0
2017-08-14,1.18215,1.184,1.1769,1.17781,-0.0038903595199634156,0
2017-08-15,1.17786,1.17928,1.1686,1.17374,-0.0034555658382930954,1
2017-08-16,1.17374,1.17795,1.16809,1.17775,0.0034164295329459637,0
2017-08-17,1.17769,1.179,1.16618,1.17266,-0.0043218000424538605,1
2017-08-18,1.17266,1.17746,1.1707,1.176,0.002848225402077187,1
2017-08-21,1.17538,1.18282,1.17294,1.18093,0.004192176870748465,0
2017-08-22,1.18093,1.18244,1.17435,1.17636,-0.003869831404062829,1
2017-08-23,1.1764,1.18232,1.17392,1.18115,0.004071882756979006,0
2017-08-24,1.18115,1.18178,1.17826,1.18029,-0.0007281039664732702,1
2017-08-25,1.18027,1.19415,1.1772,1.1924,0.010260190292216143,1
2017-08-28,1.19519,1.19861,1.1915,1.19678,0.0036732640053673826,1
2017-08-29,1.19679,1.20704,1.1945,1.19744,0.000551479804141275,0
2017-08-30,1.19744,1.19845,1.1879,1.18959,-0.006555652057723238,1
2017-08-31,1.18962,1.19229,1.1821,1.19128,0.001420657537470893,0
2017-09-01,1.19128,1.19798,1.18481,1.1857,-0.0046840373379892775,1
2017-09-04,1.18783,1.19221,1.1876,1.18979,0.0034494391498691712,1
2017-09-05,1.18977,1.19407,1.1867,1.19206,0.0019078997133947784,1
2017-09-06,1.19206,1.19504,1.1902,1.19251,0.00037749777695750275,1
2017-09-07,1.19248,1.20596,1.1913,1.20187,0.00784899078414436,1
2017-09-08,1.20189,1.20924,1.2013,1.2035,0.0013562198906704737,0
2017-09-11,1.20187,1.203,1.1946,1.19624,-0.006032405484005077,1
2017-09-12,1.19623,1.19782,1.1925,1.19716,0.0007690764395105187,0
2017-09-13,1.19717,1.19949,1.1871,1.18934,-0.006532126031608132,1
2017-09-14,1.18933,1.19229,1.1837,1.19188,0.002135638253148775,1
2017-09-15,1.19187,1.19873,1.19,1.19418,0.0019297244689062687,1
2017-09-18,1.19418,1.197,1.1913,1.19564,0.001222596258520614,1
2017-09-19,1.19557,1.20066,1.1953,1.1994,0.0031447592920945677,0
2017-09-20,1.19942,1.20338,1.186,1.18895,-0.008712689678172514,1
2017-09-21,1.1889,1.19538,1.1864,1.19409,0.004323142268388258,1
2017-09-22,1.19409,1.20046,1.1935,1.1951,0.0008458323911932908,0
2017-09-25,1.19221,1.19365,1.1831,1.18554,-0.007999330599949839,0
2017-09-26,1.18555,1.18616,1.1756,1.17895,-0.005558648379641373,0
2017-09-27,1.17891,1.17954,1.1716,1.17423,-0.0040035624920479185,1
2017-09-28,1.17423,1.18041,1.172,1.17806,0.0032617119303715025,1
2017-09-29,1.17806,1.18325,1.177,1.1813,0.002750284365821587,0
2017-10-02,1.18107,1.18115,1.1728,1.17383,-0.006323541860662085,1
2017-10-03,1.17389,1.17737,1.1695,1.17423,0.00034076484669864904,1
2017-10-04,1.17431,1.17878,1.174,1.17608,0.0015755005407798173,0
2017-10-05,1.17606,1.178,1.1698,1.17102,-0.0043024284062309626,1
2017-10-06,1.17103,1.174,1.1668,1.17259,0.0013407115164558725,1
2017-10-09,1.17391,1.17561,1.1718,1.17411,0.0012962757656127533,1
2017-10-10,1.17412,1.18254,1.1738,1.18107,0.005927894319952998,1
2017-10-11,1.18103,1.18692,1.1794,1.18627,0.004402787303038558,0
2017-10-12,1.18628,1.188,1.18254,1.18348,-0.0023519097675906986,0
2017-10-13,1.18344,1.18749,1.1804,1.18199,-0.0012589988846453126,0
2017-10-16,1.18067,1.182,1.1779,1.1792,-0.002360426061134291,0
2017-10-17,1.1792,1.1795,1.1735,1.17682,-0.0020183175033922085,1
2017-10-18,1.17683,1.18054,1.1729,1.17944,0.0022263387773830967,1
2017-10-19,1.17946,1.186,1.1767,1.1847,0.0044597436071356356,0
2017-10-20,1.18471,1.1858,1.1761,1.1783,-0.005402211530345369,0
2017-10-23,1.17617,1.178,1.1724,1.17494,-0.00285156581515722,1
2017-10-24,1.17495,1.1793,1.1741,1.17645,0.0012851720087834195,1
2017-10-25,1.17645,1.18178,1.1751,1.18153,0.004318075566322355,0
2017-10-26,1.1815,1.18369,1.1639,1.16455,-0.014371196668726105,0
2017-10-27,1.16454,1.16457,1.1572,1.1606,-0.0033918681035591813,1
2017-10-30,1.15949,1.1658,1.1594,1.16432,0.0032052386696534985,1
2017-10-31,1.16431,1.16614,1.1623,1.16495,0.0005410883605880823,0
2017-11-01,1.16494,1.16573,1.1605,1.16184,-0.0026696424739258706,1
2017-11-02,1.16184,1.16873,1.1616,1.16572,0.0033395304000551906,0
2017-11-03,1.16572,1.16917,1.1597,1.1605,-0.00447791922588614,1
2017-11-06,1.16151,1.16241,1.1579,1.16089,0.0003360620422230287,0
2017-11-07,1.161,1.16155,1.1553,1.15929,-0.0013782528921776338,1
2017-11-08,1.15927,1.16112,1.1578,1.15935,5.175581605998403e-05,1
2017-11-09,1.15935,1.16549,1.1584,1.16432,0.004286884892396481,1
2017-11-10,1.16431,1.168,1.1621,1.1663,0.0017005634189912744,1
2017-11-13,1.16568,1.16753,1.1636,1.16644,0.00012003772614255226,1
2017-11-14,1.1664,1.18051,1.166,1.17979,0.011445080758547332,0
2017-11-15,1.17979,1.18606,1.1767,1.17688,-0.002466540655540417,1
2017-11-16,1.17696,1.1801,1.1756,1.17706,0.00015294677452248884,1
2017-11-17,1.177,1.18218,1.1764,1.17875,0.001435780673882281,0
2017-11-20,1.17652,1.181,1.1721,1.17335,-0.00458112407211031,0
2017-11-21,1.17338,1.17578,1.1712,1.17335,0.0,1
2017-11-22,1.17335,1.1827,1.1732,1.1818,0.007201602249968131,1
2017-11-23,1.18171,1.1856,1.1812,1.185,0.002707733965138015,1
2017-11-24,1.18497,1.19444,1.1835,1.1931,0.0068354430379746756,0
2017-11-27,1.1935,1.19612,1.1889,1.18994,-0.002648562568099977,0
2017-11-28,1.18994,1.192,1.1826,1.18465,-0.004445602299275597,1
2017-11-29,1.18467,1.18829,1.1816,1.18492,0.00022791541805600168,1
2017-11-30,1.18497,1.19316,1.1808,1.18895,0.0034010734901934736,1
2017-12-01,1.18895,1.19403,1.1849,1.18971,0.0006392194793727324,0
2017-12-04,1.18691,1.188,1.1828,1.18679,-0.0024543796387355155,0
2017-12-05,1.18677,1.18768,1.1799,1.18285,-0.0033198796754270177,0
2017-12-06,1.18285,1.18481,1.1779,1.18026,-0.0021896267489537324,0
2017-12-07,1.18031,1.18147,1.17687,1.17754,-0.002304576957619542,0
2017-12-08,1.17756,1.17766,1.1729,1.17686,-0.0005774750751567082,1
2017-12-11,1.17693,1.18118,1.1762,1.17728,0.0003568818721004785,0
2017-12-12,1.17724,1.17927,1.1716,1.17361,-0.0031173552595814558,1
2017-12-13,1.17363,1.18349,1.1728,1.18256,0.007626042722880699,0
2017-12-14,1.18257,1.18627,1.1763,1.17653,-0.00509910702205385,0
2017-12-15,1.1765,1.18124,1.17455,1.1749,-0.001385430035783175,1
2017-12-18,1.17457,1.18343,1.1739,1.17826,0.0028598178568388644,1
2017-12-19,1.17825,1.1849,1.1775,1.18415,0.0049988966781524535,1
2017-12-20,1.18411,1.19018,1.1827,1.18724,0.002609466706076091,0
2017-12-21,1.18724,1.189,1.1848,1.18661,-0.0005306424985682678,0
2017-12-22,1.18663,1.18686,1.18156,1.186,-0.0005140694920824362,1
2017-12-25,1.1858,1.1881,1.18423,1.18715,0.0009696458684653741,0
2017-12-26,1.18715,1.18787,1.1845,1.186,-0.0009687065661457828,1
2017-12-27,1.18605,1.19104,1.1854,1.18983,0.0032293423271501087,1
2017-12-28,1.18988,1.19591,1.1895,1.19383,0.0033618247985005567,1
2017-12-29,1.19381,1.20255,1.1936,1.1994,0.004665655914158684,1
2018-01-01,1.2002,1.20166,1.19912,1.20138,0.001650825412706336,1
2018-01-02,1.20136,1.20813,1.20013,1.20573,0.003620836038555675,0
2018-01-03,1.20573,1.20663,1.2,1.20098,-0.003939522115233074,1
2018-01-04,1.20095,1.209,1.20028,1.20709,0.005087511865309979,0
2018-01-05,1.20716,1.20829,1.2019,1.2026,-0.0037196895011971653,0
2018-01-08,1.20314,1.20523,1.1954,1.19678,-0.004839514385498012,0
2018-01-09,1.19679,1.19757,1.1914,1.19353,-0.002715620247664585,1
2018-01-10,1.19356,1.20181,1.1922,1.19489,0.0011394770135648713,1
2018-01-11,1.19494,1.206,1.1928,1.20384,0.007490229226121192,1
2018-01-12,1.20383,1.22188,1.2029,1.21991,0.01334895002658154,1
2018-01-15,1.22026,1.22967,1.2186,1.22641,0.0053282619209613635,0
2018-01-16,1.22641,1.22835,1.2194,1.22554,-0.0007093875620713952,0
2018-01-17,1.22559,1.23232,1.21638,1.21651,-0.007368180557142279,1
2018-01-18,1.21652,1.22649,1.21638,1.22402,0.00617339767038505,0
2018-01-19,1.22396,1.22954,1.2213,1.22195,-0.0016911488374372619,1
2018-01-22,1.22586,1.22671,1.2213,1.226,0.0033143745652439716,1
2018-01-23,1.22603,1.23062,1.22219,1.2297,0.0030179445350735357,1
2018-01-24,1.22972,1.24149,1.22898,1.24028,0.008603724485646946,0
2018-01-25,1.24043,1.25378,1.2363,1.23714,-0.0025316863933951828,1
2018-01-26,1.23724,1.24937,1.23717,1.24224,0.004122411368155721,0
2018-01-29,1.24153,1.24323,1.2335,1.23818,-0.0032682895414734014,1
2018-01-30,1.23825,1.2454,1.2334,1.24042,0.0018091069149881456,1
2018-01-31,1.2405,1.24749,1.2386,1.24121,0.0006368810564163496,1
2018-02-01,1.24123,1.25229,1.2384,1.25046,0.0074524053141691304,0
2018-02-02,1.25045,1.252,1.2408,1.2457,-0.003806599171504832,0
2018-02-05,1.2431,1.24749,1.23619,1.23755,-0.006542506221401734,1
2018-02-06,1.23749,1.24346,1.2312,1.23803,0.00038786311664185114,0
2018-02-07,1.23801,1.24061,1.2244,1.22535,-0.010242078140271227,0
2018-02-08,1.22537,1.2295,1.221,1.22469,-0.0005386216183130843,1
2018-02-09,1.22469,1.22873,1.2204,1.22515,0.0003756052552073008,1
2018-02-12,1.22518,1.22977,1.2233,1.22906,0.0031914459453945554,1
2018-02-13,1.22906,1.23711,1.2283,1.23499,0.004824825476380301,1
2018-02-14,1.23496,1.24651,1.2275,1.24538,0.008413023587235502,1
2018-02-15,1.24539,1.25104,1.2446,1.25003,0.0037338001252629205,0
2018-02-16,1.25004,1.25556,1.2392,1.2411,-0.0071438285481147945,0
2018-02-19,1.2415,1.24352,1.2367,1.24059,-0.000410925791636485,0
2018-02-20,1.24061,1.24122,1.23189,1.2333,-0.00587623630691847,0
2018-02-21,1.23349,1.23599,1.22719,1.22754,-0.004670396497202578,1
2018-02-22,1.22752,1.23521,1.22579,1.23297,0.004423481108558391,0
2018-02-23,1.23297,1.23374,1.2278,1.2294,-0.0028954475777998034,1
2018-02-26,1.22881,1.2355,1.2276,1.23125,0.001504799088986486,0
2018-02-27,1.2312,1.23464,1.222,1.22351,-0.00628629441624351,0
2018-02-28,1.22354,1.22418,1.2186,1.21924,-0.0034899592156990566,1
2018-03-01,1.2192,1.22746,1.2153,1.22743,0.006717299301203905,1
2018-03-02,1.22743,1.23359,1.225,1.2317,0.0034788134557570682,1
2018-03-05,1.23453,1.235,1.2267,1.2334,0.0013802062190468867,1
2018-03-06,1.23347,1.24236,1.2327,1.24206,0.007021242095021751,0
2018-03-07,1.24208,1.2445,1.2383,1.24102,-0.0008373186480523653,0
2018-03-08,1.24102,1.24462,1.2297,1.2313,-0.007832267006172344,0
2018-03-09,1.23123,1.23343,1.2272,1.23054,-0.0006172338179161185,1
2018-03-12,1.23104,1.23456,1.2289,1.23334,0.0022754237976825298,1
2018-03-13,1.23333,1.241,1.2313,1.23925,0.004791865989913546,0
2018-03-14,1.23932,1.24127,1.2346,1.2368,-0.001977002219084145,0
2018-03-15,1.23681,1.23836,1.2299,1.23058,-0.005029107373867969,0
2018-03-16,1.23058,1.23364,1.2259,1.2285,-0.0016902598774561906,1
2018-03-19,1.22852,1.23588,1.2257,1.23348,0.0040537240537239505,0
2018-03-20,1.2335,1.23547,1.2237,1.22453,-0.0072558938936991835,1
2018-03-21,1.22454,1.235,1.2242,1.23421,0.007905073783410987,0
2018-03-22,1.23421,1.239,1.2284,1.23194,-0.0018392331937028272,1
2018-03-23,1.23203,1.23734,1.2315,1.23524,0.002678701884831991,1
2018-03-26,1.23668,1.24616,1.235,1.2451,0.0079822544606718,0
2018-03-27,1.24515,1.24765,1.2371,1.2406,-0.0036141675367441506,0
2018-03-28,1.24062,1.24216,1.2298,1.23095,-0.007778494276962755,0
2018-03-29,1.23094,1.23356,1.2282,1.2303,-0.0005280474430318094,1
2018-03-30,1.23036,1.23306,1.22894,1.2323,0.0016256197675363904,0
2018-04-02,1.23172,1.2345,1.2281,1.23009,-0.0017933944656334244,0
2018-04-03,1.23009,1.23364,1.2252,1.22722,-0.0023331626141176454,1
2018-04-04,1.22725,1.23149,1.2255,1.22845,0.0010022652825085743,0
2018-04-05,1.22845,1.22903,1.2217,1.22435,-0.003337539175383597,1
2018-04-06,1.22441,1.2291,1.2214,1.22825,0.003185363662351559,1
2018-04-09,1.22739,1.23308,1.2259,1.2321,0.003134541013637193,1
2018-04-10,1.23221,1.23776,1.2301,1.2356,0.002840678516354167,1
2018-04-11,1.23575,1.23964,1.2346,1.23699,0.001124959533829628,0
2018-04-12,1.23699,1.23798,1.2298,1.23285,-0.0033468338466762226,0
2018-04-13,1.23285,1.2346,1.2306,1.23283,-1.622257371125535e-05,1
2018-04-16,1.23285,1.23946,1.2323,1.23814,0.004307163193627561,0
2018-04-17,1.23817,1.24137,1.2335,1.23718,-0.0007753565832619991,1
2018-04-18,1.23719,1.23972,1.2341,1.23791,0.0005900515688905816,0
2018-04-19,1.23792,1.24003,1.2328,1.23419,-0.0030050649885695613,0
2018-04-20,1.23424,1.23529,1.2249,1.22864,-0.004496876493894741,0
2018-04-23,1.228,1.229,1.2196,1.22098,-0.006234535746842074,1
2018-04-24,1.221,1.22449,1.218,1.22326,0.0018673524545858022,0
2018-04-25,1.22328,1.22388,1.2158,1.21687,-0.005223746382617023,0
2018-04-26,1.21687,1.221,1.2093,1.21036,-0.005349790856870373,1
2018-04-27,1.21044,1.2133,1.2053,1.2125,0.001768069004262962,0
2018-04-30,1.21213,1.214,1.2062,1.20805,-0.003670103092783372,0
2018-05-01,1.20805,1.20842,1.1979,1.19892,-0.007557634203882335,0
2018-05-02,1.19891,1.20317,1.1936,1.19539,-0.002944316551563131,1
2018-05-03,1.19543,1.201,1.1946,1.19857,0.002660219677260045,0
2018-05-04,1.19862,1.19956,1.1909,1.19585,-0.002269371000442,0
2018-05-07,1.19598,1.1978,1.1896,1.1922,-0.0030522222686792944,0
2018-05-08,1.1922,1.19388,1.1837,1.18595,-0.005242408991779746,0
2018-05-09,1.18594,1.1897,1.1821,1.1853,-0.0005480838146634248,1
2018-05-10,1.18529,1.19467,1.18419,1.19178,0.0054669703872438635,1
2018-05-11,1.19178,1.197,1.189,1.19415,0.0019886220611187166,0
2018-05-14,1.19472,1.19961,1.192,1.19285,-0.001088640455554235,0
2018-05-15,1.19285,1.194,1.1816,1.18175,-0.009305444942783958,0
2018-05-16,1.18178,1.18542,1.1762,1.18151,-0.00020308863972917646,0
2018-05-17,1.18156,1.18374,1.1775,1.1797,-0.001531937943817785,0
2018-05-18,1.17969,1.18221,1.1749,1.17699,-0.0022971942019157643,1
2018-05-21,1.17664,1.17967,1.1715,1.17953,0.0021580472221514047,0
2018-05-22,1.17952,1.183,1.1755,1.17822,-0.0011106118538739551,0
2018-05-23,1.17824,1.17897,1.1674,1.1704,-0.0066371305868173636,1
2018-05-24,1.17048,1.17503,1.1689,1.17214,0.0014866712235130919,0
2018-05-25,1.17212,1.17336,1.1644,1.165,-0.0060914225263193345,0
2018-05-28,1.16888,1.173,1.1605,1.16264,-0.0020257510729615458,0
2018-05-29,1.16262,1.164,1.1509,1.15409,-0.007353953072318009,1
2018-05-30,1.15407,1.16764,1.1517,1.1664,0.010666412498158806,1
2018-05-31,1.16647,1.17243,1.164,1.17048,0.003497942386831099,0
2018-06-01,1.17049,1.17179,1.16161,1.16588,-0.0039300116191647305,1
2018-06-04,1.16623,1.17445,1.1661,1.16991,0.003456616461385398,1
2018-06-05,1.16991,1.17321,1.1651,1.17203,0.0018121052046737862,1
2018-06-06,1.17203,1.17957,1.1711,1.17815,0.005221709341911129,1
2018-06-07,1.17816,1.184,1.1777,1.17969,0.0013071340661205966,0
2018-06-08,1.17969,1.18103,1.1725,1.17677,-0.0024752265425661557,1
2018-06-11,1.17715,1.18206,1.1769,1.1775,0.0006203421229296069,0
2018-06-12,1.17748,1.181,1.1732,1.17457,-0.0024883227176221157,1
2018-06-13,1.17458,1.18027,1.17246,1.17987,0.004512289603855191,0
2018-06-14,1.17988,1.18518,1.1562,1.1582,-0.018366430199937334,1
2018-06-15,1.15835,1.1627,1.1542,1.1609,0.0023312035917804064,1
2018-06-18,1.15945,1.1627,1.1564,1.16212,0.0010509087776724435,0
2018-06-19,1.16212,1.16445,1.153,1.15884,-0.0028224279764568205,0
2018-06-20,1.15882,1.16,1.1536,1.15765,-0.0010268889579234664,1
2018-06-21,1.1575,1.16335,1.1507,1.16095,0.002850602513712941,1
2018-06-22,1.16097,1.1675,1.1598,1.16536,0.003798613204702983,1
2018-06-25,1.16689,1.17131,1.1627,1.1702,0.004153223038374287,0
2018-06-26,1.17022,1.17205,1.1634,1.16497,-0.004469321483506983,0
2018-06-27,1.165,1.16722,1.1539,1.15596,-0.007734104740894532,1
2018-06-28,1.15594,1.16007,1.1526,1.15644,0.00041523928163589297,1
2018-06-29,1.1564,1.16904,1.156,1.16839,0.010333437100065845,0
2018-07-02,1.16736,1.16824,1.159,1.1639,-0.0038428949237840904,1
2018-07-03,1.16395,1.16732,1.1619,1.16587,0.0016925852736489055,1
2018-07-04,1.16596,1.16818,1.1628,1.1659,2.5731856896582528e-05,1
2018-07-05,1.16588,1.17203,1.1648,1.16911,0.0027532378420105363,1
2018-07-06,1.16907,1.17678,1.1679,1.17462,0.004712986801926222,1
2018-07-09,1.17499,1.17908,1.1731,1.17491,0.00024688835538300147,0
2018-07-10,1.175,1.17627,1.1689,1.17357,-0.0011405128903489992,0
2018-07-11,1.17357,1.176,1.1664,1.16757,-0.005112605127942982,0
2018-07-12,1.16758,1.16958,1.1648,1.16637,-0.0010277756365786317,1
2018-07-13,1.16637,1.16868,1.1611,1.16843,0.0017661633958350187,1
2018-07-16,1.16828,1.17254,1.1674,1.17102,0.002216649692322159,0
2018-07-17,1.17103,1.17447,1.1649,1.16579,-0.004466191866919322,0
2018-07-18,1.16578,1.1665,1.16,1.16434,-0.0012437917635252926,1
2018-07-19,1.16435,1.16785,1.1574,1.1644,5.1531339643196006e-05,1
2018-07-20,1.16452,1.17389,1.1625,1.1718,0.006355204397114234,0
2018-07-23,1.17338,1.17512,1.1682,1.16914,-0.0022700119474311498,0
2018-07-24,1.16915,1.17169,1.1653,1.16815,-0.0008467762628940889,1
2018-07-25,1.16816,1.17387,1.1663,1.17312,0.004254590591961538,0
2018-07-26,1.17311,1.17436,1.1636,1.16413,-0.0076633251500271005,1
2018-07-27,1.16414,1.16644,1.1619,1.1659,0.0015204487471329742,1
2018-07-30,1.166,1.172,1.1646,1.1708,0.0042027618149069745,0
2018-07-31,1.17078,1.17459,1.16822,1.16865,-0.001836351212845977,0
2018-08-01,1.16863,1.16996,1.1656,1.16629,-0.0020194241218499664,0
2018-08-02,1.16627,1.16676,1.158,1.15854,-0.006645002529388155,0
2018-08-03,1.1586,1.16107,1.1559,1.1565,-0.0017608369154278325,0
2018-08-06,1.15608,1.15704,1.1528,1.15564,-0.0007436230004324029,1
2018-08-07,1.15564,1.16082,1.1549,1.15997,0.0037468415769617014,1
2018-08-08,1.15997,1.16282,1.1571,1.16119,0.0010517513383967447,0
2018-08-09,1.16117,1.16195,1.1518,1.15204,-0.00787984739792802,0
2018-08-10,1.15205,1.15366,1.1386,1.14115,-0.009452796777889572,0
2018-08-13,1.1398,1.14329,1.1364,1.14049,-0.0005783639311222055,0
2018-08-14,1.1405,1.14294,1.1329,1.13496,-0.004848793062630974,0
2018-08-15,1.13496,1.1355,1.13,1.13455,-0.00036124621132027634,1
2018-08-16,1.13453,1.14092,1.1334,1.13737,0.002485566964876007,1
2018-08-17,1.13736,1.14449,1.1364,1.1437,0.005565471218688778,1
2018-08-20,1.14377,1.14922,1.1393,1.14918,0.004791466293608604,1
2018-08-21,1.14918,1.16012,1.1484,1.15744,0.0071877338624062315,1
2018-08-22,1.1574,1.16229,1.1552,1.15968,0.0019353055017969911,0
2018-08-23,1.15969,1.15976,1.1528,1.15401,-0.004889279801324586,1
2018-08-24,1.15401,1.16399,1.1537,1.1621,0.00701033786535632,1
2018-08-27,1.16281,1.16937,1.1593,1.16804,0.0051114361930988395,1
2018-08-28,1.16805,1.17335,1.1661,1.16932,0.0010958528817506252,1
2018-08-29,1.1695,1.17102,1.1651,1.17062,0.0011117572606302861,0
2018-08-30,1.17063,1.17182,1.1639,1.16628,-0.003707437084621845,0
2018-08-31,1.16629,1.16901,1.1583,1.1599,-0.005470384470281586,1
2018-09-03,1.15974,1.16279,1.1588,1.1617,0.0015518579187860926,0
2018-09-04,1.1617,1.16175,1.1529,1.1583,-0.0029267452870791466,1
2018-09-05,1.15829,1.16403,1.1542,1.16323,0.004256237589570722,0
2018-09-06,1.16323,1.16593,1.1604,1.1624,-0.0007135304282041011,0
2018-09-07,1.16245,1.16495,1.1549,1.15521,-0.006185478320715809,1
2018-09-10,1.15551,1.16161,1.1525,1.15944,0.0036616719038096157,1
2018-09-11,1.15943,1.16443,1.1564,1.1602,0.0006554888566894235,1
2018-09-12,1.16021,1.16497,1.1568,1.16275,0.002197896914325259,1
2018-09-13,1.16278,1.1701,1.1607,1.16896,0.0053407869275425846,0
2018-09-14,1.16904,1.17216,1.16186,1.16246,-0.005560498220640531,1
2018-09-17,1.16255,1.16982,1.1617,1.16705,0.003948522959929646,1
2018-09-18,1.16707,1.17245,1.1651,1.16788,0.0007111948931066703,0
2018-09-19,1.16792,1.17149,1.1649,1.16707,-0.0006935644073020608,1
2018-09-20,1.16706,1.17845,1.1668,1.17792,0.009296785968279542,0
2018-09-21,1.17791,1.18027,1.1731,1.17474,-0.0026996740016301812,1
2018-09-24,1.1746,1.18153,1.1722,1.175,0.00022132556991349972,1
2018-09-25,1.17495,1.17925,1.173,1.17662,0.0013787234042552665,0
2018-09-26,1.17664,1.17979,1.1725,1.1749,-0.0014618143495775948,0
2018-09-27,1.1749,1.17571,1.1632,1.16346,-0.009736998893522975,0
2018-09-28,1.16343,1.16512,1.1569,1.16,-0.002973888229934829,0
2018-10-01,1.16047,1.16246,1.1562,1.15754,-0.0021206896551723142,0
2018-10-02,1.15757,1.15802,1.1504,1.155,-0.0021943086200044704,0
2018-10-03,1.15507,1.15937,1.1463,1.14836,-0.005748917748917726,1
2018-10-04,1.14836,1.15428,1.1462,1.15163,0.002847539099237073,1
2018-10-05,1.15164,1.15497,1.1483,1.15229,0.0005731007354794482,0
2018-10-08,1.1525,1.15296,1.1458,1.14922,-0.0026642598651381855,1
2018-10-09,1.14926,1.15034,1.1429,1.14952,0.00026104662292691927,1
2018-10-10,1.14951,1.15454,1.1477,1.15355,0.00350581112116366,1
2018-10-11,1.15352,1.15994,1.1527,1.15921,0.004906592692124345,0
2018-10-12,1.15921,1.16105,1.1533,1.15585,-0.0028985257201025183,1
2018-10-15,1.1551,1.16062,1.1541,1.15836,0.0021715620538997893,0
2018-10-16,1.15837,1.16215,1.1563,1.15736,-0.000863289478227891,0
2018-10-17,1.15742,1.15804,1.1495,1.1497,-0.006618511094214408,0
2018-10-18,1.14984,1.15273,1.1448,1.14554,-0.0036183352178829065,1
2018-10-19,1.14557,1.15346,1.1432,1.15129,0.00501946680168297,0
2018-10-22,1.15116,1.15502,1.1454,1.14655,-0.004117120794934315,1
2018-10-23,1.14656,1.14938,1.1438,1.1469,0.0003052636169378342,0
2018-10-24,1.14688,1.14767,1.1378,1.13989,-0.006112128345976076,0
2018-10-25,1.13989,1.14326,1.1355,1.13738,-0.002201966856451021,1
2018-10-26,1.1374,1.14212,1.1334,1.14,0.0023035397140795943,0
2018-10-29,1.1404,1.14164,1.1359,1.13728,-0.0023859649122806026,0
2018-10-30,1.13728,1.13879,1.1337,1.13428,-0.0026378728193585665,0
2018-10-31,1.13429,1.13604,1.13,1.13168,-0.002292202983390279,1
2018-11-01,1.1317,1.14241,1.1311,1.14042,0.007723031245581824,0
2018-11-02,1.14044,1.14558,1.1371,1.1387,-0.0015082162711982372,1
2018-11-05,1.13909,1.1424,1.13529,1.14081,0.0018529902520418862,1
2018-11-06,1.14081,1.1438,1.139,1.14192,0.0009729928734845128,1
2018-11-07,1.14189,1.14997,1.1393,1.143,0.0009457755359394415,0
2018-11-08,1.14302,1.14469,1.135,1.13638,-0.00579177602799652,0
2018-11-09,1.13641,1.1369,1.1315,1.1333,-0.002710360970802017,0
2018-11-12,1.13166,1.13306,1.1214,1.12193,-0.010032648019059232,1
2018-11-13,1.12201,1.12995,1.1218,1.12988,0.007086003583111067,1
2018-11-14,1.12988,1.13476,1.1262,1.13133,0.0012833221227033231,1
2018-11-15,1.13135,1.13624,1.12698,1.13229,0.0008485587759541335,1
2018-11-16,1.13231,1.14203,1.1318,1.1418,0.008398908406856753,1
2018-11-19,1.14163,1.1465,1.1393,1.14524,0.0030127868278158054,0
2018-11-20,1.14526,1.14724,1.1356,1.13666,-0.0074918794313856285,1
2018-11-21,1.13664,1.14247,1.1363,1.13841,0.0015395984727182288,1
2018-11-22,1.13838,1.14341,1.1382,1.14031,0.0016689944747498853,0
2018-11-23,1.14031,1.14212,1.13262,1.13365,-0.005840517052380423,0
2018-11-26,1.13362,1.13837,1.1322,1.13303,-0.0005469060115556035,0
2018-11-27,1.13303,1.13437,1.1276,1.12938,-0.003221450447031371,1
2018-11-28,1.12936,1.13875,1.1265,1.13676,0.006534558784465849,1
2018-11-29,1.13677,1.14018,1.1347,1.1388,0.0017945740525704412,0
2018-11-30,1.13882,1.14005,1.1304,1.13192,-0.006041447137337563,1
2018-12-03,1.13317,1.13798,1.1318,1.13536,0.0030390840342071623,0
2018-12-04,1.13535,1.1419,1.1317,1.13406,-0.0011450112739570528,1
2018-12-05,1.13404,1.13613,1.13099,1.13472,0.0005819797894290879,1
2018-12-06,1.13478,1.14126,1.132,1.13769,0.002617385786802151,1
2018-12-07,1.13768,1.14237,1.1359,1.13892,0.0010811380956146088,0
2018-12-10,1.13979,1.14427,1.1348,1.135,-0.003441857198047238,0
2018-12-11,1.13501,1.14004,1.1305,1.13194,-0.002696035242290784,1
2018-12-12,1.13192,1.13873,1.1314,1.13708,0.004540876724914877,0
2018-12-13,1.1372,1.13933,1.133,1.13565,-0.001257607204418365,0
2018-12-14,1.13568,1.1365,1.1268,1.1307,-0.004358737287016301,1
2018-12-17,1.13055,1.13577,1.1302,1.13472,0.003555319713451688,1
2018-12-18,1.13469,1.14023,1.1335,1.137,0.002009306260575272,1
2018-12-19,1.13696,1.14393,1.13639,1.13798,0.0008619173262971458,1
2018-12-20,1.13798,1.14859,1.1375,1.14482,0.006010650450798849,0
2018-12-21,1.14487,1.1474,1.1354,1.1367,-0.007092818084939001,1
2018-12-24,1.13683,1.14386,1.1364,1.14,0.0029031406703614593,1
2018-12-25,1.14014,1.14176,1.13645,1.14063,0.0005526315789474712,0
2018-12-26,1.14107,1.142,1.1341,1.13552,-0.004479980361729918,1
2018-12-27,1.13552,1.14542,1.1354,1.14291,0.006508031562632022,1
2018-12-28,1.14291,1.14728,1.1426,1.14415,0.0010849498210707686,1
2018-12-31,1.14392,1.14674,1.142,1.1466,0.0021413276231263545,0
2019-01-01,1.1465,1.1545,1.1446,1.14609,-0.00044479330193614164,0
2019-01-02,1.14606,1.14968,1.13105,1.13369,-0.010819394637419322,1
2019-01-03,1.1333,1.1411,1.1308,1.13932,0.004966084202912668,1
2019-01-04,1.13932,1.14191,1.1344,1.13942,8.777165326678826e-05,1
2019-01-07,1.14046,1.14826,1.1402,1.14751,0.007100103561461069,0
2019-01-08,1.14755,1.14846,1.1421,1.14404,-0.0030239387892044833,1
2019-01-09,1.14404,1.15581,1.1437,1.15482,0.009422747456382607,0
2019-01-10,1.15485,1.15698,1.1483,1.14972,-0.004416272665869858,0
2019-01-11,1.14972,1.15406,1.1456,1.1464,-0.0028876596040775526,1
2019-01-14,1.14646,1.14821,1.1449,1.14659,0.0001657362177249766,0
2019-01-15,1.14664,1.14897,1.138,1.14057,-0.005250351040912538,0
2019-01-16,1.14058,1.14248,1.1376,1.13946,-0.0009731976117206553,0
2019-01-17,1.13951,1.1407,1.1369,1.13873,-0.00064065434504057,0
2019-01-18,1.13875,1.14104,1.1352,1.136,-0.0023974076383340703,1
2019-01-21,1.13653,1.13911,1.1355,1.13696,0.0008450704225353434,0
2019-01-22,1.13697,1.1374,1.1335,1.13626,-0.0006156768927666478,1
2019-01-23,1.13626,1.13944,1.1349,1.13797,0.0015049372502771163,0
2019-01-24,1.13797,1.13914,1.1288,1.13013,-0.006889461057848489,1
2019-01-25,1.13014,1.14176,1.13,1.1405,0.009175935511843702,1
2019-01-28,1.14086,1.14437,1.1389,1.14273,0.0019552827707145504,1
2019-01-29,1.14273,1.14502,1.141,1.1434,0.0005863152275689121,1
2019-01-30,1.14347,1.15017,1.1405,1.148,0.004023089032709315,0
2019-01-31,1.14802,1.15143,1.1434,1.14459,-0.0029703832752612236,1
2019-02-01,1.14459,1.14885,1.1433,1.14537,0.0006814667260766072,0
2019-02-04,1.14555,1.14604,1.1422,1.14349,-0.0016413909915573566,0
2019-02-05,1.14347,1.14405,1.14,1.1404,-0.0027022536270538966,0
2019-02-06,1.14046,1.14095,1.1359,1.13676,-0.003191862504384524,0
2019-02-07,1.13665,1.13685,1.1323,1.13419,-0.002260811428973497,0
2019-02-08,1.13419,1.13509,1.1317,1.1321,-0.0018427247639283273,0
2019-02-11,1.13181,1.133,1.1265,1.1277,-0.003886582457380272,1
2019-02-12,1.12767,1.13397,1.1256,1.13292,0.004628890662410123,0
2019-02-13,1.13288,1.13416,1.1247,1.12561,-0.006452353211171102,1
2019-02-14,1.12565,1.131,1.1248,1.12945,0.003411483551141181,0
2019-02-15,1.12942,1.13062,1.1233,1.1294,-4.4269334631974466e-05,1
2019-02-18,1.12907,1.1334,1.1288,1.13096,0.0013812643881707665,1
2019-02-19,1.13097,1.13576,1.1274,1.13388,0.0025818773431420805,1
2019-02-20,1.13385,1.13713,1.1324,1.13448,0.0005291565244998075,0
2019-02-21,1.13452,1.13664,1.1319,1.1336,-0.0007756857767434733,0
2019-02-22,1.13361,1.13557,1.1315,1.13344,-0.00014114326040925995,1
2019-02-25,1.1336,1.13676,1.1333,1.13593,0.0021968520609825237,1
2019-02-26,1.13593,1.14028,1.1344,1.13928,0.0029491253862472533,0
2019-02-27,1.13928,1.14036,1.1361,1.1372,-0.001825714486342278,0
2019-02-28,1.1372,1.14197,1.1357,1.13709,-9.67288075977013e-05,0
2019-03-01,1.13709,1.14087,1.135,1.1362,-0.0007826996983526513,0
2019-03-04,1.1377,1.13815,1.1308,1.13355,-0.002332335856363388,0
2019-03-05,1.13354,1.1339,1.1288,1.12988,-0.0032376163380530842,1
2019-03-06,1.1299,1.13246,1.1284,1.1308,0.0008142457606117315,0
2019-03-07,1.13079,1.13202,1.1175,1.11909,-0.010355500530597861,1
2019-03-08,1.11911,1.12462,1.1184,1.12347,0.00391389432485334,1
2019-03-11,1.12342,1.12738,1.122,1.1263,0.002518981370219109,1
2019-03-12,1.12633,1.13049,1.1248,1.12894,0.0023439580928703574,1
2019-03-13,1.12897,1.13386,1.1276,1.13372,0.004234060268924811,0
2019-03-14,1.13372,1.1338,1.1293,1.13056,-0.002787284338284679,1
2019-03-15,1.13059,1.13444,1.1299,1.1324,0.001627512029436895,1
2019-03-18,1.13264,1.1359,1.1317,1.13344,0.0009184033910278888,1
2019-03-19,1.13351,1.13617,1.1332,1.13534,0.0016763128176171538,1
2019-03-20,1.13535,1.14482,1.1334,1.14202,0.0058837000369933445,0
2019-03-21,1.14212,1.14374,1.1341,1.1375,-0.003957899161135647,0
2019-03-22,1.13766,1.13907,1.1272,1.13,-0.006593406593406681,1
2019-03-25,1.12954,1.13316,1.1288,1.13144,0.0012743362831859617,0
2019-03-26,1.13144,1.1326,1.1261,1.12752,-0.0034646114685709106,0
2019-03-27,1.12755,1.12856,1.1241,1.12493,-0.002297076770256923,0
2019-03-28,1.12493,1.12613,1.1212,1.12281,-0.0018845617060616604,0
2019-03-29,1.12283,1.1247,1.1208,1.1217,-0.0009885911240550271,0
2019-04-01,1.12218,1.125,1.1197,1.12061,-0.0009717393242397732,0
2019-04-02,1.12063,1.1216,1.1182,1.12041,-0.00017847422386041423,1
2019-04-03,1.12044,1.12547,1.12,1.12418,0.003364839656911256,0
2019-04-04,1.12418,1.12477,1.1205,1.12215,-0.0018057606433132811,0
2019-04-05,1.12215,1.12474,1.1209,1.1212,-0.0008465891369247025,1
2019-04-08,1.12185,1.12746,1.1213,1.12562,0.003942204780592373,1
2019-04-09,1.12565,1.12843,1.1254,1.12663,0.0008972832749951642,1
2019-04-10,1.12663,1.12877,1.1228,1.1275,0.0007722144803528064,0
2019-04-11,1.1276,1.12875,1.1248,1.1258,-0.001507760532150848,1
2019-04-12,1.1258,1.13239,1.1256,1.12984,0.0035885592467579386,1
2019-04-15,1.13046,1.1321,1.1297,1.13021,0.00032747999716775666,0
2019-04-16,1.13021,1.1314,1.1277,1.128,-0.0019553888215464443,1
2019-04-17,1.12814,1.13237,1.1279,1.12983,0.0016223404255319984,0
2019-04-18,1.12983,1.13041,1.1224,1.12365,-0.00546984944637674,1
2019-04-19,1.12365,1.1248,1.123,1.12449,0.0007475637431584303,1
2019-04-22,1.12421,1.1262,1.1234,1.12597,0.0013161522112246082,0
2019-04-23,1.126,1.12613,1.1191,1.12216,-0.003383749122978341,0
2019-04-24,1.12219,1.12245,1.1139,1.11577,-0.0056943751336708814,0
2019-04-25,1.11578,1.11625,1.1117,1.11368,-0.0018731458992443661,1
2019-04-26,1.11372,1.1174,1.1109,1.1149,0.0010954672796494869,1
2019-04-29,1.11505,1.11869,1.1143,1.1184,0.0031392950040363132,1
2019-04-30,1.11841,1.12293,1.1174,1.12109,0.0024052217453502944,0
2019-05-01,1.12111,1.12648,1.1186,1.12032,-0.0006868315657083679,0
2019-05-02,1.12032,1.12191,1.11679,1.11745,-0.002561768066266734,1
2019-05-03,1.11745,1.1205,1.1134,1.11933,0.0016824018971766108,1
2019-05-06,1.11939,1.12093,1.1177,1.1198,0.0004198940437583065,0
2019-05-07,1.11983,1.12179,1.1165,1.11927,-0.00047329880335766905,1
2019-05-08,1.11927,1.12138,1.1181,1.11974,0.0004199165527531967,1
2019-05-09,1.11974,1.1251,1.1172,1.12188,0.001911157947380726,1
2019-05-10,1.12187,1.12536,1.1216,1.12379,0.001702499376047495,0
2019-05-13,1.12352,1.12636,1.1217,1.12308,-0.0006317906370406634,0
2019-05-14,1.12309,1.1244,1.12,1.12069,-0.0021280763614347498,0
2019-05-15,1.12072,1.12247,1.1176,1.1206,-8.030766759759e-05,0
2019-05-16,1.12062,1.1224,1.1164,1.11737,-0.0028823844369088025,0
2019-05-17,1.11736,1.11843,1.1154,1.11581,-0.001396135568343504,1
2019-05-20,1.11628,1.1175,1.1148,1.11679,0.0008782857296492086,0
2019-05-21,1.11683,1.1188,1.114,1.11633,-0.00041189480564829406,0
2019-05-22,1.11636,1.11803,1.1147,1.11564,-0.0006180967993335562,1
2019-05-23,1.11564,1.11876,1.1106,1.1182,0.0022946470187517054,1
2019-05-24,1.11821,1.12121,1.1175,1.1202,0.0017885888034341324,0
2019-05-27,1.12098,1.12152,1.1185,1.11931,-0.0007945009819675386,0
2019-05-28,1.11931,1.11984,1.11576,1.11652,-0.0024926070525592703,0
2019-05-29,1.11654,1.11725,1.1122,1.1137,-0.0025257048686991856,0
2019-05-30,1.11371,1.11434,1.1115,1.11328,-0.00037712130735378935,1
2019-05-31,1.11327,1.11798,1.1124,1.11686,0.003215722908881835,1
2019-06-03,1.11716,1.1262,1.1159,1.1245,0.0068406067009294524,1
2019-06-04,1.12453,1.12774,1.1225,1.12524,0.000658070253445997,0
2019-06-05,1.12526,1.13068,1.1218,1.12279,-0.0021773132842771714,1
2019-06-06,1.12283,1.1309,1.12,1.12773,0.0043997541837743626,1
2019-06-07,1.12775,1.13479,1.125,1.1333,0.004939125499898056,0
2019-06-10,1.13172,1.13245,1.1289,1.13146,-0.0016235771640342733,1
2019-06-11,1.13146,1.13376,1.13,1.13278,0.0011666342601595048,0
2019-06-12,1.13278,1.13435,1.1281,1.12925,-0.0031162273345219926,0
2019-06-13,1.12925,1.13038,1.1267,1.12779,-0.0012928935133939001,0
2019-06-14,1.12782,1.12893,1.1201,1.12089,-0.006118160295799813,1
2019-06-17,1.12145,1.12471,1.1202,1.1221,0.001079499326428257,0
2019-06-18,1.1221,1.1243,1.118,1.1195,-0.0023170840388558878,1
2019-06-19,1.11954,1.12544,1.1185,1.12357,0.0036355515855293064,1
2019-06-20,1.12359,1.13174,1.1233,1.1291,0.0049218117251261795,1
2019-06-21,1.12923,1.13778,1.1281,1.13685,0.006863873881852722,1
2019-06-24,1.13746,1.14041,1.1369,1.13971,0.002515723270440251,0
2019-06-25,1.13973,1.14122,1.1343,1.13655,-0.002772635144027924,1
2019-06-26,1.13658,1.13914,1.1346,1.13729,0.0006510932207117737,0
2019-06-27,1.13731,1.13816,1.1346,1.13681,-0.00042205593999755653,1
2019-06-28,1.1368,1.13936,1.1349,1.13733,0.00045742032529605403,0
2019-07-01,1.13685,1.13711,1.1279,1.12858,-0.007693457483755828,1
2019-07-02,1.1286,1.13218,1.1273,1.12898,0.00035442768789106793,0
2019-07-03,1.129,1.13123,1.1267,1.12872,-0.0002302963737179642,0
2019-07-04,1.12873,1.12952,1.1271,1.12862,-8.859593167476199e-05,0
2019-07-05,1.12862,1.1287,1.1206,1.12245,-0.005466853325299947,0
2019-07-08,1.12286,1.12344,1.1205,1.1216,-0.0007572720388435705,0
2019-07-09,1.12159,1.1219,1.1192,1.12056,-0.0009272467902995407,1
2019-07-10,1.12056,1.12644,1.12,1.12594,0.0048011708431499045,0
2019-07-11,1.12593,1.1286,1.1244,1.12564,-0.00026644403787057236,1
2019-07-12,1.12562,1.1275,1.1237,1.127,0.001208201556447852,0
2019-07-15,1.12718,1.12839,1.1252,1.12609,-0.0008074534161490732,0
2019-07-16,1.1261,1.12634,1.12,1.12105,-0.0044756635792875255,1
2019-07-17,1.12104,1.12337,1.1198,1.12268,0.0014539940234599147,1
2019-07-18,1.12272,1.1282,1.1204,1.12491,0.0019863184522750377,0
2019-07-19,1.12493,1.12684,1.1202,1.12211,-0.0024890880159302853,0
2019-07-22,1.12177,1.12255,1.1205,1.12085,-0.0011228845656843234,0
2019-07-23,1.12084,1.1209,1.1144,1.11518,-0.0050586608377569675,0
2019-07-24,1.1152,1.11558,1.1126,1.114,-0.0010581251457163487,1
2019-07-25,1.11417,1.11877,1.11,1.11462,0.0005565529622979515,0
2019-07-26,1.11463,1.11511,1.1111,1.11278,-0.0016507868152373373,1
2019-07-29,1.11316,1.1151,1.1112,1.11465,0.0016804759251602963,1
2019-07-30,1.11466,1.1161,1.1131,1.11577,0.0010047997129143393,0
2019-07-31,1.11579,1.11621,1.1059,1.1079,-0.00705342498902084,0
2019-08-01,1.1079,1.10961,1.1025,1.10781,-8.123476848098665e-05,1
2019-08-02,1.10782,1.11164,1.1068,1.11083,0.0027260992408446594,1
2019-08-05,1.11057,1.12264,1.1104,1.12245,0.01046064654357548,0
2019-08-06,1.1225,1.12496,1.1166,1.12012,-0.0020758162947124292,1
2019-08-07,1.12016,1.12419,1.1178,1.1205,0.0003392493661393825,0
2019-08-08,1.12049,1.12326,1.1176,1.11853,-0.0017581436858545851,1
2019-08-09,1.11854,1.1223,1.1182,1.1197,0.0010460157528182634,1
2019-08-12,1.12021,1.12308,1.1161,1.12143,0.001545056711619086,0
2019-08-13,1.12143,1.12286,1.1168,1.11739,-0.003602543181473461,0
2019-08-14,1.11746,1.11908,1.1129,1.11438,-0.0026937774635535927,0
2019-08-15,1.11441,1.11585,1.109,1.11099,-0.0030420502880526,0
2019-08-16,1.11098,1.11123,1.1065,1.109,-0.0017911952402811515,0
2019-08-19,1.10952,1.11137,1.1075,1.10813,-0.0007844905320107953,1
2019-08-20,1.10823,1.1107,1.1064,1.1099,0.0015972855170423017,0
2019-08-21,1.10991,1.11071,1.10794,1.1091,-0.0007207856563655746,0
2019-08-22,1.10912,1.11133,1.1062,1.1082,-0.0008114687584527269,1
2019-08-23,1.10821,1.11532,1.105,1.11431,0.00551344522649333,0
2019-08-26,1.1154,1.11541,1.1093,1.10994,-0.003921709398641338,0
2019-08-27,1.10996,1.11161,1.1084,1.10911,-0.0007477881687297794,0
2019-08-28,1.1092,1.10981,1.1072,1.1083,-0.0007303152978513916,0
2019-08-29,1.10844,1.10934,1.1041,1.10577,-0.002282775421817318,0
2019-08-30,1.10583,1.10605,1.0961,1.0989,-0.006212865243224064,0
2019-09-02,1.0992,1.09944,1.0956,1.09662,-0.002074802074802151,1
2019-09-03,1.09664,1.09789,1.0924,1.09709,0.0004285896664295574,1
2019-09-04,1.097,1.10385,1.0967,1.10337,0.005724234110237036,1
2019-09-05,1.1034,1.10847,1.1016,1.1035,0.00011782085791711694,0
2019-09-06,1.10355,1.10573,1.1018,1.10289,-0.0005527865881286287,1
2019-09-09,1.10249,1.10681,1.1014,1.10487,0.0017952833011452007,0
2019-09-10,1.10487,1.10595,1.1029,1.1048,-6.335586992134434e-05,0
2019-09-11,1.10489,1.10555,1.0983,1.10102,-0.003421433743663882,1
2019-09-12,1.10095,1.10873,1.0926,1.10581,0.004350511344026309,1
2019-09-13,1.10581,1.11096,1.1054,1.1071,0.0011665656848824923,0
2019-09-16,1.10789,1.10864,1.0992,1.10048,-0.005979586306566809,1
2019-09-17,1.1005,1.10746,1.0989,1.1071,0.006015556847920989,0
2019-09-18,1.1071,1.10757,1.1012,1.10313,-0.0035859452623973054,1
2019-09-19,1.10312,1.10735,1.1021,1.10447,0.0012147253723497897,0
2019-09-20,1.10448,1.10677,1.0995,1.1017,-0.00250799025777082,0
2019-09-23,1.10177,1.10255,1.0964,1.09952,-0.001978760098030219,1
2019-09-24,1.09953,1.10241,1.0982,1.10188,0.0021463911525028134,0
2019-09-25,1.1019,1.10196,1.0936,1.09491,-0.006325552691763048,0
2019-09-26,1.09493,1.09674,1.0908,1.09201,-0.0026486195212392927,1
2019-09-27,1.09201,1.09587,1.0904,1.09394,0.0017673830825724046,0
2019-09-30,1.09445,1.09478,1.0884,1.08983,-0.0037570616304366533,1
2019-10-01,1.08984,1.09428,1.0878,1.09312,0.003018819448904919,1
2019-10-02,1.09312,1.09637,1.0903,1.09594,0.0025797716627633527,1
2019-10-03,1.09595,1.09994,1.0939,1.09719,0.0011405733890543779,1
2019-10-04,1.09718,1.0999,1.0956,1.0975,0.0002825399429449149,0
2019-10-07,1.09812,1.10006,1.096,1.09719,-0.00028246013667410086,0
2019-10-08,1.097,1.09961,1.0939,1.09582,-0.0012486442639835227,1
2019-10-09,1.09584,1.09906,1.0953,1.09847,0.0024182803745140813,1
2019-10-10,1.09843,1.10339,1.0978,1.10071,0.002039199978151496,1
2019-10-11,1.10069,1.10628,1.1,1.1035,0.002534727584922347,0
2019-10-14,1.10299,1.10428,1.1012,1.10276,-0.0006705935659265805,1
2019-10-15,1.10276,1.10461,1.0989,1.10326,0.0004534078131233077,1
2019-10-16,1.10334,1.10856,1.1021,1.10747,0.003815963598789107,1
2019-10-17,1.10747,1.11398,1.1063,1.11244,0.004487706213260889,1
2019-10-18,1.11251,1.1183,1.1113,1.1182,0.005177807342418461,0
2019-10-21,1.11573,1.11795,1.1138,1.11495,-0.0029064568055803264,0
2019-10-22,1.11496,1.1157,1.1116,1.11306,-0.0016951432799678923,1
2019-10-23,1.11306,1.11405,1.1105,1.11321,0.00013476362460251856,0
2019-10-24,1.11325,1.1163,1.1091,1.11034,-0.002578129912595095,0
2019-10-25,1.1102,1.11231,1.1071,1.10799,-0.002116468829367668,1
2019-10-28,1.10818,1.11067,1.1071,1.10978,0.0016155380463722668,1
2019-10-29,1.10979,1.11185,1.1072,1.11117,0.001252500495593667,1
2019-10-30,1.11119,1.11551,1.1079,1.11528,0.0036988039633900627,0
2019-10-31,1.11529,1.11758,1.113,1.11514,-0.000125529015135184,1
2019-11-01,1.11516,1.11718,1.1127,1.1164,0.0011299029718241371,0
2019-11-04,1.11649,1.11755,1.112,1.11218,-0.003780007165890442,0
2019-11-05,1.11219,1.11402,1.1062,1.1075,-0.004207951950223943,0
2019-11-06,1.1075,1.10928,1.1063,1.10673,-0.0006952595936794426,0
2019-11-07,1.10675,1.10916,1.1035,1.10491,-0.0016444842012053318,0
2019-11-08,1.1049,1.10554,1.1015,1.10189,-0.002733254292204834,1
2019-11-11,1.10199,1.10431,1.1015,1.10314,0.0011344145059850597,0
2019-11-12,1.10314,1.10386,1.1001,1.10109,-0.0018583316714108067,0
2019-11-13,1.10109,1.10203,1.0994,1.1008,-0.0002633753825753704,1
2019-11-14,1.10079,1.10275,1.0988,1.10217,0.0012445494186046346,1
2019-11-15,1.10218,1.1057,1.1013,1.10512,0.0026765381021076617,1
2019-11-18,1.10515,1.109,1.1049,1.10714,0.0018278557984652277,1
2019-11-19,1.10712,1.10839,1.1061,1.10774,0.0005419368824177706,0
2019-11-20,1.10776,1.10815,1.1051,1.1076,-0.00012638344737936347,0
2019-11-21,1.10759,1.1097,1.1051,1.1061,-0.001354279523293478,0
2019-11-22,1.10618,1.10876,1.1013,1.1022,-0.003525901817195587,0
2019-11-25,1.10218,1.10323,1.1002,1.10137,-0.0007530393757939624,1
2019-11-26,1.10137,1.10256,1.1006,1.10234,0.0008807212834924805,0
2019-11-27,1.10234,1.10234,1.099,1.10054,-0.0016328900339278585,1
2019-11-28,1.10049,1.1018,1.0999,1.1009,0.0003271121449468506,1
2019-11-29,1.10108,1.10283,1.098,1.10173,0.0007539286038695803,1
2019-12-02,1.10209,1.10907,1.1001,1.10762,0.0053461374383922955,1
2019-12-03,1.10762,1.10936,1.1065,1.10816,0.0004875318249941696,0
2019-12-04,1.10816,1.11162,1.1065,1.1078,-0.0003248628356917749,1
2019-12-05,1.10779,1.11081,1.1077,1.11039,0.0023379671420835635,0
2019-12-06,1.11043,1.11097,1.1038,1.10564,-0.004277776276803702,1
2019-12-09,1.10573,1.1078,1.1052,1.10647,0.0007506964292176566,1
2019-12-10,1.10652,1.10978,1.1061,1.10929,0.0025486456930599033,1
2019-12-11,1.10929,1.11448,1.1069,1.11328,0.0035968953114153823,1
2019-12-12,1.1133,1.11996,1.11019,1.11834,0.0045451279103190245,0
2019-12-13,1.11833,1.11934,1.111,1.11223,-0.005463454763309783,1
2019-12-16,1.1129,1.11581,1.1121,1.11372,0.0013396509714718174,1
2019-12-17,1.11375,1.11747,1.1128,1.11527,0.0013917322127643406,0
2019-12-18,1.11527,1.11531,1.1109,1.1115,-0.00338034735983217,1
2019-12-19,1.11162,1.11443,1.1106,1.11237,0.0007827260458841412,0
2019-12-20,1.11239,1.1125,1.1065,1.10768,-0.004216223019319232,1
2019-12-23,1.10781,1.1096,1.1068,1.10899,0.0011826520294668796,0
2019-12-24,1.10901,1.1094,1.1068,1.10877,-0.00019837870494765486,1
2019-12-25,1.10874,1.11023,1.1072,1.1091,0.0002976271003003461,1
2019-12-26,1.10911,1.1109,1.1081,1.10953,0.00038770174014968184,1
2019-12-27,1.10955,1.11883,1.1095,1.11754,0.007219273025515394,1
2019-12-30,1.11791,1.1221,1.11756,1.11989,0.0021028330082144553,1
2019-12-31,1.11989,1.12393,1.1197,1.12129,0.0012501227799157633,1
2020-01-01,1.12123,1.12214,1.1208,1.12145,0.00014269279133860557,0
2020-01-02,1.12145,1.12245,1.1162,1.11713,-0.0038521556912926025,0
2020-01-03,1.11713,1.118,1.1123,1.11598,-0.0010294236122921907,1
2020-01-06,1.11596,1.12055,1.1155,1.11955,0.0031989820606104225,0
2020-01-07,1.11956,1.11976,1.1132,1.11477,-0.004269572596132365,0
2020-01-08,1.11475,1.11682,1.11,1.11097,-0.003408774904240408,0
2020-01-09,1.11096,1.11204,1.1092,1.1106,-0.00033304229637165506,1
2020-01-10,1.11065,1.11292,1.1084,1.112,0.0012605798667386647,1
2020-01-13,1.11168,1.1147,1.1111,1.11352,0.0013669064748200732,0
2020-01-14,1.11353,1.11446,1.1103,1.1126,-0.0008262087793663442,1
2020-01-15,1.11263,1.11634,1.1117,1.11517,0.002309904727664902,0
2020-01-16,1.11516,1.11728,1.1127,1.11368,-0.0013361191567204944,0
2020-01-17,1.11373,1.11426,1.1084,1.1088,-0.0043818691185978365,1
2020-01-20,1.10908,1.11024,1.1075,1.10964,0.0007575757575757347,0
2020-01-21,1.10963,1.1118,1.1079,1.10824,-0.0012616704516781319,1
2020-01-22,1.10823,1.10985,1.1069,1.1092,0.0008662383599220558,0
2020-01-23,1.10931,1.11087,1.1035,1.10554,-0.0032996754417597973,0
2020-01-24,1.10553,1.10617,1.1019,1.10251,-0.0027407420807930016,0
2020-01-27,1.10303,1.10376,1.1008,1.1018,-0.0006439850885707754,1
2020-01-28,1.1018,1.10253,1.0996,1.10217,0.00033581412234551244,0
2020-01-29,1.10218,1.10277,1.0991,1.1009,-0.0011522723354837616,1
2020-01-30,1.101,1.10394,1.1005,1.10309,0.001989281496956874,1
2020-01-31,1.10318,1.10957,1.1015,1.10917,0.005511789609188744,0
2020-02-03,1.10844,1.1091,1.10346,1.10588,-0.002966181919813904,0
2020-02-04,1.10589,1.10642,1.1031,1.10443,-0.0013111730024957247,0
2020-02-05,1.10447,1.10479,1.0992,1.09995,-0.004056391079561461,0
2020-02-06,1.09996,1.1014,1.0963,1.098,-0.001772807854902414,0
2020-02-07,1.09808,1.0985,1.094,1.0944,-0.003278688524590234,0
2020-02-10,1.09436,1.09575,1.0907,1.091,-0.0031067251461989187,1
2020-02-11,1.09107,1.09248,1.0891,1.09187,0.0007974335472042959,0
2020-02-12,1.0919,1.09256,1.0863,1.08714,-0.004332017547876488,0
2020-02-13,1.08717,1.0889,1.0833,1.08399,-0.002897510900159994,0
2020-02-14,1.08404,1.08612,1.0826,1.08301,-0.0009040673806953725,1
2020-02-17,1.08382,1.0851,1.0827,1.08364,0.000581712080220731,0
2020-02-18,1.0837,1.08373,1.0785,1.07942,-0.003894282233952162,1
2020-02-19,1.0795,1.0812,1.078,1.08082,0.0012969928294823685,0
2020-02-20,1.08081,1.08211,1.0777,1.07868,-0.0019799781647266146,1
2020-02-21,1.07872,1.08635,1.0783,1.08471,0.005590165758148746,1
2020-02-24,1.08298,1.08722,1.0804,1.08519,0.0004425145891528981,1
2020-02-25,1.08518,1.08903,1.0828,1.08804,0.002626268211096461,1
2020-02-26,1.08807,1.09087,1.0853,1.0882,0.0001470534171539306,1
2020-02-27,1.08822,1.10066,1.0878,1.10024,0.011064142620841766,1
2020-02-28,1.10024,1.10531,1.0949,1.10289,0.0024085654039116555,1
2020-03-02,1.1046,1.11846,1.1035,1.11388,0.00996472903009371,1
2020-03-03,1.11385,1.12135,1.1094,1.1169,0.00271124358099617,0
2020-03-04,1.1169,1.11876,1.1094,1.11332,-0.003205300384994114,1
2020-03-05,1.11329,1.1245,1.1118,1.1231,0.008784536341752469,1
2020-03-06,1.12302,1.1355,1.12106,1.1285,0.004808120381088132,1
2020-03-09,1.13868,1.14961,1.1355,1.14381,0.013566681435533745,0
2020-03-10,1.14386,1.1439,1.1274,1.1307,-0.011461693812783502,0
2020-03-11,1.13085,1.13667,1.1249,1.12583,-0.004307066419032446,0
2020-03-12,1.12586,1.13336,1.1054,1.11757,-0.007336809287370349,0
2020-03-13,1.11756,1.12213,1.1053,1.1105,-0.006326225650294726,1
2020-03-16,1.1157,1.12367,1.10845,1.11677,0.005646105357946851,0
2020-03-17,1.11676,1.11893,1.0954,1.1015,-0.013673361569526477,0
2020-03-18,1.1015,1.10452,1.0801,1.09326,-0.007480708125283675,0
2020-03-19,1.09327,1.09818,1.06529,1.06635,-0.02461445584764832,1
2020-03-20,1.06635,1.0831,1.0636,1.06929,0.0027570685047124677,1
2020-03-23,1.06586,1.08282,1.0656,1.07449,0.0048630399610956054,1
2020-03-24,1.07452,1.08881,1.0742,1.081,0.006058688307941429,1
2020-03-25,1.08116,1.08939,1.0759,1.08806,0.0065309898242369435,1
2020-03-26,1.08806,1.10588,1.0873,1.10343,0.014126059224675025,1
2020-03-27,1.1034,1.11473,1.09529,1.114,0.009579221155850526,0
2020-03-30,1.11098,1.11444,1.1008,1.10414,-0.008850987432675206,0
2020-03-31,1.10418,1.1043,1.0925,1.1023,-0.001666455340808115,0
2020-04-01,1.1023,1.10374,1.0901,1.09555,-0.006123559829447567,0
2020-04-02,1.09561,1.09645,1.0819,1.08495,-0.009675505453881517,0
2020-04-03,1.08498,1.08553,1.0771,1.08124,-0.0034195124199273286,0
2020-04-06,1.08175,1.08356,1.0767,1.07849,-0.0025433761237098063,1
2020-04-07,1.07849,1.09263,1.0783,1.0892,0.009930551048224823,0
2020-04-08,1.08922,1.09021,1.0829,1.0859,-0.003029746603011252,1
2020-04-09,1.08591,1.09516,1.084,1.09262,0.006188415139515513,1
2020-04-10,1.09264,1.09527,1.0917,1.09317,0.0005033772034193085,0
2020-04-13,1.09366,1.09678,1.0891,1.09146,-0.0015642580751391577,1
2020-04-14,1.09146,1.09908,1.0913,1.0983,0.006266835248199598,0
2020-04-15,1.09837,1.09881,1.0855,1.0901,-0.007466083947919477,0
2020-04-16,1.09019,1.09073,1.0815,1.08601,-0.0037519493624439404,1
2020-04-17,1.086,1.08927,1.081,1.08735,0.001233874457877926,0
2020-04-20,1.08677,1.08969,1.084,1.08641,-0.0008644870556857587,0
2020-04-21,1.08641,1.08803,1.0815,1.08537,-0.0009572813210483311,0
2020-04-22,1.08535,1.08853,1.0802,1.08229,-0.0028377419681767657,0
2020-04-23,1.08231,1.08468,1.0755,1.07798,-0.003982296796607221,1
2020-04-24,1.07798,1.08296,1.0725,1.08242,0.004118814820311956,1
2020-04-27,1.0817,1.08604,1.081,1.08285,0.0003972579959721223,0
2020-04-28,1.08287,1.08885,1.0808,1.0823,-0.0005079189176709908,1
2020-04-29,1.08253,1.08857,1.0822,1.08745,0.004758384921001557,1
2020-04-30,1.08748,1.09728,1.08327,1.0943,0.006299140190353603,1
2020-05-01,1.0943,1.1019,1.0933,1.09798,0.003362880380151534,0
2020-05-04,1.09564,1.09625,1.0894,1.0904,-0.006903586586276544,0
2020-05-05,1.0904,1.0926,1.0825,1.08437,-0.005530080704328699,0
2020-05-06,1.08057,1.0817,1.0789,1.0797,-0.004306648099818289,1
2020-05-07,1.07983,1.0841,1.0764,1.08376,0.0037603037880893364,1
2020-05-08,1.0836,1.08757,1.0814,1.08379,2.7681405477153476e-05,0
2020-05-11,1.08346,1.08505,1.0799,1.0809,-0.002666568246616041,1
2020-05-12,1.08096,1.08852,1.0783,1.08516,0.003941160144324218,0
2020-05-13,1.08514,1.08965,1.081,1.08181,-0.003087102362785199,0
2020-05-14,1.08181,1.0824,1.0773,1.08027,-0.00142354017803481,1
2020-05-15,1.08032,1.08512,1.0788,1.08179,0.0014070556434964132,1
2020-05-18,1.08205,1.0927,1.0798,1.09158,0.009049815583431098,1
2020-05-19,1.09166,1.09761,1.0901,1.09234,0.0006962384800015542,1
2020-05-20,1.09239,1.0999,1.092,1.0978,0.004998443708003064,0
2020-05-21,1.09791,1.10085,1.0936,1.09502,-0.002532337402076923,0
2020-05-22,1.09507,1.0956,1.0884,1.09,-0.004584391152673062,0
2020-05-25,1.09037,1.09145,1.0869,1.08944,-0.0005137614678900615,1
2020-05-26,1.08948,1.0996,1.0893,1.09817,0.008013291232192854,1
2020-05-27,1.09818,1.10309,1.0933,1.10125,0.00280466594425266,1
2020-05-28,1.10132,1.10936,1.099,1.10734,0.005530079455164483,1
2020-05-29,1.10733,1.11452,1.1068,1.11069,0.003025267758773209,1
2020-06-01,1.1111,1.11541,1.1099,1.1131,0.0021698223626753776,1
2020-06-02,1.1132,1.1196,1.1113,1.1172,0.003683406702003511,1
2020-06-03,1.1172,1.12579,1.1167,1.1231,0.005281059792338061,1
2020-06-04,1.12323,1.13627,1.1193,1.13211,0.0080224378951117,0
2020-06-05,1.13369,1.1384,1.1276,1.12873,-0.002985575606610613,1
2020-06-08,1.13011,1.13198,1.1266,1.1293,0.0005049923365196829,1
2020-06-09,1.12944,1.13638,1.1239,1.1338,0.003984769326131232,1
2020-06-10,1.1339,1.14225,1.13209,1.1376,0.0033515611218910557,0
2020-06-11,1.13773,1.14037,1.1285,1.12985,-0.006812587904360012,0
2020-06-12,1.1298,1.13406,1.1211,1.12601,-0.003398681240872725,1
2020-06-15,1.12467,1.13326,1.1225,1.1329,0.006118950986225835,0
2020-06-16,1.13294,1.13534,1.1226,1.12583,-0.006240621414070002,0
2020-06-17,1.12592,1.12939,1.1205,1.12444,-0.001234644662160389,0
2020-06-18,1.12446,1.12614,1.1184,1.12089,-0.0031571271032693193,0
2020-06-19,1.12083,1.12544,1.1166,1.1176,-0.0029351675900400886,1
2020-06-22,1.11798,1.12749,1.1167,1.12727,0.00865246957766641,1
2020-06-23,1.12729,1.13486,1.1231,1.13078,0.0031137172106061595,0
2020-06-24,1.13081,1.13258,1.1246,1.12522,-0.004916959974530677,0
2020-06-25,1.12518,1.12597,1.1189,1.12211,-0.0027639039476725635,0
2020-06-26,1.12212,1.12394,1.1194,1.12176,-0.00031191237935657146,1
2020-06-29,1.12242,1.12879,1.1217,1.12488,0.002781343602909825,0
2020-06-30,1.12487,1.1262,1.1189,1.1235,-0.0012267975250694896,1
2020-07-01,1.12344,1.12752,1.1184,1.12521,0.0015220293724966805,0
2020-07-02,1.12521,1.13027,1.1222,1.124,-0.0010753548226553056,1
2020-07-03,1.12416,1.12518,1.1218,1.12464,0.000569395017793628,1
2020-07-06,1.12439,1.13454,1.1243,1.13099,0.005646251244842748,0
2020-07-07,1.13106,1.13326,1.1257,1.12733,-0.003236102883314662,1
2020-07-08,1.1274,1.13518,1.1261,1.133,0.005029583174403385,0
2020-07-09,1.13326,1.13706,1.1279,1.12868,-0.0038128861429833627,1
2020-07-10,1.12874,1.1325,1.1253,1.12961,0.000823971364780185,1
2020-07-13,1.13155,1.13749,1.1299,1.13448,0.004311222457308306,1
2020-07-14,1.13449,1.14124,1.1324,1.1408,0.005570834214794429,1
2020-07-15,1.14089,1.1452,1.1389,1.141,0.0001753155680224161,0
2020-07-16,1.14119,1.14418,1.1369,1.13841,-0.0022699386503067798,1
2020-07-17,1.13847,1.14437,1.1376,1.14253,0.003619082755773606,1
2020-07-20,1.14355,1.14677,1.1401,1.14462,0.0018292736295764112,1
2020-07-21,1.1445,1.154,1.1421,1.15316,0.0074609914207335315,1
2020-07-22,1.15323,1.16015,1.1505,1.15696,0.0032952929341982795,1
2020-07-23,1.15699,1.16272,1.1539,1.1601,0.0027140091273683,1
2020-07-24,1.16017,1.16581,1.158,1.1656,0.00474097060598222,1
2020-07-27,1.16526,1.17815,1.1641,1.1763,0.009179821551132505,0
2020-07-28,1.17635,1.17737,1.1697,1.17198,-0.003672532517214888,1
2020-07-29,1.17199,1.18064,1.1712,1.17899,0.0059813307394323,1
2020-07-30,1.17898,1.18486,1.1729,1.18479,0.004919464965775777,0
2020-07-31,1.1848,1.19088,1.176,1.1771,-0.006490601710007704,0
2020-08-03,1.17944,1.17968,1.1694,1.1758,-0.0011044091411095414,1
2020-08-04,1.17604,1.18062,1.172,1.17979,0.003393434257526806,1
2020-08-05,1.1798,1.19049,1.1792,1.1872,0.006280778782664864,1
2020-08-06,1.18726,1.19162,1.1817,1.1881,0.0007580862533691501,0
2020-08-07,1.18813,1.1882,1.1754,1.1787,-0.007911791936705548,0
2020-08-10,1.1776,1.18007,1.1734,1.174,-0.003987443794010503,1
2020-08-11,1.17416,1.1808,1.172,1.1742,0.00017035775127771657,1
2020-08-12,1.17435,1.1817,1.1709,1.17873,0.0038579458354626173,1
2020-08-13,1.17868,1.18642,1.1784,1.1817,0.0025196609910664858,1
2020-08-14,1.18166,1.18504,1.178,1.18408,0.002014047558602128,1
2020-08-17,1.18416,1.1881,1.1827,1.18726,0.0026856293493682237,1
2020-08-18,1.18722,1.19656,1.1869,1.19393,0.00561797752808979,0
2020-08-19,1.19396,1.19527,1.1829,1.1851,-0.007395743469047478,1
2020-08-20,1.18514,1.18687,1.1801,1.1865,0.0011813349084466296,0
2020-08-21,1.18655,1.18829,1.1753,1.17958,-0.0058322798145806765,0
2020-08-24,1.1801,1.18496,1.1782,1.17936,-0.00018650706183565013,1
2020-08-25,1.17939,1.18439,1.1782,1.18327,0.0033153574820241616,1
2020-08-26,1.18334,1.18393,1.1771,1.1835,0.00019437660043775118,0
2020-08-27,1.18361,1.19019,1.1761,1.1817,-0.001520912547528508,1
2020-08-28,1.18186,1.19197,1.1809,1.19008,0.00709147837860713,1
2020-08-31,1.19084,1.19661,1.1883,1.1937,0.003041812315138337,0
2020-09-01,1.19371,1.20114,1.19,1.1917,-0.001675462846611353,0
2020-09-02,1.19179,1.1929,1.1821,1.18526,-0.005404044642107864,0
2020-09-03,1.18536,1.18646,1.1787,1.1845,-0.0006412095236487669,0
2020-09-04,1.18464,1.18654,1.1779,1.18389,-0.0005149852258337084,0
2020-09-07,1.18406,1.18487,1.181,1.18157,-0.0019596415207494555,0
2020-09-08,1.1815,1.18276,1.17559,1.17667,-0.004147024721345205,1
2020-09-09,1.17668,1.18342,1.1751,1.18078,0.003492907952101998,1
2020-09-10,1.18079,1.19175,1.1799,1.18196,0.000999339419705647,1
2020-09-11,1.18202,1.18742,1.1817,1.18453,0.0021743544620800304,1
2020-09-14,1.1835,1.1888,1.1831,1.1865,0.0016631068862755782,0
2020-09-15,1.18649,1.19005,1.1838,1.1847,-0.001517067003792727,0
2020-09-16,1.1847,1.18826,1.1786,1.18152,-0.002684223854140466,1
2020-09-17,1.18122,1.18524,1.1736,1.18422,0.0022851919561244216,0
2020-09-18,1.18436,1.18705,1.1825,1.1839,-0.00027022006046184543,0
2020-09-21,1.18411,1.18719,1.173,1.1769,-0.0059126615423599205,0
2020-09-22,1.17667,1.17725,1.169,1.17057,-0.005378536834055536,0
2020-09-23,1.17041,1.1719,1.1648,1.16588,-0.0040065950776118076,1
2020-09-24,1.16585,1.1687,1.1625,1.1668,0.0007891035097951082,0
2020-09-25,1.16692,1.16851,1.1611,1.163,-0.0032567706547823594,1
2020-09-28,1.16265,1.168,1.1613,1.16618,0.0027343078245916086,1
2020-09-29,1.1663,1.17455,1.166,1.1739,0.006619904302937796,0
2020-09-30,1.17388,1.1755,1.1683,1.17223,-0.0014226083993524874,1
2020-10-01,1.17234,1.17696,1.1715,1.17432,0.001782926558780984,0
2020-10-02,1.17444,1.1748,1.1694,1.1716,-0.0023162340758907662,1
2020-10-05,1.17116,1.17975,1.17077,1.17806,0.0055138272447936565,0
2020-10-06,1.17809,1.18077,1.1729,1.1732,-0.0041254265487327135,1
2020-10-07,1.17335,1.1782,1.1723,1.17628,0.002625298329355541,0
2020-10-08,1.17625,1.17818,1.1731,1.17574,-0.000459074370047885,1
2020-10-09,1.1758,1.1831,1.17557,1.1826,0.0058346233010699855,0
2020-10-12,1.18137,1.18268,1.1785,1.1814,-0.0010147133434805777,0
2020-10-13,1.18127,1.18154,1.1728,1.1744,-0.005925173522938754,1
2020-10-14,1.17428,1.1771,1.17184,1.1747,0.00025544959128054323,0
2020-10-15,1.17472,1.17578,1.1687,1.1709,-0.003234868477058006,1
2020-10-16,1.17083,1.17462,1.1692,1.17158,0.0005807498505423503,1
2020-10-19,1.17177,1.17938,1.1701,1.17666,0.004336024855323473,1
2020-10-20,1.1767,1.18408,1.1758,1.18221,0.00471674060476257,1
2020-10-21,1.18226,1.18807,1.18206,1.18579,0.003028226795577682,0
2020-10-22,1.18578,1.18669,1.181,1.18196,-0.0032299142343922282,1
2020-10-23,1.18197,1.1865,1.1785,1.1859,0.003333446140309393,0
2020-10-26,1.18554,1.18597,1.1801,1.1809,-0.004216207100092628,0
2020-10-27,1.18093,1.18388,1.1781,1.17871,-0.0018545177407063296,0
2020-10-28,1.17867,1.1788,1.1716,1.1746,-0.0034868627567423705,0
2020-10-29,1.17452,1.17588,1.1648,1.16741,-0.00612123276008858,0
2020-10-30,1.16737,1.17043,1.1638,1.16459,-0.002415603772453534,0
2020-11-02,1.16474,1.1656,1.1621,1.16402,-0.0004894426364643323,1
2020-11-03,1.16404,1.17398,1.16318,1.17133,0.006279960825415376,0
2020-11-04,1.17115,1.1771,1.1602,1.16721,-0.0035173691444767563,1
2020-11-05,1.17241,1.18598,1.1709,1.18267,0.013245260064598474,1
2020-11-06,1.18268,1.1891,1.1794,1.18716,0.0037964943729018596,0
2020-11-09,1.18881,1.192,1.1794,1.18126,-0.004969843997439272,1
2020-11-10,1.18125,1.18433,1.1778,1.18136,8.465536799695528e-05,1
2020-11-11,1.18119,1.18327,1.1809,1.18236,0.0008464820207219059,0
2020-11-12,1.17763,1.18232,1.1757,1.18039,-0.001666159207009743,1
2020-11-13,1.18041,1.18375,1.1797,1.1835,0.0026347224222502685,1
2020-11-16,1.18394,1.1869,1.1812,1.18498,0.00125052809463444,1
2020-11-17,1.18498,1.1894,1.1842,1.18612,0.0009620415534441484,0
2020-11-18,1.18615,1.18911,1.1847,1.18525,-0.0007334839645231073,1
2020-11-19,1.18522,1.18826,1.1814,1.18743,0.0018392744146804585,0
2020-11-20,1.18726,1.18908,1.1848,1.18544,-0.0016758882628870042,0
2020-11-23,1.18521,1.19061,1.1799,1.18392,-0.0012822243217708307,1
2020-11-24,1.184,1.18963,1.1834,1.18898,0.004273937428204366,1
2020-11-25,1.18889,1.19297,1.188,1.19151,0.0021278743124359956,0
2020-11-26,1.19157,1.19409,1.1884,1.19121,-0.0002517813530729107,1
2020-11-27,1.19123,1.19641,1.19057,1.1962,0.00418901788937287,0
2020-11-30,1.19608,1.20033,1.1922,1.19245,-0.0031349272696872266,1
2020-12-01,1.19243,1.20767,1.1923,1.20685,0.012075978028428747,1
2020-12-02,1.20686,1.21185,1.2038,1.21132,0.0037038571487757466,1
2020-12-03,1.21134,1.21746,1.2099,1.2143,0.0024601261433807586,0
2020-12-04,1.21454,1.21775,1.2109,1.21202,-0.0018776249691179192,0
2020-12-07,1.213,1.21663,1.2077,1.21078,-0.0010230854276332968,0
2020-12-08,1.21067,1.2134,1.2094,1.2101,-0.0005616214341168657,1
2020-12-09,1.21004,1.21475,1.20986,1.2133,0.0026444095529296607,1
2020-12-10,1.20791,1.2159,1.2073,1.21355,0.00020604961674752786,0
2020-12-11,1.2136,1.2163,1.2103,1.21121,-0.001928227102303115,1
2020-12-14,1.21345,1.21768,1.2114,1.21431,0.00255942404702747,1
2020-12-15,1.2142,1.21689,1.212,1.21505,0.0006093995767142424,1
2020-12-16,1.21501,1.22123,1.2124,1.2198,0.00390930414386248,1
2020-12-17,1.21968,1.22728,1.2189,1.22659,0.005566486309231067,0
2020-12-18,1.2268,1.22718,1.2224,1.2255,-0.0008886424966778605,0
2020-12-21,1.22196,1.22531,1.2128,1.2243,-0.0009791921664626946,0
2020-12-22,1.22432,1.22571,1.215,1.2161,-0.006697704810912364,1
2020-12-23,1.21603,1.2221,1.2152,1.21852,0.0019899679302690654,0
2020-12-24,1.21845,1.22157,1.2176,1.21844,-6.565341561903804e-05,0
2020-12-25,1.21836,1.2205,1.2161,1.21832,-9.848658940936339e-05,1
2020-12-28,1.21832,1.22504,1.21794,1.2216,0.0026922319259308214,1
2020-12-29,1.2214,1.22753,1.22057,1.22475,0.002578585461689542,1
2020-12-30,1.22476,1.23101,1.22435,1.2296,0.003959991835068344,0
2020-12-31,1.22949,1.23093,1.2207,1.22138,-0.006685100845803649,0
2021-01-01,1.2215,1.2215,1.22138,1.22138,0.0,1
2021-01-04,1.22386,1.23098,1.2229,1.22461,0.0026445496078206787,1
2021-01-05,1.22469,1.23057,1.22428,1.22957,0.00405026906525352,1
2021-01-06,1.2296,1.23495,1.2264,1.23242,0.0023178834877233268,0
2021-01-07,1.2325,1.23445,1.2243,1.22688,-0.004495220785121989,0
2021-01-08,1.22705,1.22848,1.2193,1.2197,-0.005852243088158571,0
2021-01-11,1.2216,1.22284,1.2131,1.21495,-0.003894400262359654,1
2021-01-12,1.21505,1.22097,1.2135,1.22052,0.004584550804559884,0
2021-01-13,1.22057,1.22229,1.2138,1.21565,-0.003990102579228605,0
2021-01-14,1.21566,1.21788,1.211,1.21515,-0.00041130259531929614,0
2021-01-15,1.2154,1.21625,1.2072,1.20749,-0.006303748508414642,0
2021-01-18,1.20823,1.20869,1.2052,1.20745,-3.312656833598382e-05,1
2021-01-19,1.20744,1.2145,1.2072,1.2128,0.004430825292973006,0
2021-01-20,1.21284,1.21582,1.2075,1.21044,-0.0019459102902376069,1
2021-01-21,1.21057,1.21732,1.2101,1.21595,0.00455206371236927,1
2021-01-22,1.21593,1.21896,1.215,1.21702,0.0008799703935193914,0
2021-01-25,1.21672,1.21833,1.2114,1.21385,-0.002604723011947141,1
2021-01-26,1.21368,1.2176,1.2106,1.21593,0.0017135560406968953,0
2021-01-27,1.21599,1.21698,1.2057,1.21075,-0.004260113657858611,1
2021-01-28,1.21073,1.21424,1.2079,1.21201,0.0010406772661573083,1
2021-01-29,1.212,1.2156,1.2092,1.21362,0.0013283718781196274,0
2021-02-01,1.21285,1.21365,1.2053,1.2059,-0.006361134457243622,0
2021-02-02,1.2059,1.20878,1.201,1.2042,-0.0014097354672858442,0
2021-02-03,1.20432,1.20502,1.2002,1.20348,-0.0005979073243645994,0
2021-02-04,1.20351,1.2043,1.1956,1.1962,-0.006049124206468082,1
2021-02-05,1.19618,1.205,1.1951,1.2043,0.006771442902524738,1
2021-02-08,1.20375,1.2066,1.2018,1.20458,0.000232500207589581,1
2021-02-09,1.20478,1.2122,1.2043,1.2117,0.00591077387969241,1
2021-02-10,1.21168,1.21441,1.2107,1.21176,4.951720722945474e-05,1
2021-02-11,1.21171,1.21495,1.2111,1.21295,0.0009820426487092693,0
2021-02-12,1.21279,1.2135,1.208,1.21177,-0.0009728348241889728,1
2021-02-15,1.21239,1.21452,1.2115,1.21268,0.0007509675928600856,0
2021-02-16,1.21274,1.21695,1.2093,1.21061,-0.0017069630900155008,0
2021-02-17,1.21058,1.2109,1.2021,1.20372,-0.005691345685233107,1
2021-02-18,1.2036,1.20946,1.2034,1.20891,0.0043116339348021615,1
2021-02-19,1.20888,1.21445,1.208,1.21167,0.0022830483658833334,1
2021-02-22,1.21148,1.21695,1.2089,1.21551,0.0031691797271535815,0
2021-02-23,1.21526,1.21801,1.2133,1.21486,-0.0005347549588239353,1
2021-02-24,1.21496,1.21747,1.2107,1.21664,0.0014651894045403235,1
2021-02-25,1.21641,1.22432,1.2154,1.2174,0.0006246712256707809,0
2021-02-26,1.21718,1.21841,1.206,1.20704,-0.008509939214719986,0
2021-03-01,1.20718,1.21012,1.2026,1.20492,-0.0017563626723222647,1
2021-03-02,1.20484,1.20945,1.199,1.209,0.003386116920625515,0
2021-03-03,1.20893,1.21133,1.2041,1.20634,-0.0022001654259720116,0
2021-03-04,1.20624,1.20666,1.196,1.19688,-0.007841901951357033,0
2021-03-05,1.19679,1.19777,1.1892,1.19079,-0.00508822939643061,0
2021-03-08,1.1917,1.19324,1.1842,1.1846,-0.0051982297466387495,1
2021-03-09,1.18462,1.19158,1.1834,1.18995,0.004516292419382006,1
2021-03-10,1.18992,1.193,1.1867,1.19287,0.002453884617000801,1
2021-03-11,1.19287,1.199,1.1914,1.19839,0.00462749503298765,0
2021-03-12,1.19846,1.19885,1.1908,1.19516,-0.0026952828378074,0
2021-03-15,1.19489,1.19675,1.1916,1.1927,-0.0020583018173297996,0
2021-03-16,1.19276,1.19519,1.1881,1.19008,-0.0021966965708057895,1
2021-03-17,1.19011,1.19857,1.1884,1.198,0.00665501478892172,0
2021-03-18,1.19796,1.19889,1.1904,1.19124,-0.0056427378964940544,0
2021-03-19,1.19118,1.19372,1.1872,1.1904,-0.0007051475773145466,1
2021-03-22,1.18798,1.1947,1.1873,1.19325,0.0023941532258064946,0
2021-03-23,1.19344,1.19409,1.184,1.1849,-0.006997695369788226,0
2021-03-24,1.18486,1.1852,1.1808,1.18117,-0.003147944974259409,0
2021-03-25,1.18123,1.18278,1.176,1.1768,-0.0036997214626175445,1
2021-03-26,1.17676,1.18053,1.1766,1.17928,0.00210740992522096,0
2021-03-29,1.1789,1.17939,1.1759,1.17656,-0.0023064920968727254,0
2021-03-30,1.17661,1.1774,1.171,1.17179,-0.00405419188141698,1
2021-03-31,1.17162,1.17598,1.1702,1.17266,0.0007424538526528135,1
2021-04-01,1.1726,1.178,1.1711,1.1774,0.004042092337079861,0
2021-04-02,1.17737,1.17867,1.1747,1.1761,-0.0011041277390861914,1
2021-04-05,1.1754,1.18195,1.1736,1.18123,0.004361873990307075,1
2021-04-06,1.18134,1.18776,1.1794,1.187,0.004884738789228127,0
2021-04-07,1.18706,1.19148,1.1859,1.1868,-0.00016849199663016012,1
2021-04-08,1.1868,1.19275,1.1859,1.19142,0.0038928210313446954,0
2021-04-09,1.1915,1.19201,1.1866,1.19008,-0.0011247083312349027,1
2021-04-12,1.18963,1.19192,1.1869,1.19107,0.0008318768486152983,1
2021-04-13,1.19118,1.19559,1.18766,1.19493,0.0032407834971914795,1
2021-04-14,1.19488,1.19874,1.1947,1.19781,0.002410183023273227,0
2021-04-15,1.19789,1.19933,1.1954,1.19654,-0.0010602683230229726,1
2021-04-16,1.19655,1.19948,1.1949,1.19823,0.0014124057699700376,1
2021-04-19,1.19752,1.2048,1.1941,1.2037,0.004565066806873519,0
2021-04-20,1.20367,1.20798,1.2021,1.2033,-0.00033230871479605906,1
2021-04-21,1.20339,1.20437,1.1997,1.20348,0.00014958863126413036,0
2021-04-22,1.20354,1.20697,1.1992,1.20156,-0.0015953734170905953,1
2021-04-23,1.20162,1.21,1.2011,1.20965,0.0067329138786242915,0
2021-04-26,1.20941,1.2117,1.2059,1.20848,-0.0009672219236968038,1
2021-04-27,1.20846,1.2093,1.2055,1.20894,0.00038064345293253865,1
2021-04-28,1.20887,1.21347,1.2054,1.21241,0.002870283057885503,0
2021-04-29,1.21248,1.215,1.21,1.2121,-0.00025568908207618257,0
2021-04-30,1.21217,1.21266,1.2015,1.2019,-0.008415147265077083,1
2021-05-03,1.20257,1.20762,1.2011,1.2063,0.003660870288709539,0
2021-05-04,1.20626,1.20637,1.1997,1.201,-0.0043936002652739115,0
2021-05-05,1.2011,1.20267,1.1984,1.2006,-0.00033305578684439396,1
2021-05-06,1.20057,1.20719,1.1991,1.2062,0.0046643344994170555,1
2021-05-07,1.20621,1.21715,1.2051,1.21625,0.00833195158348543,0
2021-05-10,1.21678,1.21782,1.21257,1.21317,-0.002532374100719381,1
2021-05-11,1.21308,1.21817,1.2121,1.2148,0.0013435874609495357,0
2021-05-12,1.21486,1.21522,1.2064,1.20693,-0.006478432663812983,1
2021-05-13,1.20702,1.21061,1.205,1.2082,0.0010522565517467886,1
2021-05-14,1.20823,1.21477,1.2069,1.21451,0.0052226452574077875,1
2021-05-17,1.21404,1.2169,1.2124,1.21537,0.0007081045030505884,1
2021-05-18,1.21521,1.22341,1.21486,1.2224,0.005784246772587709,0
2021-05-19,1.22245,1.22454,1.2158,1.21767,-0.00386943717277477,1
2021-05-20,1.21767,1.22301,1.2167,1.22288,0.004278663348854739,0
2021-05-21,1.22293,1.22399,1.2159,1.2178,-0.004154127960225074,1
2021-05-24,1.21761,1.223,1.2171,1.2216,0.0031203810149449396,1
2021-05-25,1.22158,1.22664,1.221,1.22489,0.00269318925998685,0
2021-05-26,1.22488,1.2263,1.218,1.21927,-0.004588167100719187,1
2021-05-27,1.21929,1.22151,1.2173,1.21936,7.381465959133138e-05,0
2021-05-28,1.21938,1.2205,1.2131,1.2189,-0.0003772470804355166,1
2021-05-31,1.21959,1.22313,1.2182,1.2226,0.0030355238329640155,0
2021-06-01,1.22259,1.22544,1.22095,1.22136,-0.0010142319646654352,0
2021-06-02,1.22137,1.22265,1.2162,1.22101,-0.00028656579550667693,0
2021-06-03,1.22108,1.22142,1.2116,1.2126,-0.0068877404771460204,1
2021-06-04,1.2126,1.21858,1.2102,1.2164,0.0031337621639453417,1
2021-06-07,1.21624,1.22018,1.2143,1.21904,0.0021703387043734423,0
2021-06-08,1.21905,1.21942,1.2162,1.2172,-0.0015093844336525608,1
2021-06-09,1.21727,1.2218,1.2169,1.2178,0.000492934604009232,0
2021-06-10,1.21784,1.21947,1.2142,1.2173,-0.00041057644933484294,0
2021-06-11,1.21728,1.2193,1.2091,1.2108,-0.0053396861907499815,1
2021-06-14,1.21091,1.21305,1.2092,1.21182,0.0008424182358768295,1
2021-06-15,1.21189,1.21473,1.2099,1.2128,0.0008087009621893237,0
2021-06-16,1.21281,1.2135,1.1989,1.1994,-0.011048812664907759,0
2021-06-17,1.19934,1.20063,1.189,1.1905,-0.007420376855094335,0
2021-06-18,1.19058,1.1925,1.1846,1.18592,-0.0038471230575386484,1
2021-06-21,1.18632,1.19214,1.1846,1.19184,0.004991905018888243,1
2021-06-22,1.19184,1.19527,1.1879,1.19389,0.0017200295341655014,0
2021-06-23,1.19399,1.19701,1.191,1.19273,-0.0009716138002662245,1
2021-06-24,1.19272,1.19563,1.1916,1.19303,0.0002515238151132859,1
2021-06-25,1.193,1.19753,1.1924,1.1933,0.0002263145101129016,0
2021-06-28,1.19352,1.19445,1.19,1.19246,-0.0007039302773820255,0
2021-06-29,1.19258,1.193,1.1876,1.18982,-0.0022139107391442314,0
2021-06-30,1.18972,1.1909,1.1843,1.1857,-0.003462708645005197,0
2021-07-01,1.18564,1.18842,1.1836,1.1848,-0.0007590452897021649,1
2021-07-02,1.1849,1.18743,1.1806,1.1862,0.0011816340310599749,0
2021-07-05,1.18666,1.18806,1.185,1.18615,-4.215140785690519e-05,0
2021-07-06,1.18619,1.18952,1.1805,1.18207,-0.003439699869325241,0
2021-07-07,1.1821,1.18364,1.178,1.1793,-0.00234334684071158,1
2021-07-08,1.17928,1.18678,1.1782,1.18444,0.004358517764775582,1
2021-07-09,1.18435,1.18812,1.1823,1.18746,0.002549728141568952,0
2021-07-12,1.18754,1.18802,1.1834,1.18598,-0.0012463577720511765,0
2021-07-13,1.18615,1.18751,1.177,1.1776,-0.007065886439906244,1
2021-07-14,1.17778,1.18388,1.177,1.18346,0.004976222826087007,0
2021-07-15,1.18349,1.18506,1.1794,1.18117,-0.0019350041404018192,0
2021-07-16,1.1812,1.18224,1.179,1.1805,-0.0005672341830557093,0
2021-07-19,1.18073,1.18245,1.1762,1.17975,-0.0006353240152477957,0
2021-07-20,1.17957,1.18025,1.1754,1.17805,-0.001440983259165085,1
2021-07-21,1.17802,1.1805,1.175,1.17948,0.001213870379016102,0
2021-07-22,1.17956,1.18305,1.1756,1.17678,-0.002289144368704976,1
2021-07-23,1.17683,1.17865,1.1753,1.1768,1.6995530175645257e-05,1
2021-07-26,1.17715,1.18173,1.1761,1.1801,0.0028042148198503813,1
2021-07-27,1.18005,1.18412,1.1768,1.18163,0.0012965002965850125,1
2021-07-28,1.18169,1.18496,1.17718,1.18434,0.002293442109628119,1
2021-07-29,1.18435,1.1893,1.1839,1.18857,0.003571609504027462,0
2021-07-30,1.18859,1.19087,1.185,1.18684,-0.0014555305955896713,1
2021-08-02,1.18635,1.1897,1.1857,1.18689,4.2128677833597195e-05,0
2021-08-03,1.18708,1.18934,1.1852,1.1862,-0.0005813512625433281,0
2021-08-04,1.18624,1.18997,1.1831,1.1835,-0.0022761760242790974,0
2021-08-05,1.18357,1.18573,1.1826,1.18332,-0.0001520912547529063,0
2021-08-06,1.18335,1.18354,1.1753,1.1761,-0.006101477199743077,0
2021-08-09,1.17589,1.1769,1.17321,1.1738,-0.001955616019045925,0
2021-08-10,1.17382,1.1743,1.1708,1.172,-0.0015334810018742262,1
2021-08-11,1.17194,1.17541,1.1704,1.17404,0.0017406143344709246,0
2021-08-12,1.17399,1.17483,1.1722,1.1731,-0.0008006541514768983,1
2021-08-13,1.17309,1.18048,1.17287,1.17936,0.005336288466456285,0
2021-08-16,1.17938,1.1801,1.1766,1.1774,-0.001661918328584977,0
2021-08-17,1.1776,1.17848,1.17054,1.17097,-0.005461185663325874,0
2021-08-18,1.17095,1.17427,1.1692,1.17093,-3.415971374165494e-05,0
2021-08-19,1.17094,1.17156,1.1664,1.16766,-0.0027926519945684625,1
2021-08-20,1.16771,1.17045,1.1662,1.16949,0.001567237038178959,1
2021-08-23,1.1695,1.17503,1.16912,1.1746,0.004369425989106501,1
2021-08-24,1.17457,1.17652,1.1725,1.1755,0.0007662182870764589,1
2021-08-25,1.17558,1.17745,1.1724,1.17686,0.001156954487452122,0
2021-08-26,1.17696,1.1779,1.1744,1.1754,-0.0012405893649202193,1
2021-08-27,1.17552,1.18023,1.1733,1.17924,0.003266972945380253,1
2021-08-30,1.17949,1.18099,1.1781,1.17977,0.00044944201350016755,1
2021-08-31,1.17983,1.18451,1.1793,1.1808,0.0008730515269925743,1
2021-09-01,1.18088,1.18573,1.1792,1.18372,0.0024728997289973353,1
2021-09-02,1.18383,1.18761,1.1832,1.18725,0.0029821241509815355,1
2021-09-03,1.18732,1.1909,1.1864,1.18832,0.0009012423668142144,0
2021-09-06,1.18774,1.18864,1.1854,1.18703,-0.001085566177460584,0
2021-09-07,1.18696,1.18854,1.1836,1.1845,-0.0021313698895562005,0
2021-09-08,1.18443,1.18512,1.18,1.18154,-0.0024989447024061917,1
2021-09-09,1.1816,1.18414,1.1803,1.18243,0.0007532542275336951,0
2021-09-10,1.18243,1.18512,1.1808,1.18115,-0.0010825165126054914,0
2021-09-13,1.18134,1.18171,1.1768,1.1811,-4.233162595768114e-05,0
2021-09-14,1.18085,1.1846,1.1798,1.18031,-0.0006688680044026896,1
2021-09-15,1.1804,1.1832,1.1797,1.18149,0.0009997373571348778,0
2021-09-16,1.18154,1.18207,1.1749,1.17666,-0.004088058299266062,0
2021-09-17,1.17671,1.17889,1.17211,1.1724,-0.003620417112844776,1
2021-09-20,1.17255,1.17365,1.1698,1.17273,0.0002814738996927968,0
2021-09-21,1.17248,1.17487,1.1713,1.17255,-0.00015348801514425414,0
2021-09-22,1.17249,1.17557,1.1683,1.1693,-0.002771736812929082,1
2021-09-23,1.1693,1.17502,1.1682,1.1738,0.003848456341400741,0
2021-09-24,1.17384,1.17476,1.1699,1.1718,-0.001703867779860313,0
2021-09-27,1.17165,1.17252,1.1683,1.16961,-0.0018689196108550021,0
2021-09-28,1.16954,1.17033,1.1666,1.16812,-0.0012739289164763745,0
2021-09-29,1.16827,1.16902,1.1587,1.1596,-0.007293771187891762,0
2021-09-30,1.15966,1.16098,1.1561,1.158,-0.0013797861331493744,1
2021-10-01,1.15802,1.16074,1.1561,1.1594,0.0012089810017272828,1
2021-10-04,1.15937,1.16402,1.1586,1.1618,0.0020700362256338423,0
2021-10-05,1.1617,1.1622,1.1579,1.1596,-0.001893613358581514,0
2021-10-06,1.15948,1.16006,1.1527,1.1554,-0.003621938599517094,1
2021-10-07,1.15533,1.15721,1.1546,1.15544,3.462004500609517e-05,1
2021-10-08,1.15547,1.15861,1.1539,1.1567,0.0010904936647511132,0
2021-10-11,1.15693,1.15868,1.1547,1.1554,-0.0011238869196853463,0
2021-10-12,1.15539,1.15703,1.1523,1.153,-0.0020772027003634896,1
2021-10-13,1.15302,1.15985,1.1527,1.15974,0.0058456201214223125,1
2021-10-14,1.15974,1.16245,1.1582,1.1598,5.173573387140529e-05,1
2021-10-15,1.15973,1.1619,1.1586,1.16,0.00017244352474565794,1
2021-10-18,1.15987,1.16224,1.157,1.16089,0.0007672413793105015,1
2021-10-19,1.16092,1.16694,1.1607,1.16286,0.0016969738734935458,1
2021-10-20,1.16296,1.16586,1.1615,1.1648,0.0016683005692861297,0
2021-10-21,1.16484,1.16674,1.1618,1.1625,-0.001974587912087933,1
2021-10-22,1.16256,1.16558,1.1619,1.1647,0.0018924731182794474,0
2021-10-25,1.16368,1.16652,1.1589,1.16099,-0.0031853696230790263,0
2021-10-26,1.16105,1.16258,1.1583,1.1592,-0.001541787612296397,1
2021-10-27,1.15923,1.16262,1.1583,1.16017,0.0008367839889578121,1
2021-10-28,1.16008,1.16922,1.158,1.1681,0.006835205185447002,0
2021-10-29,1.16808,1.16902,1.1533,1.1561,-0.010273093057101335,1
2021-11-01,1.15631,1.16092,1.1544,1.1604,0.0037194014358621352,0
2021-11-02,1.16032,1.16134,1.1573,1.15783,-0.002214753533264502,1
2021-11-03,1.15781,1.16164,1.156,1.1613,0.0029969857405665046,0
2021-11-04,1.16122,1.16164,1.1526,1.15526,-0.005201067768879741,1
2021-11-05,1.15539,1.15732,1.1512,1.1566,0.0011599120544294461,1
2021-11-08,1.15573,1.1595,1.1549,1.15863,0.0017551443887255935,1
2021-11-09,1.1584,1.16089,1.1568,1.15924,0.00052648386456422,0
2021-11-10,1.15921,1.15953,1.1474,1.14781,-0.009859908215727575,0
2021-11-11,1.1478,1.14877,1.1441,1.14499,-0.002456852614979854,0
2021-11-12,1.14495,1.14622,1.1431,1.14447,-0.0004541524380123896,0
2021-11-15,1.14452,1.1464,1.1355,1.13672,-0.006771693447622185,0
2021-11-16,1.13674,1.1386,1.1307,1.13199,-0.0041610950805826,0
2021-11-17,1.13196,1.13323,1.1262,1.1318,-0.00016784600570685093,1
2021-11-18,1.13192,1.13741,1.1312,1.1371,0.0046828061494963436,0
2021-11-19,1.1372,1.1373,1.1248,1.12794,-0.00805557998417028,0
2021-11-22,1.12901,1.1293,1.1229,1.1234,-0.004025036792737247,1
2021-11-23,1.12346,1.12751,1.1225,1.12477,0.0012195121951219523,0
2021-11-24,1.12477,1.12553,1.1185,1.11977,-0.004445353272224617,1
2021-11-25,1.11972,1.123,1.11951,1.12065,0.0007858756708967185,1
2021-11-26,1.12056,1.13308,1.12039,1.13155,0.009726498014545282,0
2021-11-29,1.13018,1.13156,1.1257,1.12906,-0.002200521408687317,1
2021-11-30,1.12902,1.1383,1.1234,1.13368,0.004091899456184933,0
2021-12-01,1.1335,1.13598,1.1301,1.1319,-0.0015701079669748763,0
2021-12-02,1.13187,1.13477,1.1294,1.13005,-0.0016344200017668342,1
2021-12-03,1.12998,1.13335,1.1265,1.13131,0.0011149949117295055,0
2021-12-06,1.1302,1.13151,1.1264,1.1285,-0.002483846160645564,0
2021-12-07,1.12832,1.12985,1.1225,1.12672,-0.0015773150199380748,1
2021-12-08,1.12672,1.13548,1.1263,1.1341,0.006549985799488844,0
2021-12-09,1.13412,1.1346,1.1277,1.12923,-0.004294153954677804,1
2021-12-10,1.12922,1.13241,1.1263,1.1314,0.00192166343437572,0
2021-12-13,1.1311,1.13193,1.1258,1.12837,-0.002678097931765877,0
2021-12-14,1.12827,1.1324,1.1252,1.12579,-0.0022864840433546307,1
2021-12-15,1.12583,1.12993,1.122,1.12892,0.0027802698549461713,1
2021-12-16,1.12885,1.13605,1.1279,1.13302,0.0036317896750877043,0
2021-12-17,1.13291,1.1349,1.12335,1.1237,-0.00822580360452596,1
2021-12-20,1.12395,1.1304,1.1233,1.12801,0.0038355432944736645,0
2021-12-21,1.12781,1.13028,1.1259,1.12801,0.0,1
2021-12-22,1.1284,1.13424,1.1262,1.13258,0.004051382523204472,1
2021-12-23,1.13253,1.13422,1.1288,1.13284,0.00022956435748477944,0
2021-12-24,1.13265,1.13435,1.13016,1.13181,-0.0009092193072279819,1
2021-12-27,1.13156,1.13347,1.1301,1.1327,0.0007863510659917861,0
2021-12-28,1.13254,1.13333,1.1288,1.13085,-0.001633265648450677,1
2021-12-29,1.13086,1.13691,1.1272,1.13459,0.003307246761285798,0
2021-12-30,1.13457,1.136,1.1297,1.1325,-0.001842075110832897,1
2021-12-31,1.13205,1.13865,1.1301,1.13659,0.0036114790286974063,0
2022-01-03,1.13707,1.1379,1.1278,1.12965,-0.006105983688049266,0
2022-01-04,1.12955,1.13226,1.1271,1.1286,-0.0009294914354003314,1
2022-01-05,1.12858,1.13465,1.1275,1.13116,0.002268297005139086,0
2022-01-06,1.1313,1.1332,1.1283,1.12925,-0.0016885321263127029,1
2022-01-07,1.12946,1.13649,1.1288,1.13593,0.005915430595528015,0
2022-01-10,1.13524,1.13603,1.1283,1.1325,-0.0030195522611429215,1
2022-01-11,1.13231,1.13754,1.1311,1.1366,0.0036203090507727076,1
2022-01-12,1.13661,1.14528,1.1353,1.14408,0.006581031145521665,1
2022-01-13,1.14403,1.14817,1.1433,1.14547,0.0012149500034963623,0
2022-01-14,1.14538,1.1483,1.1397,1.14091,-0.003980898670414623,0
2022-01-17,1.14128,1.14345,1.139,1.1406,-0.0002717129309061095,0
2022-01-18,1.14047,1.14215,1.1313,1.1323,-0.007276871821848108,1
2022-01-19,1.13241,1.13571,1.1317,1.13424,0.0017133268568398918,0
2022-01-20,1.13415,1.13691,1.13,1.13114,-0.0027331076315417757,1
2022-01-21,1.13096,1.13599,1.1298,1.13403,0.002554944569195694,0
2022-01-24,1.13409,1.1345,1.1289,1.1327,-0.0011728084794935256,0
2022-01-25,1.13246,1.1329,1.1261,1.13012,-0.002277743444866309,0
2022-01-26,1.12988,1.13107,1.1234,1.12408,-0.005344565178919125,0
2022-01-27,1.1241,1.12434,1.113,1.11424,-0.008753825350508948,1
2022-01-28,1.11432,1.11736,1.112,1.11456,0.00028719126938558937,1
2022-01-31,1.11415,1.12479,1.1137,1.12334,0.007877548090726494,1
2022-02-01,1.12346,1.12788,1.1219,1.12704,0.0032937489985223056,1
2022-02-02,1.1271,1.13302,1.1264,1.13022,0.0028215502555366534,1
2022-02-03,1.13011,1.14515,1.1266,1.144,0.012192316540142523,1
2022-02-04,1.1437,1.14839,1.1409,1.1448,0.0006993006993007977,0
2022-02-07,1.14628,1.14652,1.1412,1.14412,-0.0005939902166317568,0
2022-02-08,1.14421,1.14488,1.1394,1.14153,-0.0022637485578436145,1
2022-02-09,1.14145,1.14479,1.1401,1.1423,0.0006745333017967869,1
2022-02-10,1.14211,1.14949,1.1373,1.1427,0.0003501707082202987,0
2022-02-11,1.14276,1.14304,1.1328,1.13457,-0.007114728275137816,0
2022-02-14,1.13369,1.13691,1.1278,1.13052,-0.003569634310796266,1
2022-02-15,1.13047,1.13684,1.12955,1.1358,0.004670417153168405,1
2022-02-16,1.13569,1.13959,1.1342,1.13721,0.0012414157422082628,0
2022-02-17,1.13719,1.13863,1.1321,1.13592,-0.0011343551322974266,0
2022-02-18,1.13592,1.13771,1.1312,1.13203,-0.003424536939221068,0
2022-02-21,1.13178,1.13907,1.1305,1.13102,-0.000892202503467332,1
2022-02-22,1.1309,1.13669,1.1286,1.1323,0.0011317218086330794,0
2022-02-23,1.13238,1.13593,1.1299,1.13044,-0.0016426742029499453,0
2022-02-24,1.13027,1.1311,1.1104,1.11914,-0.00999610771027204,1
2022-02-25,1.11916,1.12743,1.1164,1.12657,0.006639026395267811,0
2022-02-28,1.1125,1.12465,1.11227,1.12175,-0.004278473596847077,0
2022-03-01,1.12176,1.12331,1.1088,1.11239,-0.008344105192779172,0
2022-03-02,1.11234,1.1144,1.1055,1.11186,-0.0004764516042035094,0
2022-03-03,1.11186,1.11224,1.1032,1.10659,-0.004739805371179906,0
2022-03-04,1.1066,1.1068,1.0884,1.09241,-0.012814140738665492,0
2022-03-07,1.09236,1.09325,1.0804,1.08549,-0.006334617954797173,1
2022-03-08,1.08537,1.09583,1.0847,1.08993,0.004090318657933301,1
2022-03-09,1.08995,1.10953,1.0888,1.1075,0.016120301303753415,0
2022-03-10,1.10738,1.11212,1.0974,1.09849,-0.008135440180586873,0
2022-03-11,1.0984,1.10435,1.09,1.09099,-0.006827554188021834,1
2022-03-14,1.09172,1.0994,1.0899,1.0942,0.0029422817807680524,1
2022-03-15,1.09427,1.10199,1.0924,1.0949,0.0006397367940047527,1
2022-03-16,1.09486,1.10468,1.09476,1.10309,0.007480135172161839,1
2022-03-17,1.10311,1.11375,1.1006,1.10888,0.00524889174954013,0
2022-03-18,1.10906,1.11186,1.1001,1.105,-0.003499026044297082,0
2022-03-21,1.10504,1.10703,1.1009,1.1018,-0.002895927601810011,1
2022-03-22,1.10183,1.10458,1.0959,1.1028,0.0009076057360684064,0
2022-03-23,1.10285,1.10437,1.0962,1.1005,-0.002085600290170464,0
2022-03-24,1.10063,1.10139,1.0964,1.09964,-0.0007814629713767118,0
2022-03-25,1.09961,1.10379,1.09788,1.0982,-0.0013095194791021836,1
2022-03-28,1.09836,1.09995,1.0943,1.09841,0.00019122199963583775,1
2022-03-29,1.09843,1.11372,1.0968,1.10861,0.009286149980426206,1
2022-03-30,1.1086,1.11711,1.10842,1.1157,0.006395396036477985,0
2022-03-31,1.11563,1.11849,1.1059,1.1066,-0.008156314421439381,0
2022-04-01,1.10658,1.10761,1.1026,1.1047,-0.0017169709018615142,0
2022-04-04,1.1038,1.10544,1.0959,1.09723,-0.006762016837150386,0
2022-04-05,1.09725,1.09887,1.0898,1.0906,-0.006042488812737501,0
2022-04-06,1.0906,1.09381,1.0873,1.08961,-0.0009077571978727272,0
2022-04-07,1.08971,1.09385,1.0863,1.0878,-0.001661144813281723,0
2022-04-08,1.08787,1.08918,1.0835,1.0875,-0.0002757859900718307,1
2022-04-11,1.09083,1.09333,1.0871,1.08823,0.0006712643678161712,0
2022-04-12,1.08828,1.09038,1.0819,1.0827,-0.0050816463431444525,1
2022-04-13,1.08273,1.08942,1.0807,1.08889,0.005717188510205862,0
2022-04-14,1.08888,1.09233,1.0756,1.0827,-0.005684688076848854,0
2022-04-15,1.08256,1.0829,1.0795,1.0805,-0.0020319571441765882,0
2022-04-18,1.08069,1.08216,1.0768,1.0778,-0.0024988431281813828,1
2022-04-19,1.07755,1.08145,1.076,1.0788,0.0009278159213210735,1
2022-04-20,1.0789,1.08671,1.0782,1.08506,0.0058027437893954925,0
2022-04-21,1.085,1.09364,1.0822,1.08346,-0.0014745728346817755,0
2022-04-22,1.08346,1.08516,1.0769,1.0794,-0.0037472541672052273,0
2022-04-25,1.08058,1.08153,1.0695,1.07121,-0.007587548638132269,0
2022-04-26,1.07118,1.07387,1.0634,1.06374,-0.00697342257820599,0
2022-04-27,1.06379,1.06549,1.0513,1.05541,-0.007830860924662009,0
2022-04-28,1.0554,1.05649,1.0469,1.04983,-0.005287044845131206,1
2022-04-29,1.04978,1.0593,1.0489,1.0541,0.004067325185982407,0
2022-05-02,1.05464,1.05684,1.0489,1.05037,-0.0035385637036334794,1
2022-05-03,1.05048,1.05778,1.0491,1.05214,0.0016851204813541631,1
2022-05-04,1.05208,1.0631,1.0504,1.06237,0.009723040659988191,0
2022-05-05,1.06247,1.06418,1.0491,1.05399,-0.007888023946459377,1
2022-05-06,1.05397,1.05988,1.0481,1.0551,0.0010531409216405496,1
2022-05-09,1.05404,1.05924,1.0494,1.05564,0.0005117998293999726,0
2022-05-10,1.05568,1.05854,1.0524,1.05292,-0.0025766359743850664,0
2022-05-11,1.0529,1.05771,1.05,1.05132,-0.0015195836340843316,0
2022-05-12,1.0514,1.05292,1.0352,1.03775,-0.012907582848229016,1
2022-05-13,1.03788,1.04196,1.0348,1.0412,0.0033245001204529334,1
2022-05-16,1.03968,1.0443,1.0387,1.04347,0.002180176719170257,1
2022-05-17,1.0435,1.05558,1.0427,1.05492,0.01097300353627828,0
2022-05-18,1.055,1.05637,1.0458,1.04615,-0.00831342661054879,1
2022-05-19,1.04617,1.06073,1.0458,1.05812,0.01144195383071267,0
2022-05-20,1.05835,1.05993,1.0531,1.056,-0.0020035534721958292,1
2022-05-23,1.05583,1.06973,1.05571,1.0689,0.012215909090909083,1
2022-05-24,1.06871,1.07487,1.0659,1.0732,0.004022827205538482,0
2022-05-25,1.07328,1.0739,1.064,1.06785,-0.004985091315691359,1
2022-05-26,1.068,1.07315,1.0661,1.073,0.004822774734279056,1
2022-05-27,1.07292,1.07652,1.0695,1.07317,0.00015843429636541728,1
2022-05-30,1.07326,1.0787,1.0724,1.0777,0.004221139241685989,0
2022-05-31,1.07762,1.07794,1.0677,1.07313,-0.004240512201911684,0
2022-06-01,1.07308,1.07393,1.0625,1.06519,-0.007398917186174914,1
2022-06-02,1.06516,1.0756,1.0643,1.07471,0.008937372675297262,0
2022-06-03,1.0746,1.07646,1.0702,1.0719,-0.002614658838198225,0
2022-06-06,1.07188,1.0752,1.0682,1.0694,-0.0023323071182014266,1
2022-06-07,1.06948,1.07142,1.065,1.07048,0.0010099121002433709,1
2022-06-08,1.0705,1.07485,1.067,1.07159,0.0010369180180853643,0
2022-06-09,1.07158,1.07738,1.0609,1.06171,-0.009219944195074659,0
2022-06-10,1.06182,1.06423,1.0504,1.0515,-0.009616561961364067,0
2022-06-13,1.05142,1.05201,1.0398,1.04075,-0.010223490252020961,1
2022-06-14,1.04084,1.04848,1.0395,1.04117,0.0004035551285128669,1
2022-06-15,1.04153,1.05078,1.0357,1.04451,0.0032079295408051767,1
2022-06-16,1.04462,1.06014,1.0379,1.0554,0.010425941350489465,0
2022-06-17,1.05515,1.05608,1.0443,1.0498,-0.005306045101383217,1
2022-06-20,1.0487,1.05458,1.0472,1.05117,0.0013050104781862082,1
2022-06-21,1.05102,1.05825,1.0507,1.05337,0.0020929059999810207,1
2022-06-22,1.05341,1.06059,1.0467,1.05638,0.002857495466930038,0
2022-06-23,1.05636,1.05812,1.0481,1.05208,-0.004070504931937502,1
2022-06-24,1.05205,1.05712,1.051,1.0554,0.0031556535624668314,1
2022-06-27,1.05525,1.0615,1.0548,1.0583,0.0027477733560736795,0
2022-06-28,1.05845,1.06063,1.0502,1.05208,-0.0058773504677314126,0
2022-06-29,1.05217,1.05355,1.0433,1.0439,-0.007775074138848592,1
2022-06-30,1.04407,1.04888,1.0381,1.04771,0.003649774882651391,0
2022-07-01,1.0477,1.0482,1.0365,1.0428,-0.004686411316108474,0
2022-07-04,1.04206,1.04628,1.0415,1.0422,-0.0005753739930954849,0
2022-07-05,1.04207,1.04488,1.0233,1.02646,-0.015102667434273687,0
2022-07-06,1.02654,1.02766,1.016,1.01821,-0.008037332190245938,0
2022-07-07,1.01823,1.0221,1.0142,1.01603,-0.0021410121684132255,1
2022-07-08,1.01607,1.01912,1.0071,1.0183,0.0022341859984449375,0
2022-07-11,1.01791,1.01834,1.0032,1.0037,-0.014337621526072764,0
2022-07-12,1.00377,1.00738,0.9998,1.0034,-0.0002988940918601246,1
2022-07-13,1.00355,1.01222,0.9996,1.00553,0.0021227825393661526,0
2022-07-14,1.00569,1.00589,0.995,1.00183,-0.0036796515270554053,1
2022-07-15,1.00186,1.00979,1.0005,1.00843,0.006587944062365736,1
2022-07-18,1.00829,1.02013,1.0077,1.0144,0.005920093610860544,1
2022-07-19,1.01466,1.02692,1.0118,1.0226,0.008083596214510935,0
2022-07-20,1.02279,1.02731,1.0154,1.01791,-0.004586348523371697,1
2022-07-21,1.0179,1.02781,1.0152,1.02267,0.004676248391311422,0
2022-07-22,1.02268,1.02553,1.0129,1.021,-0.001632980335787737,1
2022-07-25,1.02174,1.02579,1.0177,1.022,0.0009794319294809117,0
2022-07-26,1.0221,1.02502,1.0106,1.01179,-0.009990215264187863,1
2022-07-27,1.01174,1.02209,1.0095,1.01998,0.008094565077733762,0
2022-07-28,1.02005,1.02344,1.0112,1.01947,-0.000500009804113799,1
2022-07-29,1.01952,1.02544,1.0144,1.02248,0.002952514541869844,1
2022-08-01,1.02182,1.02753,1.0204,1.02587,0.0033154682732181584,0
2022-08-02,1.02578,1.02939,1.01619,1.01625,-0.009377406494000207,1
2022-08-03,1.01636,1.02105,1.0121,1.01691,0.0006494464944648559,1
2022-08-04,1.01702,1.02539,1.0153,1.02447,0.007434286220019404,0
2022-08-05,1.02457,1.0252,1.014,1.0181,-0.0062178492293576415,1
2022-08-08,1.01783,1.0222,1.0157,1.0193,0.0011786661428150325,1
2022-08-09,1.01927,1.02475,1.0187,1.02137,0.002030805454723561,1
2022-08-10,1.02125,1.03687,1.02,1.02976,0.008214457052782231,1
2022-08-11,1.02988,1.03644,1.0274,1.03205,0.0022238191423242792,0
2022-08-12,1.03227,1.03274,1.0237,1.0258,-0.006055908143985156,0
2022-08-15,1.02587,1.02683,1.0153,1.01599,-0.009563267693507571,1
2022-08-16,1.01595,1.01949,1.0121,1.01673,0.0007283536255278111,1
2022-08-17,1.01678,1.0203,1.0144,1.0176,0.0008556843999882879,0
2022-08-18,1.01756,1.0193,1.0079,1.00866,-0.00878537735849072,0
2022-08-19,1.00881,1.00955,1.003,1.0034,-0.005214839490016332,0
2022-08-22,1.00385,1.00466,0.9924,0.99424,-0.009128961530795343,1
2022-08-23,0.9942,1.00183,0.9899,0.9968,0.002574831026713964,0
2022-08-24,0.99684,0.99993,0.9908,0.99677,-3.0096308186178256e-05,1
2022-08-25,0.99669,1.00334,0.9947,0.99763,0.0008627868013684203,0
2022-08-26,0.99758,1.009,0.9945,0.9961,-0.0015336347142728135,1
2022-08-29,0.99556,1.00292,0.9912,0.99979,0.003704447344644146,1
2022-08-30,0.99993,1.00549,0.998,1.00155,0.0017603696776322675,1
2022-08-31,1.00155,1.0079,0.997,1.00501,0.0034546452997854527,0
2022-09-01,1.00507,1.00543,0.991,0.9943,-0.010656610381986287,1
2022-09-02,0.99444,1.0034,0.9941,0.995,0.0007040128733781792,0
2022-09-05,0.99207,0.99441,0.9876,0.99293,-0.0020804020100502196,0
2022-09-06,0.99284,0.99864,0.9862,0.9904,-0.0025480144622481715,1
2022-09-07,0.99044,1.00109,0.9873,1.00079,0.010490710823909621,0
2022-09-08,1.00079,1.003,0.9929,0.99969,-0.001099131685968202,1
2022-09-09,0.9996,1.01134,0.99955,1.0039,0.004211305504706608,1
2022-09-12,1.00913,1.01979,1.0058,1.01188,0.007948998904273141,0
2022-09-13,1.01188,1.01872,0.99616,0.99642,-0.015278491520733573,1
2022-09-14,0.99638,1.00236,0.9954,0.99783,0.0014150659360510076,1
2022-09-15,0.99806,1.00179,0.9954,0.9996,0.001773849252878712,1
2022-09-16,0.9995,1.0037,0.9943,1.0015,0.0019007603041216736,1
2022-09-19,1.00141,1.00294,0.9962,1.00256,0.0010584123814276758,0
2022-09-20,1.00261,1.0051,0.9951,0.99691,-0.005635572933290756,0
2022-09-21,0.99682,0.99752,0.9811,0.9836,-0.013351255379121407,0
2022-09-22,0.98397,0.99075,0.9805,0.98332,-0.00028466856445719113,0
2022-09-23,0.98351,0.9852,0.9664,0.969,-0.014562909327584084,0
2022-09-26,0.96739,0.97098,0.95501,0.96091,-0.00834881320949421,0
2022-09-27,0.96091,0.9671,0.9565,0.9594,-0.0015714270847425604,1
2022-09-28,0.95947,0.97508,0.9532,0.97332,0.014509068167604777,1
2022-09-29,0.97335,0.9824,0.9632,0.98167,0.008578884642255424,0
2022-09-30,0.98172,0.98539,0.9731,0.98003,-0.0016706225106197792,1
2022-10-03,0.97954,0.98446,0.9749,0.9821,0.0021121802393804234,1
2022-10-04,0.98219,0.99997,0.9802,0.99828,0.016474900722940555,0
2022-10-05,0.9983,0.99949,0.9833,0.98839,-0.009907040108987464,0
2022-10-06,0.98852,0.99265,0.97846,0.97915,-0.009348536508868022,0
2022-10-07,0.97914,0.9817,0.9725,0.9741,-0.005157534596333502,0
2022-10-10,0.97382,0.97531,0.968,0.97016,-0.004044759264962505,1
2022-10-11,0.97026,0.97747,0.9669,0.97027,0.00011338335944577338,1
2022-10-12,0.97031,0.97351,0.9666,0.9705,0.00023704741979035937,1
2022-10-13,0.97048,0.9806,0.9629,0.97771,0.007429160226687159,0
2022-10-14,0.97755,0.98086,0.9706,0.9719,-0.00594245737488619,1
2022-10-17,0.97223,0.98522,0.9718,0.984,0.012449840518571786,1
2022-10-18,0.98393,0.98755,0.9811,0.9862,0.002235772357723542,0
2022-10-19,0.98611,0.98725,0.97549,0.97715,-0.009176637598864334,1
2022-10-20,0.97724,0.98455,0.97524,0.97842,0.0012996981016220044,1
2022-10-21,0.97852,0.98692,0.9703,0.9861,0.007849389832587317,1
2022-10-24,0.98832,0.98992,0.98047,0.9869,0.0008112767467802762,1
2022-10-25,0.98706,0.99769,0.9847,0.9966,0.00982875671293959,1
2022-10-26,0.99659,1.00887,0.99415,1.00797,0.011408789885611004,0
2022-10-27,1.0081,1.00937,0.99554,0.99643,-0.011448753435122083,0
2022-10-28,0.99649,0.9998,0.9925,0.9963,-0.000130465762773202,0
2022-10-31,0.99567,0.99658,0.98706,0.98814,-0.008190304125263448,0
2022-11-01,0.98818,0.99543,0.98508,0.98746,-0.000688161596534953,0
2022-11-02,0.98745,0.9976,0.98107,0.98146,-0.006076195491462988,0
2022-11-03,0.98199,0.98396,0.9728,0.9748,-0.006785808896949463,1
2022-11-04,0.97491,0.99665,0.9741,0.99581,0.02155313910545753,1
2022-11-07,0.99055,1.00345,0.99013,1.0019,0.006115624466514813,1
2022-11-08,1.00185,1.00963,0.99703,1.00728,0.0053697973849684555,0
2022-11-09,1.00708,1.00882,0.99908,1.00103,-0.0062048288460009315,1
2022-11-10,1.0007,1.02219,0.99334,1.0208,0.019749657852411895,1
2022-11-11,1.02076,1.03642,1.0161,1.03538,0.014282915360501525,0
2022-11-14,1.03382,1.03586,1.0269,1.03265,-0.002636713090845788,1
2022-11-15,1.03259,1.04818,1.0278,1.03478,0.0020626543359318905,1
2022-11-16,1.0348,1.04385,1.0329,1.03942,0.0044840449177603325,0
2022-11-17,1.03936,1.04065,1.03027,1.03608,-0.003213330511246726,0
2022-11-18,1.03589,1.0396,1.0311,1.03235,-0.003600108099760413,0
2022-11-21,1.0323,1.03332,1.02206,1.02411,-0.00798178912190639,1
2022-11-22,1.02404,1.03082,1.02374,1.0303,0.006044272587905519,1
2022-11-23,1.03028,1.04052,1.02946,1.03954,0.00896826167135778,1
2022-11-24,1.03953,1.04485,1.038,1.04087,0.0012794120476364856,0
2022-11-25,1.0407,1.04293,1.03522,1.0395,-0.0013162066348342272,0
2022-11-28,1.03706,1.04969,1.03277,1.03388,-0.005406445406445526,0
2022-11-29,1.03385,1.03945,1.03174,1.0328,-0.0010446086586450853,1
2022-11-30,1.03283,1.04288,1.0288,1.04041,0.007368319132455614,1
2022-12-01,1.04041,1.0534,1.03906,1.05257,0.011687700041329796,1
2022-12-02,1.05258,1.0545,1.0427,1.05325,0.0006460377932109296,0
2022-12-05,1.053,1.05948,1.0478,1.04877,-0.0042535010681225005,0
2022-12-06,1.04902,1.05329,1.0457,1.0465,-0.0021644402490536008,1
2022-12-07,1.0466,1.05498,1.0441,1.05029,0.003621595795508803,1
2022-12-08,1.05048,1.05649,1.0488,1.0554,0.004865322910815095,0
2022-12-09,1.05542,1.05882,1.05018,1.05329,-0.001999241993556833,1
2022-12-12,1.05281,1.05802,1.0504,1.05367,0.00036077433565306904,1
2022-12-13,1.05355,1.06733,1.0526,1.06324,0.009082540074216716,1
2022-12-14,1.06317,1.06952,1.0617,1.06815,0.004617960197133231,0
2022-12-15,1.06812,1.07363,1.0591,1.06269,-0.005111641623367524,0
2022-12-16,1.0625,1.06631,1.05827,1.05839,-0.0040463352435798905,1
2022-12-19,1.0588,1.06579,1.0574,1.0606,0.002088077173820757,1
2022-12-20,1.06062,1.06586,1.0577,1.06232,0.001621723552706067,0
2022-12-21,1.06231,1.06455,1.0589,1.06039,-0.0018167783718653352,0
2022-12-22,1.06052,1.06594,1.0572,1.05965,-0.0006978564490423,1
2022-12-23,1.05928,1.0633,1.0585,1.06172,0.001953475204076849,1
2022-12-26,1.061,1.06364,1.05965,1.06332,0.001506988659910391,1
2022-12-27,1.0636,1.06694,1.061,1.0639,0.0005454613850957024,0
2022-12-28,1.0636,1.06745,1.0605,1.0611,-0.002631826299464346,1
2022-12-29,1.061,1.06916,1.06078,1.06609,0.00470266704363409,1
2022-12-30,1.0661,1.07131,1.0637,1.07025,0.0039021095779905313,0
2023-01-02,1.07031,1.07087,1.06489,1.06656,-0.0034477925718290336,0
2023-01-03,1.06646,1.06836,1.0517,1.0546,-0.011213621362136217,1
2023-01-04,1.05461,1.06354,1.0539,1.06033,0.005433339654845382,0
2023-01-05,1.0602,1.06314,1.0513,1.052,-0.007856044816236363,1
2023-01-06,1.052,1.0648,1.04816,1.06413,0.01153041825095058,1
2023-01-09,1.06409,1.07606,1.0636,1.07292,0.008260268952101857,1
2023-01-10,1.0728,1.07595,1.071,1.07326,0.000316892219363929,1
2023-01-11,1.07322,1.07775,1.0724,1.07562,0.0021989079999253924,1
2023-01-12,1.07566,1.0867,1.07292,1.08522,0.00892508506721712,0
2023-01-13,1.08506,1.0868,1.0779,1.08302,-0.0020272387165736205,0
2023-01-16,1.08333,1.08741,1.08,1.08198,-0.0009602777418701303,0
2023-01-17,1.08205,1.08699,1.0773,1.07877,-0.002966783119835781,1
2023-01-18,1.07872,1.08873,1.0765,1.0794,0.0005839984426707634,1
2023-01-19,1.07928,1.084,1.0781,1.08308,0.003409301463776382,1
2023-01-20,1.0831,1.0859,1.0801,1.08549,0.0022251357240463676,1
2023-01-23,1.08672,1.09267,1.0844,1.08715,0.0015292632820200769,1
2023-01-24,1.0871,1.08979,1.0833,1.08851,0.0012509773260360735,1
2023-01-25,1.08848,1.09237,1.0856,1.09154,0.0027836216479406595,0
2023-01-26,1.0915,1.09294,1.0849,1.08916,-0.0021804056653902393,0
2023-01-27,1.08918,1.09002,1.0836,1.08649,-0.0024514304601710446,0
2023-01-30,1.08644,1.09137,1.0837,1.0848,-0.001555467606696781,1
2023-01-31,1.08488,1.0875,1.08,1.08626,0.0013458702064896855,1
2023-02-01,1.0861,1.1001,1.085,1.099,0.011728315504575315,0
2023-02-02,1.0989,1.10327,1.0885,1.09092,-0.007352138307552436,0
2023-02-03,1.09086,1.09401,1.0791,1.07929,-0.010660726726065883,0
2023-02-06,1.07814,1.0799,1.0708,1.07252,-0.0062726421999649284,1
2023-02-07,1.07251,1.07664,1.0667,1.07253,9.323835453045604e-06,0
2023-02-08,1.07247,1.07607,1.0708,1.07099,-0.001435857272057528,1
2023-02-09,1.07099,1.07907,1.07065,1.07398,0.002791809447333593,0
2023-02-10,1.07366,1.07527,1.0665,1.06754,-0.005996387269781578,1
2023-02-13,1.06807,1.073,1.0654,1.07207,0.004243400715664203,1
2023-02-14,1.07216,1.08044,1.0706,1.07366,0.0014831121102165667,0
2023-02-15,1.07361,1.07444,1.0659,1.0688,-0.004526572658011041,0
2023-02-16,1.06871,1.07223,1.0653,1.06725,-0.0014502245508981604,1
2023-02-17,1.06719,1.06983,1.0611,1.06929,0.00191145467322551,0
2023-02-20,1.06868,1.07046,1.0669,1.06841,-0.0008229759934161862,0
2023-02-21,1.0685,1.06981,1.0636,1.06457,-0.003594125850563068,0
2023-02-22,1.06464,1.06638,1.0598,1.06034,-0.0039734352837295095,0
2023-02-23,1.06031,1.06276,1.0576,1.0596,-0.0006978893562441524,0
2023-02-24,1.05934,1.06142,1.0535,1.05437,-0.00493582483956212,1
2023-02-27,1.05451,1.06198,1.0531,1.0608,0.00609842844542241,0
2023-02-28,1.0609,1.06451,1.0572,1.05748,-0.0031297134238310598,1
2023-03-01,1.05743,1.06914,1.0564,1.0666,0.008624276582062995,0
2023-03-02,1.0666,1.0673,1.0575,1.05966,-0.006506656666041555,1
2023-03-03,1.05963,1.06393,1.0587,1.06337,0.0035011230017174544,1
2023-03-06,1.06237,1.06943,1.062,1.06791,0.0042694452542388905,0
2023-03-07,1.06791,1.06944,1.0544,1.0549,-0.012182674569954366,0
2023-03-08,1.0549,1.05738,1.0524,1.0543,-0.0005687742914020077,1
2023-03-09,1.0543,1.05912,1.05377,1.05791,0.0034240728445413815,1
2023-03-10,1.05788,1.07007,1.0572,1.06387,0.0056337495628173695,1
2023-03-13,1.06938,1.07486,1.0649,1.07263,0.008234088751445157,1
2023-03-14,1.07273,1.07496,1.0677,1.07313,0.00046614396390176616,0
2023-03-15,1.07317,1.076,1.0515,1.05766,-0.014415774416892568,1
2023-03-16,1.0578,1.06356,1.0549,1.06125,0.00339428549817522,1
2023-03-17,1.06121,1.06853,1.06075,1.06639,0.0048433451118963244,1
2023-03-20,1.06832,1.07309,1.0629,1.0719,0.0051669651815939854,1
2023-03-21,1.07192,1.07886,1.0702,1.07676,0.00453400503778334,1
2023-03-22,1.0768,1.09125,1.0757,1.0858,0.008395557041495083,0
2023-03-23,1.0859,1.093,1.0823,1.08321,-0.002385337999631698,0
2023-03-24,1.08325,1.08385,1.0712,1.07588,-0.006766924234451355,1
2023-03-27,1.07645,1.08001,1.0743,1.07967,0.003522697698628008,1
2023-03-28,1.07963,1.08485,1.07937,1.08399,0.0040012225957932746,0
2023-03-29,1.08399,1.08713,1.0817,1.08395,-3.690070941619883e-05,1
2023-03-30,1.08403,1.09263,1.0823,1.09046,0.006005812076202766,0
2023-03-31,1.09042,1.09257,1.0835,1.08381,-0.006098343818205176,1
2023-04-03,1.08418,1.09166,1.0787,1.09006,0.005766693424124281,1
2023-04-04,1.09011,1.09733,1.0881,1.0954,0.00489881290938099,0
2023-04-05,1.09549,1.09696,1.089,1.09057,-0.004409348183311956,1
2023-04-06,1.09058,1.09376,1.0883,1.09176,0.0010911725061206745,0
2023-04-07,1.09177,1.0924,1.08759,1.09014,-0.0014838426027697915,0
2023-04-10,1.08995,1.09173,1.083,1.0859,-0.0038894086998000343,1
2023-04-11,1.08586,1.0928,1.08569,1.09095,0.004650520305737205,1
2023-04-12,1.09106,1.10004,1.09093,1.09914,0.007507218479307021,1
2023-04-13,1.09914,1.10677,1.0975,1.10447,0.0048492457739688355,0
2023-04-14,1.10459,1.10759,1.0971,1.0991,-0.004862060535822721,0
2023-04-17,1.09926,1.09998,1.0908,1.09253,-0.005977618051132727,1
2023-04-18,1.0925,1.0983,1.0921,1.09705,0.004137186164224316,0
2023-04-19,1.09706,1.0984,1.0916,1.09549,-0.0014219953511690475,1
2023-04-20,1.0956,1.09895,1.0932,1.09668,0.0010862718965942708,1
2023-04-21,1.09666,1.09938,1.0937,1.0988,0.0019331071962649382,1
2023-04-24,1.09861,1.10502,1.0965,1.10441,0.0051055697124133825,0
2023-04-25,1.10445,1.10671,1.0963,1.09738,-0.006365389665069943,1
2023-04-26,1.09729,1.10954,1.0967,1.104,0.006032550256064528,0
2023-04-27,1.10409,1.10635,1.0991,1.1025,-0.0013586956521739468,0
2023-04-28,1.10235,1.10449,1.0961,1.1014,-0.0009977324263039655,0
2023-05-01,1.10178,1.10355,1.0964,1.0975,-0.003540947884510648,1
2023-05-02,1.09744,1.1008,1.0941,1.10008,0.0023507972665148813,1
2023-05-03,1.10008,1.10916,1.0999,1.10606,0.005435968293215021,0
2023-05-04,1.10609,1.10917,1.0986,1.10118,-0.004412057212086151,1
2023-05-05,1.10127,1.10478,1.09665,1.10174,0.0005085453785937943,0
2023-05-08,1.10209,1.10537,1.0998,1.10038,-0.0012344110225643856,0
2023-05-09,1.10038,1.10042,1.094,1.09537,-0.004552972609462191,1
2023-05-10,1.09534,1.10068,1.094,1.0982,0.002583601887946596,0
2023-05-11,1.09811,1.09981,1.0899,1.09152,-0.006082680750318703,0
2023-05-12,1.0916,1.09355,1.08468,1.0847,-0.00624816769275871,1
2023-05-15,1.08528,1.08908,1.08392,1.0874,0.002489167511754431,0
2023-05-16,1.08745,1.09046,1.0854,1.08611,-0.001186315983078945,0
2023-05-17,1.08614,1.0874,1.0809,1.0839,-0.0020347846903167044,0
2023-05-18,1.08389,1.0848,1.0761,1.07699,-0.006375126856721258,1
2023-05-19,1.07697,1.08287,1.0759,1.08019,0.002971243929841494,1
2023-05-22,1.08061,1.08313,1.0794,1.0812,0.0009350206908043113,0
2023-05-23,1.08111,1.08204,1.0759,1.07723,-0.0036718460969293876,0
2023-05-24,1.07728,1.08013,1.0747,1.07495,-0.0021165396433443506,0
2023-05-25,1.07495,1.07567,1.07071,1.07277,-0.0020280013023862287,0
2023-05-26,1.07278,1.07586,1.07,1.0725,-0.00025168489051707876,0
2023-05-29,1.0721,1.07435,1.0704,1.07088,-0.0015104895104894878,1
2023-05-30,1.07088,1.07466,1.0671,1.07325,0.0022131331241594943,0
2023-05-31,1.07319,1.0736,1.0634,1.06856,-0.004369904495690746,1
2023-06-01,1.06856,1.07684,1.0661,1.07597,0.00693456614509258,0
2023-06-02,1.07592,1.0779,1.0704,1.0706,-0.004990845469669325,1
2023-06-05,1.07059,1.07225,1.0673,1.07102,0.00039230338128160014,0
2023-06-06,1.07116,1.07329,1.0666,1.06934,-0.0015685981587646447,1
2023-06-07,1.06943,1.07398,1.0667,1.06982,0.00044887500701373817,1
2023-06-08,1.06983,1.07871,1.0695,1.07817,0.0078050513170440095,0
2023-06-09,1.07812,1.07851,1.0742,1.0746,-0.003311166142630606,1
2023-06-12,1.07447,1.07901,1.07329,1.07565,0.0009771077610274403,1
2023-06-13,1.07568,1.08235,1.07557,1.07887,0.0029935387904986843,1
2023-06-14,1.0789,1.0864,1.0773,1.08311,0.003930037910035544,1
2023-06-15,1.0831,1.09527,1.0802,1.09413,0.010174405185068958,0
2023-06-16,1.09413,1.09707,1.09178,1.09401,-0.00010967618107549093,0
2023-06-19,1.09385,1.09462,1.0905,1.09213,-0.0017184486430653623,0
2023-06-20,1.09213,1.09462,1.0891,1.09164,-0.00044866453627323555,1
2023-06-21,1.0917,1.0991,1.0904,1.09836,0.006155875563372604,0
2023-06-22,1.09838,1.10122,1.09483,1.09554,-0.0025674642193816988,0
2023-06-23,1.09548,1.09585,1.08443,1.0891,-0.0058783796118808684,1
2023-06-26,1.08998,1.09201,1.08873,1.09057,0.0013497383160407939,1
2023-06-27,1.09056,1.09768,1.0902,1.09598,0.004960708620262766,0
2023-06-28,1.09603,1.09627,1.08967,1.09125,-0.004315772185623734,0
2023-06-29,1.09129,1.09414,1.08599,1.08625,-0.004581901489118079,1
2023-06-30,1.08639,1.09318,1.0835,1.09074,0.004133486766398242,1
2023-07-03,1.09076,1.09339,1.087,1.091,0.0002383702807267074,0
2023-07-04,1.09102,1.09163,1.0875,1.08791,-0.0028322639780018477,0
2023-07-05,1.08793,1.09079,1.085,1.08545,-0.0022612164609203678,1
2023-07-06,1.08543,1.09006,1.0833,1.0888,0.0030862775807267706,1
2023-07-07,1.08885,1.09733,1.08668,1.0964,0.006980161645848693,1
2023-07-10,1.09648,1.10014,1.0942,1.09995,0.003237869390733339,1
2023-07-11,1.09996,1.10273,1.0976,1.10051,0.0005091140506388037,1
2023-07-12,1.1006,1.11403,1.1004,1.11282,0.011185722982980373,1
2023-07-13,1.11283,1.12284,1.11272,1.12235,0.008563828831257503,1
2023-07-14,1.12231,1.12449,1.1204,1.12264,0.0002583864213481224,1
2023-07-17,1.12281,1.12488,1.12028,1.12354,0.0008016817501601547,0
2023-07-18,1.12361,1.12758,1.1208,1.12274,-0.0007120351745375508,0
2023-07-19,1.12274,1.12403,1.11742,1.11998,-0.002458271728093875,0
2023-07-20,1.11999,1.12291,1.1117,1.11339,-0.005884033643457798,0
2023-07-21,1.11348,1.1145,1.11076,1.11245,-0.0008442684055004479,0
2023-07-24,1.11312,1.1147,1.10599,1.10627,-0.005555305856442816,0
2023-07-25,1.10625,1.10869,1.10205,1.1057,-0.0005152449221258459,1
2023-07-26,1.10568,1.11068,1.10375,1.10866,0.002677037171022967,0
2023-07-27,1.10867,1.11497,1.0964,1.09764,-0.009939927480020927,1
2023-07-28,1.09768,1.10475,1.09434,1.10147,0.0034893043256440937,0
2023-07-31,1.1018,1.10459,1.0992,1.09968,-0.0016251010013890177,1
2023-08-01,1.09966,1.10195,1.0951,1.10181,0.0019369271060671878,0
2023-08-02,1.10178,1.10181,1.0917,1.09381,-0.007260779989290311,1
2023-08-03,1.09383,1.09629,1.0911,1.09483,0.0009325202731735871,1
2023-08-04,1.09472,1.1042,1.0934,1.10072,0.005379830658641005,0
2023-08-07,1.10105,1.10139,1.0964,1.10029,-0.00039065339050792236,0
2023-08-08,1.10031,1.10111,1.0928,1.09535,-0.00448972543602133,1
2023-08-09,1.09536,1.09954,1.095,1.09759,0.002045008444789387,1
2023-08-10,1.09761,1.10652,1.0966,1.09801,0.0003826565475266719,0
2023-08-11,1.09828,1.1005,1.09418,1.09436,-0.0033241955902040266,0
2023-08-14,1.09475,1.09602,1.08745,1.09046,-0.003563726744398532,0
2023-08-15,1.09048,1.09525,1.08965,1.09027,-0.0001742383948057924,0
2023-08-16,1.09024,1.09346,1.08713,1.08805,-0.0020361928696562837,0
2023-08-17,1.08813,1.09182,1.0856,1.08672,-0.0012223702954827775,1
2023-08-18,1.08673,1.0894,1.08447,1.08711,0.0003588780918728496,1
2023-08-21,1.08742,1.09137,1.08692,1.08943,0.002134098665268258,0
2023-08-22,1.08953,1.09305,1.08328,1.08445,-0.004571197782326508,1
2023-08-23,1.08448,1.08715,1.0801,1.08619,0.0016044999769468937,0
2023-08-24,1.08618,1.08767,1.0803,1.08126,-0.004538800762297512,0
2023-08-25,1.0812,1.08418,1.0765,1.0793,-0.0018126999981504799,1
2023-08-28,1.07957,1.08232,1.0793,1.08187,0.002381172982488744,1
2023-08-29,1.08191,1.0892,1.0782,1.08785,0.005527466331444408,1
2023-08-30,1.08781,1.09456,1.08549,1.09228,0.004072252608355864,0
2023-08-31,1.09227,1.09394,1.08348,1.08415,-0.00744314644596622,0
2023-09-01,1.08414,1.08819,1.07706,1.07733,-0.006290642438776972,1
2023-09-04,1.07739,1.0809,1.07712,1.07938,0.001902852422192014,0
2023-09-05,1.07943,1.07985,1.07062,1.07226,-0.006596379402990626,0
2023-09-06,1.07221,1.07489,1.07021,1.07225,-9.326096282680219e-06,0
2023-09-07,1.07239,1.0732,1.0686,1.06962,-0.0024527861972486464,1
2023-09-08,1.06969,1.07439,1.0692,1.0699,0.00026177520988768244,1
2023-09-11,1.07147,1.07594,1.07064,1.07484,0.004617253948967059,1
2023-09-12,1.07493,1.07692,1.07052,1.0759,0.0009861932938857176,0
2023-09-13,1.07589,1.07648,1.07109,1.07292,-0.002769774142578285,0
2023-09-14,1.07294,1.07521,1.06315,1.0642,-0.008127353390746772,1
2023-09-15,1.06421,1.0688,1.06328,1.06596,0.001653824469084686,1
2023-09-18,1.06626,1.06988,1.0654,1.06918,0.003020751247701625,0
2023-09-19,1.06914,1.0718,1.0672,1.06795,-0.0011504143362203179,0
2023-09-20,1.06793,1.0737,1.0649,1.06633,-0.0015169249496699289,0
2023-09-21,1.06635,1.06735,1.06165,1.06584,-0.00045952003601146263,0
2023-09-22,1.06582,1.06717,1.06147,1.06432,-0.0014261052315543976,0
2023-09-25,1.06445,1.06555,1.05753,1.05922,-0.0047917919422728605,0
2023-09-26,1.05915,1.0609,1.05618,1.05698,-0.002114763694039068,0
2023-09-27,1.05698,1.0574,1.04878,1.05052,-0.006111752351038002,1
2023-09-28,1.05051,1.0579,1.04908,1.05635,0.005549632562921181,1
2023-09-29,1.05639,1.0617,1.05577,1.05709,0.0007005253940457479,0
2023-10-02,1.05676,1.05919,1.04749,1.0479,-0.008693677927139598,0
2023-10-03,1.04786,1.04934,1.0448,1.04642,-0.0014123485065370422,1
2023-10-04,1.04646,1.05321,1.0451,1.0506,0.003994571969190286,1
2023-10-05,1.05062,1.0552,1.04998,1.05483,0.004026270702455648,1
2023-10-06,1.05483,1.06,1.04823,1.05857,0.003545595024790904,0
2023-10-09,1.05545,1.05744,1.05192,1.0565,-0.00195546822600301,1
2023-10-10,1.05654,1.06198,1.05542,1.0605,0.003786086133459543,1
2023-10-11,1.06046,1.06348,1.05799,1.062,0.0014144271570015743,0
2023-10-12,1.06191,1.06397,1.0524,1.05297,-0.008502824858757196,0
2023-10-13,1.053,1.05584,1.04952,1.05043,-0.002412224469832913,1
2023-10-16,1.05209,1.05628,1.05132,1.05585,0.005159791704349548,1
2023-10-17,1.05589,1.05948,1.05326,1.05742,0.001486953639248112,0
2023-10-18,1.05742,1.05941,1.05228,1.05358,-0.0036314803956800645,1
2023-10-19,1.05354,1.06166,1.05278,1.05807,0.0042616602441201135,1
2023-10-20,1.05816,1.06036,1.05648,1.0593,0.0011624939748786645,1
2023-10-23,1.05928,1.06779,1.05711,1.06674,0.0070235060889267675,0
2023-10-24,1.06675,1.06943,1.05828,1.059,-0.007255751167107305,0
2023-10-25,1.05911,1.06067,1.05634,1.05674,-0.0021340887629839322,0
2023-10-26,1.05668,1.05691,1.05218,1.05603,-0.0006718776614872413,1
2023-10-27,1.05596,1.0597,1.0535,1.05605,1.893885590353861e-05,1
2023-10-30,1.05653,1.06251,1.05468,1.06147,0.0051323327493963955,0
2023-10-31,1.06145,1.06749,1.05571,1.05744,-0.003796621666179889,0
2023-11-01,1.0574,1.05806,1.05165,1.0567,-0.0006998032985322533,1
2023-11-02,1.0567,1.06676,1.0567,1.06211,0.005119712311914659,1
2023-11-03,1.06203,1.07467,1.06144,1.073,0.010253175283162719,0
2023-11-06,1.07243,1.07563,1.07158,1.07173,-0.0011835973904937847,0
2023-11-07,1.07168,1.07221,1.0664,1.06998,-0.001632873951461833,1
2023-11-08,1.06993,1.0716,1.0659,1.0709,0.0008598291556851656,0
2023-11-09,1.07076,1.07254,1.06598,1.06671,-0.003912596881127994,1
2023-11-10,1.06671,1.0693,1.06559,1.06848,0.0016593075906292665,1
2023-11-13,1.06826,1.07061,1.06647,1.06987,0.0013009134471397843,1
2023-11-14,1.06975,1.08875,1.06927,1.08787,0.01682447400151399,0
2023-11-15,1.08788,1.08861,1.08313,1.08468,-0.0029323356651068666,1
2023-11-16,1.08453,1.08955,1.08299,1.08517,0.00045174613710941003,1
2023-11-17,1.08501,1.09148,1.08246,1.09138,0.005722605674686854,1
2023-11-20,1.09095,1.09518,1.0897,1.09394,0.0023456541259687658,0
2023-11-21,1.09386,1.09651,1.08998,1.0911,-0.002596120445362615,0
2023-11-22,1.091,1.0923,1.08522,1.08883,-0.002080469251214412,1
2023-11-23,1.08864,1.09304,1.08815,1.09035,0.0013959938649743542,1
2023-11-24,1.09031,1.09486,1.08947,1.09367,0.003044893841427143,1
2023-11-27,1.09426,1.09594,1.09247,1.09531,0.001499538251940713,1
2023-11-28,1.09518,1.1009,1.09342,1.09927,0.0036154148140707942,0
2023-11-29,1.09908,1.10171,1.096,1.09692,-0.0021377823464663326,0
2023-11-30,1.09675,1.0984,1.0879,1.08861,-0.007575757575757458,0
2023-12-01,1.0886,1.09127,1.08287,1.08818,-0.0003949991273276554,0
2023-12-04,1.08765,1.0895,1.08039,1.08359,-0.004218052160487984,0
2023-12-05,1.0836,1.08474,1.07778,1.07965,-0.003636061610018615,0
2023-12-06,1.07965,1.08047,1.07583,1.07643,-0.0029824480155605793,1
2023-12-07,1.07621,1.08175,1.07548,1.07936,0.0027219605547970094,0
2023-12-08,1.07918,1.08007,1.0723,1.07608,-0.0030388378298252805,1
2023-12-11,1.0759,1.0779,1.07414,1.0764,0.000297375659802368,1
2023-12-12,1.07631,1.08281,1.0757,1.07943,0.002814938684503776,1
2023-12-13,1.07937,1.08966,1.07729,1.08742,0.007402054788175461,1
2023-12-14,1.08728,1.10092,1.087,1.09921,0.010842176895771605,0
2023-12-15,1.09912,1.10038,1.08885,1.08922,-0.009088345266145659,1
2023-12-18,1.0897,1.09312,1.08914,1.09235,0.002873615982078803,1
2023-12-19,1.09228,1.09873,1.09145,1.09805,0.005218107749347833,0
2023-12-20,1.09787,1.09843,1.09296,1.09413,-0.0035699649378443388,1
2023-12-21,1.09413,1.10126,1.09347,1.10109,0.006361218502371591,1
2023-12-22,1.10109,1.10401,1.09935,1.1011,9.08190974402423e-06,0
2023-12-25,1.1016,1.10202,1.09913,1.1008,-0.0002724548179093844,1
2023-12-26,1.1011,1.1045,1.10073,1.10417,0.0030614098837209447,1
2023-12-27,1.10417,1.11226,1.10284,1.11044,0.005678473423476493,0
2023-12-28,1.11044,1.11395,1.10549,1.10593,-0.004061453117683134,0
2023-12-29,1.10594,1.10842,1.10338,1.10374,-0.0019802338303510636,1
2024-01-01,1.104,1.1046,1.1034,1.1044,0.0005979669124975828,0
2024-01-02,1.10438,1.10454,1.0938,1.09416,-0.009272002897500964,0
2024-01-03,1.09414,1.09654,1.08928,1.09215,-0.0018370256635227289,1
2024-01-04,1.09209,1.09722,1.09142,1.09447,0.0021242503319141015,0
2024-01-05,1.0944,1.09984,1.08767,1.09392,-0.0005025263369484723,1
2024-01-08,1.09446,1.09788,1.09224,1.09495,0.000941567939154675,0
2024-01-09,1.09501,1.09663,1.09101,1.0931,-0.0016895748664323973,1
2024-01-10,1.09294,1.09731,1.09226,1.09724,0.003787393651084159,0
2024-01-11,1.09722,1.09999,1.093,1.09723,-9.113776384461758e-06,0
2024-01-12,1.09715,1.0987,1.09356,1.09483,-0.0021873262670543125,0
2024-01-15,1.0953,1.09676,1.0933,1.09483,0.0,0
2024-01-16,1.09482,1.0951,1.0862,1.08751,-0.006685969511248335,1
2024-01-17,1.0874,1.08845,1.08443,1.08827,0.0006988441485595853,0
2024-01-18,1.08811,1.09068,1.08464,1.08762,-0.0005972782489639394,1
2024-01-19,1.08757,1.08983,1.08654,1.0896,0.0018204887736523734,0
2024-01-22,1.08901,1.09095,1.08797,1.08824,-0.0012481644640233158,0
2024-01-23,1.0882,1.09162,1.08214,1.08541,-0.0026005292950085357,1
2024-01-24,1.0854,1.09323,1.08462,1.08843,0.0027823587400153116,0
2024-01-25,1.08843,1.09018,1.08214,1.08454,-0.0035739551464034625,1
2024-01-26,1.08449,1.08854,1.08125,1.08512,0.0005347889427775865,0
2024-01-29,1.0843,1.08501,1.07956,1.08328,-0.0016956649955766068,1
2024-01-30,1.0832,1.08573,1.08117,1.08447,0.0010985156192304668,0
2024-01-31,1.08446,1.08874,1.07947,1.0818,-0.002462032144734283,1
2024-02-01,1.0818,1.0875,1.07797,1.08713,0.004926973562580761,0
2024-02-02,1.08714,1.08974,1.07802,1.07849,-0.007947531573960775,0
2024-02-05,1.0785,1.07861,1.07229,1.07419,-0.003987055976411469,1
2024-02-06,1.07418,1.07623,1.07224,1.07545,0.0011729768476713698,1
2024-02-07,1.0754,1.0784,1.07487,1.07717,0.0015993305128085833,1
2024-02-08,1.07704,1.07889,1.07414,1.07775,0.0005384479701440181,1
2024-02-09,1.07767,1.07951,1.07619,1.07821,0.0004268151241011431,0
2024-02-12,1.07778,1.08055,1.07556,1.07713,-0.001001660158967188,0
2024-02-13,1.07708,1.07985,1.07003,1.07079,-0.005886011901998889,1
2024-02-14,1.07087,1.07344,1.06945,1.07264,0.0017276963737056228,1
2024-02-15,1.07243,1.07848,1.07224,1.0772,0.004251193317422297,1
2024-02-16,1.07718,1.07874,1.07318,1.07749,0.00026921648718913893,1
2024-02-19,1.07719,1.07894,1.07618,1.07785,0.0003341098293254685,1
2024-02-20,1.0777,1.0839,1.07614,1.08076,0.0026998190842881797,1
2024-02-21,1.08075,1.08245,1.07897,1.08185,0.0010085495392131438,1
2024-02-22,1.08182,1.08882,1.08025,1.08222,0.00034200674770068495,0
2024-02-23,1.08221,1.08396,1.08115,1.08188,-0.0003141690229343519,1
2024-02-26,1.08319,1.08597,1.08124,1.08509,0.002967057344622548,0
2024-02-27,1.08504,1.0866,1.08328,1.08437,-0.0006635394299090436,0
2024-02-28,1.08437,1.08474,1.07965,1.08377,-0.0005533166723536986,0
2024-02-29,1.08363,1.0856,1.07956,1.08053,-0.0029895642064274863,1
2024-03-01,1.08046,1.08432,1.0798,1.08368,0.002915236041572289,1
2024-03-04,1.0838,1.0867,1.08349,1.08555,0.0017256016536246754,0
2024-03-05,1.0856,1.08762,1.08401,1.08547,-7.369536179824276e-05,1
2024-03-06,1.0856,1.09153,1.08418,1.08986,0.004044331027112769,1
2024-03-07,1.0898,1.09493,1.08677,1.0948,0.004532692272401828,0
2024-03-08,1.0948,1.09813,1.09183,1.09381,-0.0009042747533796192,0
2024-03-11,1.09393,1.09481,1.0914,1.09257,-0.0011336520967991648,0
2024-03-12,1.09258,1.09438,1.09021,1.09255,-1.8305463265644306e-05,1
2024-03-13,1.09258,1.09638,1.09199,1.09479,0.0020502494165026697,0
2024-03-14,1.09485,1.0955,1.08804,1.08847,-0.0057727966093953365,1
2024-03-15,1.08853,1.08997,1.08726,1.08869,0.0002021185701028827,0
2024-03-18,1.08878,1.09061,1.08658,1.08721,-0.0013594319778815755,0
2024-03-19,1.08728,1.08766,1.08345,1.08649,-0.0006622455643344738,1
2024-03-20,1.08653,1.0923,1.0836,1.09211,0.005172620088542024,0
2024-03-21,1.09206,1.09426,1.08551,1.08605,-0.005548891595168914,0
2024-03-22,1.08605,1.08681,1.08015,1.0805,-0.0051102619584733056,1
2024-03-25,1.08074,1.08426,1.08019,1.08359,0.0028597871355853233,0
2024-03-26,1.08364,1.08643,1.0824,1.08316,-0.0003968290589615453,0
2024-03-27,1.08319,1.08391,1.08104,1.08258,-0.0005354702906309461,0
2024-03-28,1.0826,1.0827,1.07748,1.0789,-0.003399286888728925,1
2024-03-29,1.07889,1.08051,1.07677,1.079,9.268699601450159e-05,0
2024-04-01,1.0791,1.0799,1.07307,1.07428,-0.004374420759962971,1
2024-04-02,1.07435,1.0779,1.07244,1.07734,0.002848419406486169,1
2024-04-03,1.07722,1.0837,1.07637,1.08334,0.005569272467373265,1
2024-04-04,1.08331,1.08766,1.08314,1.08382,0.0004430741964664975,0
2024-04-05,1.08381,1.0848,1.07912,1.0836,-0.0002029857356388165,1
2024-04-08,1.08371,1.0863,1.08206,1.0859,0.002122554448136027,0
2024-04-09,1.08589,1.08851,1.08475,1.08575,-0.00013813426650710614,0
2024-04-10,1.08569,1.08665,1.07285,1.07429,-0.010554915956711985,0
2024-04-11,1.07429,1.07566,1.06989,1.07267,-0.0015079727075556493,0
2024-04-12,1.07265,1.07293,1.0622,1.06385,-0.008222472894739319,0
2024-04-15,1.06337,1.06652,1.062,1.06234,-0.0014193730319123077,0
2024-04-16,1.06238,1.06535,1.0601,1.06146,-0.0008283600353935494,1
2024-04-17,1.06164,1.06796,1.06059,1.06709,0.005304015224313785,0
2024-04-18,1.06715,1.069,1.0641,1.06435,-0.002567730931786638,1
2024-04-19,1.06431,1.06776,1.06102,1.06526,0.000854981913844366,0
2024-04-22,1.06556,1.06706,1.06237,1.06513,-0.00012203593488935294,1
2024-04-23,1.06519,1.07113,1.0638,1.07019,0.004750593824228044,0
2024-04-24,1.07019,1.07142,1.06776,1.06967,-0.0004858950279857943,1
2024-04-25,1.0697,1.074,1.06782,1.07281,0.0029354847756786207,0
2024-04-26,1.07284,1.0753,1.06737,1.06922,-0.003346352103354766,1
2024-04-29,1.06946,1.07337,1.06898,1.07203,0.002628084023867938,0
2024-04-30,1.07205,1.07353,1.06628,1.0669,-0.004785313843829075,1
2024-05-01,1.06688,1.07328,1.0649,1.07096,0.0038054175649075983,1
2024-05-02,1.07114,1.07302,1.0674,1.07233,0.0012792261148877326,1
2024-05-03,1.07221,1.08124,1.07221,1.07609,0.003506383296186799,1
2024-05-06,1.0763,1.07907,1.0755,1.07689,0.0007434322407975369,0
2024-05-07,1.07685,1.07874,1.07477,1.07559,-0.0012071799348121193,0
2024-05-08,1.07553,1.07575,1.0733,1.07474,-0.0007902639481587315,1
2024-05-09,1.07475,1.07847,1.07236,1.07807,0.003098423804827277,0
2024-05-10,1.07805,1.07901,1.07602,1.07694,-0.0010481694138599895,1
2024-05-13,1.07706,1.08068,1.07655,1.07883,0.0017549724218619556,1
2024-05-14,1.07896,1.08257,1.07668,1.08163,0.0025954042805633737,1
2024-05-15,1.08171,1.0886,1.08128,1.08832,0.00618510951064577,0
2024-05-16,1.08828,1.0895,1.0854,1.08656,-0.0016171714201704823,1
2024-05-17,1.0866,1.08786,1.08353,1.08674,0.00016566043292609578,0
2024-05-20,1.08688,1.08845,1.0853,1.08592,-0.0007545503064211312,0
2024-05-21,1.08593,1.08748,1.08424,1.0855,-0.00038676882274946145,0
2024-05-22,1.08551,1.08635,1.0817,1.08233,-0.00292031321971431,0
2024-05-23,1.08233,1.0861,1.08045,1.08142,-0.000840778690417876,1
2024-05-24,1.08144,1.0858,1.08052,1.0845,0.0028481071184183193,1
2024-05-27,1.08444,1.08675,1.08404,1.0856,0.001014292300599351,1
2024-05-28,1.08563,1.0889,1.08542,1.08569,8.290346352257671e-05,0
2024-05-29,1.08572,1.08604,1.07991,1.08029,-0.004973795466477582,1
2024-05-30,1.08032,1.08451,1.07879,1.08334,0.0028233159614547976,1
2024-05-31,1.08334,1.08823,1.08109,1.0845,0.0010707626414607763,1
2024-06-03,1.08462,1.09045,1.0826,1.09028,0.005329644997694727,0
2024-06-04,1.09017,1.0916,1.08585,1.08786,-0.00221961331034215,0
2024-06-05,1.08788,1.08915,1.08541,1.08702,-0.0007721581821189538,1
2024-06-06,1.087,1.0902,1.08617,1.08891,0.0017386984600098465,0
2024-06-07,1.08893,1.0902,1.07993,1.08,-0.008182494421026476,0
2024-06-10,1.07713,1.07817,1.07325,1.07648,-0.003259259259259184,0
2024-06-11,1.07649,1.07734,1.0719,1.07416,-0.0021551724137931494,1
2024-06-12,1.07425,1.08523,1.07343,1.08109,0.006451552841290065,0
2024-06-13,1.0812,1.08164,1.07309,1.07388,-0.006669194979141535,0
2024-06-14,1.07386,1.0745,1.06673,1.07025,-0.003380265951502981,1
2024-06-17,1.07045,1.0738,1.06862,1.07313,0.00269096005606162,1
2024-06-18,1.07314,1.07615,1.07098,1.074,0.0008107125884098121,1
2024-06-19,1.07401,1.07534,1.07244,1.0744,0.0003724394785846741,0
2024-06-20,1.07441,1.0749,1.06994,1.0704,-0.0037230081906179935,0
2024-06-21,1.07039,1.07206,1.06707,1.0691,-0.0012144992526159637,1
2024-06-24,1.06906,1.07465,1.06834,1.07332,0.003947245346553219,0
2024-06-25,1.07329,1.07442,1.06903,1.07123,-0.0019472291581262846,0
2024-06-26,1.07123,1.0718,1.06658,1.06799,-0.003024560551888822,1
2024-06-27,1.06795,1.07264,1.06767,1.07048,0.0023314825045179788,1
2024-06-28,1.0705,1.07248,1.06851,1.07112,0.0005978626410581,1
2024-07-01,1.0738,1.07765,1.07195,1.07384,0.0025393980132943916,1
2024-07-02,1.07384,1.07472,1.07097,1.07446,0.0005773672055426893,1
2024-07-03,1.07446,1.08169,1.0736,1.07855,0.00380656329691198,1
2024-07-04,1.07855,1.0814,1.07834,1.0811,0.002364285383153364,1
2024-07-05,1.08111,1.08426,1.07968,1.0837,0.002404957913236583,0
2024-07-08,1.08178,1.08451,1.08143,1.08241,-0.0011903663375473217,0
2024-07-09,1.08244,1.08333,1.0805,1.0814,-0.0009331029831580739,1
2024-07-10,1.08139,1.08305,1.08105,1.08289,0.0013778435361568864,1
2024-07-11,1.08289,1.08999,1.0828,1.08659,0.003416782868066015,1
2024-07-12,1.08659,1.09114,1.086,1.09054,0.003635225798139352,0
2024-07-15,1.08882,1.09223,1.08829,1.08946,-0.0009903350633631014,1
2024-07-16,1.08946,1.09056,1.08712,1.08977,0.00028454463679228326,1
2024-07-17,1.08988,1.09481,1.08949,1.09378,0.003679675527863635,0
2024-07-18,1.09378,1.0941,1.0893,1.08975,-0.003684470368812698,0
2024-07-19,1.08974,1.0902,1.08753,1.08822,-0.0014039917412250746,1
2024-07-22,1.08844,1.0903,1.08727,1.089,0.0007167668302365815,0
2024-07-23,1.08894,1.08968,1.08436,1.08531,-0.003388429752066102,0
2024-07-24,1.08534,1.08666,1.08253,1.084,-0.0012070284066303394,1
2024-07-25,1.08393,1.08701,1.08278,1.08449,0.0004520295202949942,1
2024-07-26,1.08448,1.08683,1.08418,1.0855,0.000931313336222539,0
2024-07-29,1.08557,1.087,1.08025,1.08223,-0.0030124366651311796,0
2024-07-30,1.08225,1.08358,1.0798,1.08131,-0.0008500965598809973,1
2024-07-31,1.08128,1.08494,1.08017,1.08268,0.0012669817166215402,0
2024-08-01,1.08269,1.08354,1.07772,1.0791,-0.0033066095245133376,1
2024-08-02,1.07909,1.0927,1.07816,1.09098,0.011009174311926717,1
2024-08-05,1.09195,1.1009,1.08923,1.09524,0.003904746191497388,0
2024-08-06,1.09526,1.09631,1.09035,1.0929,-0.0021365180234469427,0
2024-08-07,1.09285,1.09366,1.0905,1.09226,-0.0005855979504071351,0
2024-08-08,1.09228,1.09451,1.08812,1.09164,-0.0005676304176661651,0
2024-08-09,1.09162,1.09314,1.09087,1.09148,-0.00014656846579452765,1
2024-08-12,1.09183,1.09395,1.09097,1.09317,0.0015483563601714767,1
2024-08-13,1.09314,1.09997,1.09134,1.09914,0.005461181700924911,1
2024-08-14,1.09914,1.10264,1.0986,1.10253,0.0030842294885091714,0
2024-08-15,1.10111,1.1016,1.0949,1.09717,-0.0048615457175769095,1
2024-08-16,1.09719,1.10297,1.09702,1.10253,0.004885295806484002,1
2024-08-19,1.10247,1.10864,1.10215,1.1083,0.005233417684779695,1
2024-08-20,1.10835,1.11304,1.10716,1.11286,0.00411440945592334,1
2024-08-21,1.11285,1.11741,1.10992,1.11481,0.001752241971137547,0
2024-08-22,1.11482,1.11649,1.10976,1.11108,-0.0033458616266449637,1
2024-08-23,1.11112,1.1201,1.11052,1.11913,0.0072452028656802,0
2024-08-26,1.11903,1.12015,1.11498,1.11604,-0.002761073333750308,1
2024-08-27,1.11604,1.11906,1.11501,1.11824,0.0019712555105551033,0
2024-08-28,1.11827,1.1185,1.11046,1.11188,-0.005687508942624042,0
2024-08-29,1.11188,1.11399,1.10553,1.1078,-0.003669460733172758,0
2024-08-30,1.10779,1.1095,1.10436,1.10465,-0.0028434735511825293,1
2024-09-02,1.10464,1.10775,1.10416,1.10702,0.0021454759426062786,0
2024-09-03,1.10701,1.1073,1.1026,1.1045,-0.0022763816371880186,1
2024-09-04,1.10445,1.10952,1.10382,1.1082,0.00334993209597112,1
2024-09-05,1.10831,1.11197,1.10744,1.1108,0.002346146904890656,0
2024-09-06,1.11083,1.11556,1.10653,1.1083,-0.002250630176449331,0
2024-09-09,1.10826,1.10911,1.1033,1.10357,-0.0042677975277453095,0
2024-09-10,1.10364,1.10498,1.10149,1.1019,-0.0015132705673404079,0
2024-09-11,1.10192,1.1055,1.10017,1.10128,-0.0005626644886106424,1
2024-09-12,1.10124,1.10751,1.10052,1.10735,0.00551176812436438,1
2024-09-13,1.10735,1.11019,1.107,1.10737,1.8061136948466228e-05,1
2024-09-16,1.10745,1.11376,1.10743,1.1131,0.005174422279816238,0
2024-09-17,1.11302,1.11461,1.11106,1.11127,-0.0016440571377234203,1
2024-09-18,1.1113,1.11891,1.10965,1.11156,0.0002609626823364408,1
2024-09-19,1.11156,1.1179,1.10681,1.11613,0.004111339019036375,1
2024-09-20,1.11612,1.11819,1.11357,1.11617,3.58381192155921e-05,0
2024-09-23,1.11612,1.11672,1.10829,1.1111,-0.0045423188224017474,1
2024-09-24,1.11118,1.1181,1.11029,1.11783,0.006057060570605843,0
2024-09-25,1.11786,1.1214,1.1121,1.1133,-0.004052494565363385,1
2024-09-26,1.11325,1.11893,1.11255,1.11748,0.0037546034312405663,0
2024-09-27,1.11747,1.1203,1.11247,1.1161,-0.00123492143036108,0
2024-09-30,1.11583,1.12089,1.11132,1.11349,-0.002338500134396515,0
2024-10-01,1.1135,1.1144,1.10455,1.10676,-0.00604405966825039,0
2024-10-02,1.10685,1.10828,1.10323,1.10474,-0.0018251472767356614,0
2024-10-03,1.10478,1.1049,1.1008,1.10321,-0.0013849412531455885,0
2024-10-04,1.10318,1.10396,1.0951,1.09739,-0.005275514181343421,0
2024-10-07,1.09682,1.0987,1.0954,1.09733,-5.467518384549841e-05,1
2024-10-08,1.09735,1.09971,1.09606,1.09778,0.0004100863003837496,0
2024-10-09,1.09785,1.0981,1.09359,1.09403,-0.003415984987884535,0
2024-10-10,1.09405,1.09548,1.08998,1.09349,-0.000493587927204886,1
2024-10-11,1.0935,1.09537,1.09257,1.09353,3.658012418927825e-05,0
2024-10-14,1.09312,1.09366,1.0888,1.09059,-0.0026885407807741846,0
2024-10-15,1.09077,1.09167,1.08816,1.08919,-0.0012837088181625322,0
2024-10-16,1.08918,1.09014,1.0853,1.08628,-0.0026717101699429424,0
2024-10-17,1.08627,1.08737,1.08106,1.08318,-0.002853776190300694,1
2024-10-18,1.08316,1.08694,1.0825,1.0865,0.0030650492069645985,0
2024-10-21,1.0866,1.0872,1.08108,1.08147,-0.004629544408651709,0
2024-10-22,1.08149,1.08381,1.07922,1.07982,-0.0015257011290187306,0
2024-10-23,1.0798,1.08067,1.07609,1.0783,-0.0014076420144097934,1
2024-10-24,1.07824,1.083,1.07702,1.08278,0.004154687934712076,0
2024-10-25,1.0828,1.08393,1.07927,1.0793,-0.003213949278708661,1
2024-10-28,1.07935,1.08276,1.07817,1.08134,0.0018901139627536256,1
2024-10-29,1.08134,1.08263,1.07687,1.0814,5.548671093258406e-05,1
2024-10-30,1.08147,1.08713,1.08076,1.08569,0.003967079711485244,1
2024-10-31,1.08571,1.08881,1.08438,1.0882,0.0023118938186774685,0
2024-11-01,1.08821,1.09057,1.08315,1.0834,-0.0044109538687742145,1
2024-11-04,1.0879,1.09147,1.08695,1.08767,0.003941295920251164,1
2024-11-05,1.08757,1.09365,1.08721,1.09288,0.004790055807368132,0
2024-11-06,1.09265,1.09369,1.06822,1.07269,-0.0184741234170267,1
2024-11-07,1.07262,1.08247,1.07125,1.08038,0.007168893156457079,0
2024-11-08,1.08021,1.0805,1.06865,1.07182,-0.00792313815509349,0
2024-11-11,1.0707,1.0728,1.06283,1.06533,-0.0060551211957230455,0
2024-11-12,1.06534,1.06631,1.05946,1.06216,-0.002975603803516358,0
2024-11-13,1.06202,1.0654,1.05555,1.05622,-0.00559237779618893,0
2024-11-14,1.05627,1.05825,1.04958,1.0529,-0.0031432845429929523,1
2024-11-15,1.0529,1.0593,1.05159,1.05394,0.0009877481242284158,1
2024-11-18,1.05294,1.06072,1.0528,1.05979,0.005550600603449807,0
2024-11-19,1.05979,1.0601,1.05229,1.05937,-0.00039630492833497843,0
2024-11-20,1.05931,1.061,1.05065,1.05432,-0.004766984150957665,0
2024-11-21,1.05427,1.0555,1.04618,1.04738,-0.006582441763411384,0
2024-11-22,1.04734,1.04981,1.03325,1.04193,-0.005203460062250476,1
2024-11-25,1.04829,1.05303,1.04486,1.04942,0.007188582726286752,0
2024-11-26,1.04929,1.05448,1.04246,1.04879,-0.000600331611747551,1
2024-11-27,1.04868,1.05878,1.0474,1.0566,0.00744667664642118,0
2024-11-28,1.05652,1.057,1.05271,1.05489,-0.0016183986371378634,1
2024-11-29,1.05511,1.05971,1.05411,1.05748,0.0024552322991020503,0
2024-12-02,1.05695,1.05742,1.04603,1.04966,-0.007394938911374105,1
2024-12-03,1.0497,1.05351,1.04806,1.05073,0.001019377703256108,1
2024-12-04,1.05065,1.05441,1.04718,1.05114,0.00039020490516117334,1
2024-12-05,1.05071,1.05896,1.05054,1.0584,0.006906786917061591,0
2024-12-06,1.05839,1.06298,1.05419,1.05673,-0.0015778533635677494,0
2024-12-09,1.05574,1.05945,1.05317,1.05531,-0.0013437680391396034,0
2024-12-10,1.05519,1.05681,1.0498,1.05268,-0.0024921587021822234,0
2024-12-11,1.05259,1.05394,1.04797,1.04933,-0.0031823536117338014,0
2024-12-12,1.04935,1.05309,1.04634,1.0469,-0.002315763391878778,1
2024-12-13,1.04655,1.05242,1.04527,1.05017,0.0031235074983284594,1
2024-12-16,1.04865,1.05248,1.04742,1.05121,0.0009903158536235246,0
2024-12-17,1.05099,1.05341,1.04788,1.04903,-0.0020738006678019394,0
2024-12-18,1.04904,1.05127,1.03436,1.03507,-0.013307531719779164,1
2024-12-19,1.03513,1.04224,1.03457,1.03605,0.0009467958688784694,1
2024-12-20,1.03616,1.04475,1.03426,1.04244,0.006167656001158317,0
2024-12-23,1.04304,1.04452,1.03838,1.04048,-0.0018802041364490707,0
2024-12-24,1.04043,1.04099,1.03832,1.0401,-0.0003652160541288696,0
2024-12-25,1.0395,1.0412,1.0395,1.0401,0.0,1
2024-12-26,1.0403,1.04301,1.03901,1.0422,0.002019036631093263,1
2024-12-27,1.04184,1.04441,1.04047,1.04239,0.00018230665899054976,0
2024-12-30,1.04275,1.04584,1.03714,1.04068,-0.0016404608639759566,0
2024-12-31,1.04054,1.04244,1.03438,1.03522,-0.0052465695506783705,0
2025-01-01,1.0358,1.0359,1.0352,1.0352,-1.93195649235145e-05,0
2025-01-02,1.03544,1.03756,1.02238,1.02619,-0.008703632148377105,1
2025-01-03,1.0264,1.031,1.02524,1.03066,0.004355918494625799,1
2025-01-06,1.0302,1.04368,1.0294,1.03898,0.00807249723478165,0
2025-01-07,1.03884,1.04344,1.0339,1.03394,-0.004850911470865582,0
2025-01-08,1.03398,1.03575,1.02728,1.03178,-0.002089096079076258,0
2025-01-09,1.03177,1.03215,1.02834,1.0299,-0.0018220938572175438,0
2025-01-10,1.0299,1.03118,1.02124,1.0244,-0.005340324303330424,1
2025-01-13,1.02402,1.025,1.01772,1.02441,9.76181179224156e-06,1
2025-01-14,1.02407,1.03086,1.02382,1.03076,0.006198689977645611,0
2025-01-15,1.03074,1.03544,1.02588,1.02861,-0.0020858395746826686,1
2025-01-16,1.0288,1.03151,1.02604,1.0299,0.001254119637180251,0
2025-01-17,1.02965,1.03306,1.0265,1.0271,-0.002718710554422854,1
2025-01-20,1.02831,1.04342,1.02659,1.04155,0.014068737221302863,0
2025-01-21,1.04156,1.04343,1.03518,1.03876,-0.002678700014401736,1
2025-01-22,1.04285,1.04573,1.03918,1.04077,0.0019349994223882838,1
2025-01-23,1.0408,1.0438,1.03717,1.04148,0.0006821872267648299,1
2025-01-24,1.04147,1.05214,1.04112,1.04919,0.007402926604447524,0
2025-01-27,1.0479,1.05334,1.04536,1.04916,-2.8593486403827306e-05,0
2025-01-28,1.04912,1.04932,1.04135,1.04298,-0.005890426627015999,0
2025-01-29,1.04296,1.04436,1.03821,1.04207,-0.0008724999520604015,0
2025-01-30,1.04203,1.04679,1.03859,1.03875,-0.0031859663938123006,0
2025-01-31,1.03879,1.0434,1.03496,1.03602,-0.002628158844765416,0
2025-02-03,1.0232,1.03499,1.02103,1.0343,-0.0016601996100460426,1
2025-02-04,1.03427,1.03876,1.0272,1.03783,0.003412936285410506,1
2025-02-05,1.0378,1.04425,1.03693,1.04021,0.002293246485455258,0
2025-02-06,1.04019,1.04058,1.03521,1.03828,-0.0018553945837859187,0
2025-02-07,1.03821,1.04124,1.03048,1.0326,-0.005470585969102881,0
2025-02-10,1.02886,1.03365,1.02808,1.03063,-0.0019078055394150528,1
2025-02-11,1.03062,1.03815,1.02917,1.03604,0.005249216498646625,1
2025-02-12,1.03605,1.04299,1.03168,1.03824,0.002123470136288219,1
2025-02-13,1.03818,1.0467,1.03726,1.04641,0.007869086145785076,1
2025-02-14,1.04625,1.05141,1.04469,1.04913,0.002599363538192234,0
2025-02-17,1.04858,1.05062,1.04667,1.0484,-0.0006958146273577936,0
2025-02-18,1.04833,1.04863,1.04348,1.04459,-0.003634109118657136,0
2025-02-19,1.0445,1.04613,1.04004,1.04222,-0.0022688327477766723,1
2025-02-20,1.04217,1.05034,1.04183,1.05002,0.007484024486192897,0
2025-02-21,1.05001,1.05054,1.0449,1.04559,-0.004218967257766493,1
2025-02-24,1.04768,1.05283,1.04524,1.04671,0.0010711655620272431,1
2025-02-25,1.04664,1.05193,1.04559,1.05121,0.004299185065586464,0
2025-02-26,1.05124,1.05289,1.04747,1.04836,-0.002711161423502473,0
2025-02-27,1.04834,1.04924,1.03965,1.03973,-0.00823190507077709,0
2025-02-28,1.03966,1.042,1.03596,1.03747,-0.002173641233781942,1
2025-03-03,1.04027,1.05036,1.03883,1.04857,0.010699104552420957,1
2025-03-04,1.04849,1.06275,1.04708,1.06253,0.013313369636743344,1
2025-03-05,1.06249,1.07968,1.06017,1.07875,0.015265451328433155,0
2025-03-06,1.07864,1.08537,1.07655,1.07818,-0.0005283893395134909,1
2025-03-07,1.0782,1.08888,1.07768,1.083,0.00447049657756593,1
2025-03-10,1.08392,1.08747,1.08048,1.0834,0.00036934441366565096,1
2025-03-11,1.08345,1.09472,1.08305,1.0911,0.00710725493815767,0
2025-03-12,1.09111,1.09314,1.08754,1.08857,-0.0023187608835120166,0
2025-03-13,1.08856,1.08972,1.08222,1.0851,-0.0031876682252864885,1
2025-03-14,1.08515,1.09127,1.08304,1.08765,0.002350013823610775,1
2025-03-17,1.088,1.09297,1.0868,1.09212,0.004109777961660344,1
2025-03-18,1.09214,1.09547,1.08921,1.09442,0.0021059956781306344,0
2025-03-19,1.09436,1.0946,1.08603,1.09033,-0.0037371393066646386,0
2025-03-20,1.09045,1.09173,1.08143,1.08539,-0.004530738400300827,0
2025-03-21,1.08535,1.08613,1.07962,1.08121,-0.0038511502777803797,0
2025-03-24,1.08168,1.08582,1.07813,1.07995,-0.0011653610306970874,0
2025-03-25,1.07991,1.08301,1.07765,1.07908,-0.0008055928515208199,0
2025-03-26,1.07921,1.0803,1.07342,1.07362,-0.005059865811617326,1
2025-03-27,1.07365,1.08212,1.07327,1.07974,0.005700340902740075,1
2025-03-28,1.07971,1.08448,1.07644,1.08237,0.002435771574638368,0
2025-03-31,1.08144,1.08494,1.07837,1.08184,-0.000489666195478522,0
2025-04-01,1.08181,1.08301,1.07779,1.07929,-0.0023570953190859,1
2025-04-02,1.07929,1.09243,1.078,1.08264,0.0031038923736901314,1
2025-04-03,1.08262,1.11466,1.08046,1.10505,0.02069940146309035,0
2025-04-04,1.10509,1.11076,1.09242,1.09573,-0.008434007510972341,0
2025-04-07,1.09148,1.105,1.09007,1.09112,-0.004207240834877224,1
2025-04-08,1.09112,1.09918,1.08881,1.09565,0.004151697338514504,0
2025-04-09,1.09564,1.10952,1.0913,1.09503,-0.0005658741386391775,1
2025-04-10,1.09497,1.12414,1.09426,1.11888,0.021780225199309777,1
2025-04-11,1.11918,1.14736,1.11918,1.13586,0.015175890175890272,0
2025-04-14,1.13177,1.14246,1.12956,1.13522,-0.0005634497209164868,0
2025-04-15,1.13531,1.13789,1.12638,1.12812,-0.006254294321805354,1
2025-04-16,1.12806,1.14127,1.12805,1.1397,0.010264865439846727,0
2025-04-17,1.13965,1.14091,1.13349,1.13668,-0.002649820128103886,1
2025-04-18,1.1367,1.1398,1.13576,1.13913,0.002155399936657698,1
2025-04-21,1.14072,1.15733,1.139,1.15085,0.01028855354524949,0
2025-04-22,1.15085,1.15473,1.13613,1.13623,-0.012703653821088623,0
2025-04-23,1.13651,1.144,1.13072,1.13236,-0.0034060005456642006,1
2025-04-24,1.13223,1.1398,1.13194,1.13857,0.005484121657423513,0
2025-04-25,1.13849,1.13912,1.13155,1.1364,-0.0019058995055201144,1
2025-04-28,1.13601,1.1425,1.1329,1.14198,0.004910242872228077,0
2025-04-29,1.14202,1.1422,1.13698,1.13846,-0.0030823657156867634,0
2025-04-30,1.13861,1.13994,1.13168,1.13253,-0.0052087908226903235,0
2025-05-01,1.13253,1.13411,1.12655,1.12857,-0.0034965961166590898,1
2025-05-02,1.12865,1.1381,1.12739,1.12952,0.0008417732174343939,1
2025-05-05,1.1299,1.13648,1.12968,1.13143,0.001690983780720856,1
2025-05-06,1.13157,1.13811,1.12796,1.13715,0.005055549172286566,0
2025-05-07,1.13721,1.13782,1.12914,1.13106,-0.005355493998153382,0
2025-05-08,1.1312,1.13362,1.12116,1.12261,-0.007470868035294176,1
2025-05-09,1.12268,1.12929,1.11964,1.1246,0.0017726547955210226,0
2025-05-12,1.12136,1.12428,1.10651,1.1088,-0.014049439800818075,1
2025-05-13,1.10878,1.11947,1.10868,1.11856,0.008802308802308811,0
2025-05-14,1.11855,1.12658,1.11643,1.11749,-0.0009565870404805166,1
2025-05-15,1.11763,1.1228,1.117,1.11872,0.0011006809904337,0
2025-05-16,1.11883,1.12196,1.11307,1.1164,-0.002073798627002188,1
2025-05-19,1.11737,1.12881,1.11711,1.12431,0.007085274095306238,1
2025-05-20,1.12433,1.12858,1.12177,1.12822,0.003477688537858903,1
2025-05-21,1.12823,1.13628,1.12787,1.13281,0.004068355462587103,0
2025-05-22,1.13282,1.1345,1.12555,1.12791,-0.004325526787369527,1
2025-05-23,1.12803,1.13757,1.12785,1.13606,0.00722575382787638,1
2025-05-26,1.13667,1.14187,1.13617,1.13848,0.0021301691812050105,0
2025-05-27,1.13855,1.14071,1.1323,1.13304,-0.004778300892417819,0
2025-05-28,1.13309,1.13456,1.12834,1.12925,-0.0033449834074701368,1
2025-05-29,1.1294,1.13845,1.12098,1.1369,0.006774407792782711,0
2025-05-30,1.13672,1.139,1.13121,1.1345,-0.00211100360629779,1
2025-06-02,1.13494,1.14498,1.13454,1.14377,0.00817100044072272,0
2025-06-03,1.14398,1.14546,1.13638,1.1375,-0.005481871355255019,1
2025-06-04,1.13749,1.14344,1.13567,1.14157,0.003578021978021928,1
2025-06-05,1.14157,1.1495,1.14043,1.14416,0.0022688052419037597,0
2025-06-06,1.1443,1.1457,1.1369,1.1394,-0.004160257306670467,1
2025-06-09,1.1391,1.1439,1.1385,1.142,0.0022819027558362848,1
2025-06-10,1.1422,1.1447,1.1372,1.1423,0.0002626970227672665,1
2025-06-11,1.1426,1.1499,1.1404,1.1487,0.005602731331524113,1
2025-06-12,1.1491,1.1631,1.1484,1.1583,0.008357273439540291,0
2025-06-13,1.1581,1.1614,1.1488,1.1552,-0.0026763360096694333,1
2025-06-16,1.1535,1.1614,1.1522,1.1561,0.0007790858725760241,0
2025-06-17,1.1566,1.1577,1.1474,1.1479,-0.007092812040480956,0
2025-06-18,1.1479,1.153,1.146,1.1479,0.0,1
2025-06-19,1.1483,1.1499,1.1445,1.1494,0.0013067340360659596,1
2025-06-20,1.1494,1.1543,1.1489,1.1522,0.0024360535931788885,1
2025-06-23,1.1479,1.1581,1.1451,1.1576,0.004686686339177237,1
2025-06-24,1.1576,1.1641,1.1573,1.1608,0.0027643400138217533,1
2025-06-25,1.1608,1.1665,1.1589,1.1659,0.0043935217091659595,1
2025-06-26,1.1658,1.1744,1.1653,1.1699,0.003430825971352691,1
2025-06-27,1.1695,1.1754,1.1679,1.1719,0.0017095478246003104,1
2025-06-30,1.1711,1.1788,1.1702,1.1786,0.00571721136615766,1
2025-07-01,1.1786,1.1829,1.1759,1.1805,0.0016120821313423406,0
2025-07-02,1.1802,1.1809,1.1746,1.1798,-0.0005929690808980093,0
2025-07-03,1.1798,1.1809,1.1717,1.1756,-0.0035599254110866285,1
2025-07-04,1.1756,1.1787,1.1752,1.1778,0.001871384824770228,0
2025-07-07,1.177,1.179,1.1686,1.1707,-0.006028188147393365,1
2025-07-08,1.1709,1.1765,1.1682,1.1724,0.0014521226616555083,0
2025-07-09,1.1724,1.1729,1.1689,1.1719,-0.0004264756055954999,0
2025-07-10,1.172,1.1749,1.1661,1.17,-0.0016212987456267758,0
2025-07-11,1.17,1.1713,1.1663,1.1689,-0.000940170940170848,0
2025-07-14,1.1673,1.1697,1.1649,1.1663,-0.002224313457096505,0
2025-07-15,1.1666,1.1692,1.159,1.1599,-0.005487438909371534,1
2025-07-16,1.1599,1.1721,1.1561,1.1634,0.0030175015087507973,0
2025-07-17,1.164,1.1642,1.1555,1.1595,-0.0033522434244456223,1
2025-07-18,1.1595,1.1671,1.1589,1.1625,0.002587322121604174,1
2025-07-21,1.1618,1.1716,1.1614,1.1695,0.0060215053763439386,1
2025-07-22,1.1695,1.176,1.1677,1.1753,0.004959384352287266,1
2025-07-23,1.1752,1.1775,1.1709,1.177,0.001446439207011041,0
2025-07-24,1.177,1.1788,1.1729,1.1754,-0.0013593882752761521,0
2025-07-25,1.1747,1.1761,1.1702,1.174,-0.001191083886336597,0
2025-07-28,1.1746,1.1772,1.1584,1.1588,-0.012947189097103795,0
2025-07-29,1.1588,1.1599,1.1515,1.1545,-0.00371073524335519,0
2025-07-30,1.1545,1.1572,1.1399,1.1404,-0.012213079255088743,1
2025-07-31,1.1404,1.146,1.1402,1.1415,0.0009645738337424881,1
2025-08-01,1.1414,1.1597,1.1389,1.1584,0.014805081033727685,0
2025-08-04,1.1577,1.1596,1.1547,1.157,-0.0012085635359116997,1
2025-08-05,1.157,1.1587,1.1525,1.1574,0.00034572169403634945,1
2025-08-06,1.1571,1.1668,1.1563,1.1659,0.007344047001900833,1
2025-08-07,1.1659,1.1698,1.1609,1.1665,0.0005146238957030036,0
2025-08-08,1.1665,1.1679,1.1628,1.1639,-0.002228889841406012,0
2025-08-11,1.1637,1.1675,1.1589,1.1614,-0.002147950854884395,1
2025-08-12,1.1614,1.1697,1.1597,1.1673,0.00508007577062175,1
2025-08-13,1.1674,1.173,1.1667,1.1704,0.002655701190782178,0
2025-08-14,1.1705,1.1715,1.163,1.1646,-0.004955570745044491,1
2025-08-15,1.1647,1.1715,1.1644,1.1697,0.0043791859866046945,0
2025-08-18,1.1691,1.1716,1.1655,1.166,-0.0031632042404035055,0
2025-08-19,1.1659,1.1692,1.1637,1.1646,-0.0012006861063463825,1
2025-08-20,1.1649,1.1673,1.1621,1.1651,0.0004293319594710354,0
2025-08-21,1.1652,1.1662,1.1598,1.1605,-0.003948158956312731,1
2025-08-22,1.1605,1.1742,1.1581,1.1715,0.009478672985781866,0
2025-08-25,1.1715,1.1727,1.1601,1.1618,-0.008279982927870244,1
2025-08-26,1.1618,1.1665,1.1599,1.1642,0.0020657600275433285,0
2025-08-27,1.1642,1.1647,1.1573,1.1637,-0.0004294794708812333,1
2025-08-28,1.1637,1.1697,1.1627,1.1682,0.003866976024748503,1
2025-08-29,1.1682,1.1708,1.1649,1.1684,0.00017120356103417222,1
2025-09-01,1.1684,1.1736,1.1683,1.1709,0.0021396781923999075,0
2025-09-02,1.1709,1.1718,1.161,1.1638,-0.006063711674780148,1
2025-09-03,1.1642,1.1682,1.1606,1.1661,0.0019762845849802257,0
2025-09-04,1.1659,1.1669,1.1628,1.1649,-0.0010290712631848553,1
2025-09-05,1.1648,1.1759,1.1645,1.1717,0.005837410936561094,1
2025-09-08,1.1717,1.1765,1.17,1.1762,0.0038405735256463736,0
2025-09-09,1.1762,1.1779,1.1702,1.1706,-0.00476109505186173,0
2025-09-10,1.1707,1.173,1.1681,1.1693,-0.0011105416025970483,1
2025-09-11,1.1693,1.1745,1.1661,1.1733,0.0034208500812451526,0
2025-09-12,1.1733,1.1747,1.17,1.1733,0.0,1
2025-09-15,1.1733,1.1774,1.1715,1.176,0.002301201738685643,1
2025-09-16,1.1762,1.1878,1.1756,1.1866,0.009013605442176997,0
2025-09-17,1.1866,1.1918,1.1806,1.1812,-0.004550817461655199,0
2025-09-18,1.1812,1.1848,1.175,1.1786,-0.002201151371486576,0
2025-09-19,1.1786,1.1792,1.1728,1.1744,-0.0035635499745461097,1
2025-09-22,1.1744,1.1803,1.1725,1.1802,0.004938692098092501,1
2025-09-23,1.1802,1.1819,1.1778,1.1815,0.0011015082189460568,0
2025-09-24,1.1814,1.1819,1.1727,1.1737,-0.0066017774016081665,0
2025-09-25,1.1738,1.1753,1.1645,1.1665,-0.006134446621794187,1
2025-09-26,1.1665,1.1707,1.1657,1.1701,0.0030861551650234187,1
2025-09-29,1.1697,1.1754,1.1697,1.1725,0.0020511067430135643,1
2025-09-30,1.1726,1.1761,1.1711,1.1733,0.0006823027718549923,0
2025-10-01,1.1733,1.1778,1.1712,1.1729,-0.00034091877610153976,0
2025-10-02,1.1728,1.1758,1.1681,1.1714,-0.0012788814050643804,1
2025-10-03,1.1714,1.1758,1.1712,1.1741,0.002304934266689429,0
2025-10-06,1.1741,1.1741,1.1649,1.1709,-0.0027254918661101524,0
2025-10-07,1.1712,1.1716,1.1647,1.1655,-0.004611837048424383,0
2025-10-08,1.1653,1.1661,1.1597,1.1626,-0.0024882024882023623,0
2025-10-09,1.1623,1.1648,1.1541,1.1563,-0.005418888697746427,1
2025-10-10,1.1563,1.163,1.1555,1.1618,0.004756551068061832,0
2025-10-13,1.1618,1.1629,1.1556,1.1568,-0.004303666724048805,1
2025-10-14,1.157,1.1615,1.154,1.1605,0.0031984785615490896,1
2025-10-15,1.1605,1.1647,1.16,1.1646,0.0035329599310642834,1
2025-10-16,1.1647,1.1694,1.164,1.1687,0.0035205220676626237,0
2025-10-17,1.1686,1.1728,1.165,1.1651,-0.003080345683237784,0
2025-10-20,1.1657,1.1675,1.1637,1.164,-0.0009441249678140418,0
2025-10-21,1.1641,1.1655,1.1597,1.1598,-0.0036082474226803996,1
2025-10-22,1.1598,1.1622,1.1576,1.161,0.0010346611484739476,1
2025-10-23,1.1609,1.162,1.1584,1.1617,0.0006029285099051762,1
2025-10-24,1.1618,1.1647,1.1599,1.1625,0.0006886459499011455,1
2025-10-27,1.1625,1.1651,1.1616,1.1643,0.0015483870967740732,1
2025-10-28,1.1644,1.1668,1.1625,1.165,0.0006012196169373762,0
2025-10-29,1.165,1.1665,1.1577,1.1599,-0.004377682403433614,0
2025-10-30,1.16,1.1637,1.1546,1.1565,-0.0029312871799291873,0
2025-10-31,1.1565,1.1577,1.152,1.1534,-0.0026805015131864396,0
2025-11-03,1.1534,1.1541,1.1504,1.1518,-0.0013872030518468081,0
2025-11-04,1.1519,1.1533,1.1472,1.1482,-0.0031255426289285015,1
2025-11-05,1.1483,1.1497,1.1468,1.1491,0.0007838355687161958,1
2025-11-06,1.1491,1.1552,1.1489,1.1547,0.004873379166304037,1
2025-11-07,1.1546,1.1591,1.1528,1.1565,0.001558846453624252,0
2025-11-10,1.1565,1.1583,1.1538,1.1556,-0.0007782101167316258,1
2025-11-11,1.1556,1.1605,1.1546,1.158,0.0020768431983384517,1
2025-11-12,1.158,1.1597,1.1562,1.1592,0.0010362694300518616,1
2025-11-13,1.1592,1.1655,1.1578,1.1631,0.0033643892339545456,0
2025-11-14,1.1638,1.1653,1.1604,1.162,-0.0009457484309174369,0
2025-11-17,1.162,1.1624,1.1581,1.159,-0.002581755593803692,0
2025-11-18,1.1591,1.1607,1.157,1.1579,-0.0009490940465919362,0
2025-11-19,1.1579,1.1597,1.1517,1.1536,-0.0037136194835477587,0
2025-11-20,1.1535,1.1549,1.1506,1.1527,-0.0007801664355061577,0
2025-11-21,1.1527,1.1552,1.1488,1.1511,-0.001388045458488807,1
2025-11-24,1.1511,1.155,1.1501,1.152,0.0007818608287724071,1
2025-11-25,1.152,1.1585,1.151,1.1569,0.0042534722222222765,1
2025-11-26,1.1569,1.16,1.1546,1.1594,0.002160947359322263,1
2025-11-27,1.1595,1.1613,1.1575,1.1595,8.625150940133608e-05,0
2025-11-28,1.1595,1.1607,1.1553,1.1595,0.0,1
2025-12-01,1.1595,1.1652,1.1588,1.161,0.001293661060802087,1
2025-12-02,1.1608,1.1625,1.159,1.1623,0.0011197243755383113,1
2025-12-03,1.1624,1.1677,1.1619,1.167,0.004043706444119444,0
2025-12-04,1.1668,1.1681,1.164,1.1643,-0.002313624678663362,0
2025-12-05,1.1643,1.1671,1.1627,1.1642,-8.58885167053236e-05,0
2025-12-08,1.164,1.1671,1.1615,1.1636,-0.0005153753650575243,0
2025-12-09,1.1635,1.1657,1.1614,1.1625,-0.0009453420419387459,1
2025-12-10,1.1625,1.1699,1.162,1.1694,0.0059354838709677615,1
2025-12-11,1.1692,1.1762,1.1681,1.1738,0.0037626133059689426,1
2025-12-12,1.1737,1.1749,1.1719,1.174,0.0001703867779860868,1
2025-12-15,1.1733,1.1768,1.1724,1.1752,0.0010221465076660774,0
2025-12-16,1.1752,1.1803,1.1734,1.1746,-0.0005105513955070418,0
2025-12-17,1.1746,1.1758,1.1702,1.1739,-0.000595947556615184,0
2025-12-18,1.1739,1.1762,1.1712,1.1721,-0.001533350370559683,0
2025-12-19,1.1719,1.1737,1.1702,1.1708,-0.0011091203822197748,1
2025-12-22,1.1705,1.1769,1.1703,1.176,0.004441407584557355,1
2025-12-23,1.1755,1.1801,1.1754,1.1794,0.002891156462585087,0
2025-12-24,1.1792,1.1807,1.1771,1.1778,-0.0013566220111921323,0
2025-12-25,1.1782,1.1785,1.1769,1.1777,-8.490405841399262e-05,0
2025-12-26,1.1777,1.1796,1.176,1.1771,-0.0005094676063512882,1
2025-12-29,1.1764,1.1788,1.1748,1.1772,8.495454931600754e-05,0
2025-12-30,1.1767,1.1779,1.1742,1.1746,-0.002208630648997567,0
2025-12-31,1.1745,1.1759,1.1719,1.1745,-8.513536523069298e-05,0
2026-01-01,1.174,1.1745,1.1739,1.1745,0.0,0
2026-01-02,1.1747,1.1764,1.1712,1.1719,-0.0022137079608345323,1
2026-01-05,1.172,1.1728,1.1658,1.172,8.533151292766661e-05,0
2026-01-06,1.1721,1.1742,1.1683,1.1687,-0.002815699658702986,0
2026-01-07,1.1686,1.1702,1.1671,1.1673,-0.0011979122101480888,0
2026-01-08,1.1673,1.1682,1.1642,1.1658,-0.0012850167052171901,0
2026-01-09,1.1658,1.1662,1.1617,1.1637,-0.0018013381369016424,1
2026-01-12,1.1629,1.1698,1.162,1.1667,0.002577984016499224,0
2026-01-13,1.1668,1.1677,1.1633,1.1641,-0.002228507756921405,1
2026-01-14,1.1645,1.1661,1.1634,1.1642,8.590327291457811e-05,0
2026-01-15,1.1641,1.1647,1.1592,1.1606,-0.003092252190345146,0
2026-01-16,1.1607,1.1627,1.1583,1.1597,-0.0007754609684647029,1
2026-01-19,1.1583,1.1648,1.157,1.1645,0.004139001465896408,1
2026-01-20,1.1642,1.1768,1.1631,1.1724,0.006784027479604937,0
2026-01-21,1.1721,1.1742,1.1676,1.1682,-0.0035823950870012,1
2026-01-22,1.1682,1.1756,1.1668,1.1754,0.006163328197226647,1
2026-01-23,1.1752,1.1833,1.1727,1.1826,0.006125574272588086,1
2026-01-26,1.1831,1.1906,1.1831,1.1879,0.004481650600371978,1
2026-01-27,1.1875,1.2078,1.1849,1.2041,0.013637511575048444,0
2026-01-28,1.2039,1.2044,1.1895,1.1952,-0.00739141267336596,1
2026-01-29,1.1952,1.1996,1.1905,1.1969,0.0014223560910309185,0
2026-01-30,1.197,1.1974,1.1848,1.1848,-0.010109449410978355,0
2026-02-02,1.1852,1.1874,1.1775,1.1789,-0.004979743416610449,1
2026-02-03,1.1789,1.1828,1.1779,1.1818,0.002459920264653359,0
2026-02-04,1.1818,1.1838,1.1789,1.1806,-0.001015400236926589,0
2026-02-05,1.1806,1.1821,1.1773,1.1775,-0.0026257834999153795,1
2026-02-06,1.1777,1.1826,1.1764,1.1816,0.003481953290870532,1
2026-02-09,1.1816,1.1926,1.1807,1.1913,0.008209207853757672,0
2026-02-10,1.1912,1.1928,1.1886,1.1894,-0.0015948963317384823,0
2026-02-11,1.1893,1.1927,1.1831,1.187,-0.0020178241129981123,0
2026-02-12,1.1877,1.1889,1.1851,1.1869,-8.424599831502455e-05,0
2026-02-13,1.1869,1.1884,1.1845,1.1867,-0.00016850619260255773,0
2026-02-16,1.1867,1.1875,1.1845,1.185,-0.0014325440296620862,1
2026-02-17,1.185,1.1855,1.1804,1.1853,0.00025316455696189344,0
2026-02-18,1.1853,1.1857,1.1781,1.1782,-0.00599004471441833,0
2026-02-19,1.1782,1.1807,1.1741,1.1772,-0.0008487523340687808,1
2026-02-20,1.1772,1.1807,1.1742,1.178,0.0006795786612299182,1
2026-02-23,1.1781,1.1834,1.1774,1.1784,0.0003395585738539264,0
2026-02-24,1.179,1.1796,1.1765,1.1771,-0.0011031907671417152,1
2026-02-25,1.1772,1.1814,1.1769,1.1809,0.0032282728740125055,0
2026-02-26,1.1809,1.1828,1.1773,1.1797,-0.0010161741044966144,1
2026-02-27,1.1796,1.1826,1.1785,1.1813,0.0013562770195811868,0
2026-03-02,1.1776,1.1795,1.1671,1.1687,-0.010666215186658667,0
2026-03-03,1.1687,1.1706,1.1528,1.1613,-0.006331821682211025,1
2026-03-04,1.1611,1.1654,1.1573,1.1633,0.0017222078704899335,0
2026-03-05,1.1633,1.1647,1.1558,1.1607,-0.002235021060775333,1
2026-03-06,1.1609,1.1621,1.1544,1.1618,0.000947703971741154,1
2026-03-09,1.1567,1.1637,1.1505,1.1636,0.001549320020657552,0
2026-03-10,1.1636,1.1667,1.1605,1.161,-0.0022344448264007832,0
2026-03-11,1.1611,1.1645,1.1559,1.1566,-0.0037898363479758057,0
2026-03-12,1.1567,1.1575,1.1508,1.151,-0.0048417776240705646,0
2026-03-13,1.151,1.1529,1.141,1.1416,-0.00816681146828846,1
2026-03-16,1.1412,1.1524,1.141,1.1503,0.0076208829712685056,1
2026-03-17,1.1505,1.1547,1.1465,1.1538,0.003042684517082339,0
2026-03-18,1.1539,1.1555,1.1448,1.145,-0.007626971745536393,1
2026-03-19,1.1451,1.1616,1.1442,1.1588,0.01205240174672495,0
2026-03-20,1.1588,1.1595,1.1524,1.157,-0.001553331032102201,1
2026-03-23,1.154,1.1639,1.1483,1.1612,0.003630077787381225,0
2026-03-24,1.1613,1.1628,1.1555,1.1607,-0.0004305890458146111,0
2026-03-25,1.1606,1.163,1.1554,1.1558,-0.0042215904195744836,0
2026-03-26,1.1558,1.1572,1.1519,1.1526,-0.002768645094306854,0
2026-03-27,1.1527,1.1547,1.1501,1.1508,-0.001561686621551317,0
2026-03-30,1.1511,1.1521,1.1442,1.1465,-0.0037365311087939057,1
2026-03-31,1.1468,1.1563,1.1446,1.1552,0.007588312254688034,1
2026-04-01,1.1552,1.1627,1.1548,1.1588,0.0031163434903047627,0
2026-04-02,1.1588,1.1605,1.1508,1.1537,-0.004401104590956217,0
2026-04-03,1.1537,1.1549,1.1512,1.1515,-0.001906908208373026,1
2026-04-06,1.1516,1.1571,1.1504,1.1541,0.002257924446374293,1
2026-04-07,1.154,1.1605,1.1522,1.1594,0.004592323022268419,1
2026-04-08,1.1592,1.1721,1.1585,1.1662,0.0058651026392961825,1
2026-04-09,1.1662,1.1723,1.1649,1.1699,0.003172697650488887,1
2026-04-10,1.1697,1.1739,1.1676,1.1719,0.0017095478246003104,1
2026-04-13,1.1661,1.1765,1.1661,1.1757,0.0032425974912535516,1
2026-04-14,1.1756,1.1811,1.1752,1.1795,0.0032321170366589325,1
2026-04-15,1.1796,1.1807,1.1771,1.1798,0.00025434506146670977,0
2026-04-16,1.1799,1.1823,1.1766,1.1781,-0.0014409221902017544,0
2026-04-17,1.1775,1.1848,1.176,1.1762,-0.0016127663186487062,1
2026-04-20,1.1758,1.179,1.1726,1.1787,0.0021254888624384627,0
2026-04-21,1.1787,1.1791,1.1718,1.1742,-0.0038177653346909146,0
2026-04-22,1.1743,1.1762,1.1702,1.1703,-0.0033214103219213476,0
2026-04-23,1.1704,1.1716,1.1668,1.1683,-0.001708963513629036,1
2026-04-24,1.1682,1.1723,1.1671,1.172,0.0031669947787382746,0
2026-04-27,1.1698,1.1754,1.1687,1.172,0.0,0
2026-04-28,1.1723,1.1726,1.1676,1.1711,-0.0007679180887371073,0
2026-04-29,1.171,1.172,1.166,1.1677,-0.0029032533515498393,1
2026-04-30,1.167,1.1741,1.1654,1.173,0.004538837030059195,0
2026-05-01,1.1731,1.1785,1.1714,1.172,-0.0008525149190111714,0
2026-05-04,1.1733,1.1756,1.168,1.169,-0.0025597269624572094,1
2026-05-05,1.1695,1.1713,1.1675,1.1692,0.0001710863986312816,1
2026-05-06,1.1691,1.1796,1.1689,1.1747,0.004704071159767453,0
2026-05-07,1.1749,1.1778,1.1721,1.1725,-0.0018728185919809626,1
2026-05-08,1.1724,1.1787,1.172,1.1784,0.005031982942430568,0
2026-05-11,1.1777,1.179,1.1746,1.1782,-0.0001697216564833237,0
2026-05-12,1.1779,1.1787,1.1721,1.1737,-0.0038193855033100688,0
2026-05-13,1.1735,1.1741,1.1695,1.171,-0.0023004174831727786,0
2026-05-14,1.171,1.1721,1.1665,1.1668,-0.0035866780529462128,0
2026-05-15,1.167,1.1673,1.1616,1.1625,-0.0036852931093589447,1
2026-05-18,1.1624,1.166,1.1607,1.1655,0.002580645161290196,0
2026-05-19,1.1655,1.1661,1.1591,1.1604,-0.004375804375804315,1
2026-05-20,1.1601,1.1644,1.1582,1.1627,0.001982075146501172,0
2026-05-21,1.1625,1.1635,1.1575,1.1618,-0.0007740603767094623,0
2026-05-22,1.1618,1.1622,1.1587,1.1602,-0.0013771733516957374,1
2026-05-25,1.1629,1.1653,1.1628,1.1643,0.0035338734700913754,0
2026-05-26,1.164,1.1645,1.1615,1.1628,-0.001288327750579632,0
2026-05-27,1.1628,1.166,1.1621,1.1624,-0.00034399724802203213,1
2026-05-28,1.1624,1.166,1.1584,1.1651,0.0023227804542325092,1
2026-05-29,1.165,1.1685,1.1622,1.1659,0.0006866363402282527,0
2026-06-01,1.1655,1.1665,1.1606,1.163,-0.002487348829230518,1
2026-06-02,1.1627,1.1655,1.1613,1.1631,8.598452278585356e-05,0
2026-06-03,1.163,1.1633,1.1594,1.1595,-0.0030951766830024097,1
2026-06-04,1.1596,1.1645,1.1592,1.1609,0.0012074169900819776,0
2026-06-05,1.1615,1.1644,1.1516,1.1519,-0.007752605736928375,1
2026-06-08,1.1518,1.1554,1.1499,1.1534,0.0013021963712127604,1
2026-06-09,1.154,1.1577,1.1525,1.1543,0.0007803017166638782,0
2026-06-10,1.1541,1.1572,1.153,1.1535,-0.0006930607294465263,1
2026-06-11,1.1535,1.1589,1.1502,1.1577,0.003641092327698381,0
2026-06-12,1.1577,1.1589,1.1555,1.1568,-0.0007774034724020717,1
2026-06-15,1.1572,1.1622,1.1566,1.159,0.001901798063623783,1
2026-06-16,1.159,1.1619,1.1573,1.1607,0.0014667817083693357,0
2026-06-17,1.1607,1.1616,1.1477,1.1499,-0.009304729904368148,0
2026-06-18,1.1499,1.1528,1.145,1.1456,-0.003739455604835129,1
2026-06-19,1.1457,1.148,1.1416,1.1468,0.0010474860335196734,0
2026-06-22,1.1465,1.1473,1.1418,1.1427,-0.003575165678409431,0
2026-06-23,1.1427,1.1438,1.1374,1.1381,-0.0040255535136082266,0
2026-06-24,1.1382,1.1384,1.1324,1.1357,-0.0021087777875405944,1
2026-06-25,1.136,1.1388,1.1333,1.1369,0.0010566170643657724,1
2026-06-26,1.1368,1.1434,1.1353,1.1383,0.0012314187703403867,1
2026-06-29,1.1385,1.143,1.1377,1.142,0.003250461214091116,1
2026-06-30,1.1421,1.1436,1.1381,1.1421,8.756567425560746e-05,0
2026-07-01,1.1421,1.1423,1.1361,1.1376,-0.003940110323089052,1
2026-07-02,1.1376,1.1472,1.1373,1.143,0.004746835443038,1
2026-07-03,1.1435,1.1462,1.1419,1.1435,0.00043744531933498365,1
2026-07-06,1.1435,1.1444,1.1408,1.144,0.00043725404459982187,0
2026-07-07,1.1441,1.1447,1.1407,1.1411,-0.0025349650349649755,1
2026-07-08,1.1411,1.1431,1.139,1.1414,0.0002629042152308969,1
2026-07-09,1.1422,1.1449,1.1412,1.1428,0.0012265638689330505,0
2026-07-10,1.1428,1.146,1.141,1.1413,-0.0013125656282814147,0
2026-07-13,1.141,1.1445,1.1377,1.1381,-0.0028038202050294503,1
2026-07-14,1.1385,1.1462,1.1376,1.1419,0.0033388981636059967,1
2026-07-15,1.1419,1.1482,1.1405,1.1463,0.0038532270776776567,0
2026-07-16,1.1464,1.1476,1.143,1.1441,-0.0019192183547066533,0
2026-07-17,1.1441,1.1452,1.1424,1.1439,-0.00017480989424001336,0
2026-07-20,1.1432,1.1449,1.1402,1.1414,-0.002185505726024939,0
2026-07-21,1.1413,1.1428,1.1396,1.1397,-0.0014893989837042598,
