Date,Open,Low,High,Close,Retorno_diario,Objetivo
2004-01-01,1.259001851081848,1.2473959922790527,1.2607955932617188,1.2581939697265625,,0
2004-01-02,1.2581939697265625,1.2526932954788208,1.2628016471862793,1.2581939697265625,0.0,1
2004-01-05,1.2639029026031494,1.2636953592300415,1.2694060802459717,1.2686975002288818,0.008348101131498753,1
2004-01-06,1.2689067125320437,1.2672022581100464,1.2808033227920532,1.2721028327941897,0.0026841170292315475,0
2004-01-07,1.272394061088562,1.2624987363815308,1.2739989757537842,1.2640947103500366,-0.006295184821311306,1
2004-01-08,1.2640947103500366,1.256502389907837,1.2787070274353027,1.2774981260299685,0.010603173615227224,1
2004-01-09,1.2774981260299685,1.2712942361831665,1.2867032289505005,1.2858924865722656,0.006570937656389386,0
2004-01-12,1.2848020792007446,1.2738043069839478,1.289706826210022,1.2740962505340576,-0.009173578787797898,1
2004-01-13,1.2744048833847046,1.2718924283981323,1.2797051668167114,1.278592586517334,0.0035290394908482625,0
2004-01-14,1.278805136680603,1.2406023740768433,1.278805136680603,1.2651021480560305,-0.010551006320198564,0
2004-01-15,1.2655985355377195,1.256897211074829,1.2671059370040894,1.260096549987793,-0.003956675021008493,0
2004-01-16,1.260001301765442,1.2363996505737305,1.2610021829605105,1.239802598953247,-0.016105076261610618,0
2004-01-19,1.2386969327926636,1.2340041399002075,1.2424057722091677,1.235406756401062,-0.00354559875571836,1
2004-01-20,1.235101580619812,1.234994888305664,1.2602077722549438,1.2589067220687866,0.019022047229354522,1
2004-01-21,1.25809907913208,1.2565971612930298,1.266993522644043,1.2659028768539429,0.00555732578316781,1
2004-01-22,1.265806794166565,1.2644941806793213,1.2748922109603882,1.2725075483322144,0.005217360351281952,0
2004-01-23,1.272394061088562,1.2570078372955322,1.2775959968566897,1.2583048343658447,-0.011161202135880566,0
2004-01-26,1.2574979066848757,1.2461059093475342,1.2610976696014404,1.2487980127334597,-0.007555261151941939,1
2004-01-27,1.2485953569412231,1.244694471359253,1.2659990787506104,1.2636953592300415,0.011929348337105017,0
2004-01-28,1.2634079456329346,1.242004632949829,1.2643983364105225,1.2441989183425903,-0.0154281178173592,0
2004-01-29,1.2441060543060305,1.2371032238006592,1.2526932954788208,1.2410026788711548,-0.002568913559009789,1
2004-01-30,1.2410026788711548,1.235498309135437,1.2485017776489258,1.2468050718307495,0.0046755684402493,0
2004-02-02,1.2475982904434204,1.23960280418396,1.2482056617736816,1.2433016300201416,-0.002809935482106729,1
2004-02-03,1.2537927627563477,1.250500202178955,1.2561078071594238,1.2534940242767334,0.008197845165236917,1
2004-02-04,1.2545949220657349,1.250500202178955,1.2561078071594238,1.2539970874786377,0.00040132875958032166,1
2004-02-05,1.2537927627563477,1.2523951530456543,1.263599514961243,1.2571974992752075,0.0025521684448284176,1
2004-02-06,1.2570078372955322,1.2518935203552246,1.2726045846939087,1.2700024843215942,0.010185340850398683,0
2004-02-09,1.2655024528503418,1.2655024528503418,1.2757054567337036,1.2694060802459717,-0.0004696085897353264,0
2004-02-10,1.269293189048767,1.26739501953125,1.2787070274353027,1.26850426197052,-0.000710425363077638,1
2004-02-11,1.268295168876648,1.265806794166565,1.284703016281128,1.2830052375793457,0.011431554503647856,0
2004-02-12,1.2833017110824585,1.279606819152832,1.284703016281128,1.2818048000335691,-0.0009356450859401289,0
2004-02-13,1.2817062139511108,1.2725075483322144,1.2889920473098757,1.272799015045166,-0.007025863055098003,1
2004-02-16,1.2729934453964231,1.2721998691558838,1.2790013551712036,1.2765034437179563,0.002910458469092214,1
2004-02-17,1.2764055728912354,1.2763078212738037,1.2877968549728394,1.2857933044433594,0.007277583755156414,0
2004-02-18,1.2863060235977173,1.266592264175415,1.2922067642211914,1.2725075483322144,-0.01033273082480135,1
2004-02-19,1.27289617061615,1.2659990787506104,1.2766989469528198,1.2757054567337036,0.0025130761744247554,0
2004-02-20,1.2758032083511353,1.250296950340271,1.2760961055755615,1.2542015314102173,-0.016856497093415745,1
2004-02-23,1.2500938177108765,1.2457022666931152,1.2593982219696045,1.2571974992752075,0.002388745181662877,1
2004-02-24,1.2571974992752075,1.2528972625732422,1.2711002826690674,1.2677966356277466,0.008430764743526442,0
2004-02-25,1.2678931951522827,1.2483927011489868,1.270405888557434,1.249703288078308,-0.014271490427547606,0
2004-02-26,1.2500938177108765,1.2396950721740725,1.251799464225769,1.244802951812744,-0.003921199785830387,1
2004-02-27,1.244802951812744,1.2380987405776978,1.2507035732269287,1.2494065761566162,0.003698275568167819,0
2004-03-01,1.2539026737213137,1.242992639541626,1.2541072368621826,1.244802951812744,-0.0036846487218226143,0
2004-03-02,1.245004415512085,1.2203009128570557,1.245004415512085,1.220405101776123,-0.019599768783558513,0
2004-03-03,1.2201966047286987,1.20689857006073,1.2220009565353394,1.2190959453582764,-0.001072722832722861,1
2004-03-04,1.219393253326416,1.214299559593201,1.224095106124878,1.220703125,0.0013183372874325805,1
2004-03-05,1.220494508743286,1.2179970741271973,1.242699146270752,1.2367972135543823,0.01318427734375005,1
2004-03-08,1.2365065813064575,1.2345983982086182,1.242606520652771,1.242606520652771,0.004697057071865185,0
2004-03-09,1.242606520652771,1.228697419166565,1.246401071548462,1.2319064140319824,-0.008611017601265702,0
2004-03-10,1.242606520652771,1.220703125,1.246401071548462,1.2231967449188232,-0.007070073679260047,1
2004-03-11,1.2231967449188232,1.217404007911682,1.238006830215454,1.235101580619812,0.009732559991221024,0
2004-03-12,1.234994888305664,1.217893362045288,1.235406756401062,1.2224042415618896,-0.010280400622231012,1
2004-03-15,1.2214038372039795,1.2212995290756226,1.2314057350158691,1.22720468044281,0.003927046976527793,0
2004-03-16,1.2269035577774048,1.2246047258377075,1.2371950149536133,1.2261061668395996,-0.0008951347894257111,0
2004-03-17,1.2260010242462158,1.2182939052581787,1.2291958332061768,1.2227030992507937,-0.0027755080928901776,1
2004-03-18,1.2227030992507937,1.2225985527038574,1.241896629333496,1.2388964891433716,0.01324392643030059,0
2004-03-19,1.2386969327926636,1.2264070510864258,1.2406947612762451,1.2269035577774048,-0.0096803336445479,1
2004-03-22,1.2277017831802368,1.2227030992507937,1.23960280418396,1.2345983982086182,0.006271756555301655,0
2004-03-23,1.2345983982086182,1.2272950410842896,1.236996054649353,1.2345069646835327,-7.405932586512787e-05,0
2004-03-24,1.2345983982086182,1.2110936641693115,1.236996054649353,1.2139016389846802,-0.016691137667364075,0
2004-03-25,1.2140047550201416,1.210800290107727,1.219705581665039,1.2136952877044678,-0.00016999011582596868,0
2004-03-26,1.2137985229492188,1.208999752998352,1.2210012674331665,1.212694525718689,-0.0008245578572456669,1
2004-03-29,1.2114017009735107,1.2065054178237915,1.2170039415359497,1.216604232788086,0.003223983440578282,1
2004-03-30,1.216604232788086,1.2155985832214355,1.2225985527038574,1.2185016870498655,0.0015596314813333123,1
2004-03-31,1.2182048559188845,1.2175966501235962,1.2321947813034058,1.231299638748169,0.010503023372326004,1
2004-04-01,1.2311935424804688,1.225895881652832,1.2384973764419556,1.2365065813064575,0.004228818391908584,0
2004-04-02,1.2365983724594116,1.210800290107727,1.2371950149536133,1.2129004001617432,-0.019091027497623814,0
2004-04-05,1.2115044593811035,1.1989977359771729,1.2126061916351318,1.201302170753479,-0.009562392267920328,1
2004-04-06,1.2017930746078491,1.1988970041275024,1.2145946025848389,1.213106393814087,0.009826189736429125,1
2004-04-07,1.213003396987915,1.2058944702148438,1.2197948694229126,1.216604232788086,0.0028833736198534687,0
2004-04-08,1.216397047042847,1.206694722175598,1.2217023372650146,1.2077003717422483,-0.007318617514121772,1
2004-04-09,1.2079044580459597,1.206694722175598,1.2112990617752075,1.208605170249939,0.0007491912140304979,0
2004-04-12,1.2091021537780762,1.205807089805603,1.2095993757247925,1.2073066234588623,-0.0010744177031843938,0
2004-04-13,1.2073066234588623,1.1910008192062378,1.2082985639572144,1.193801760673523,-0.011185942761291812,1
2004-04-14,1.1935025453567505,1.1877048015594482,1.1973036527633667,1.1947003602981567,0.0007527209744830898,1
2004-04-15,1.1946003437042236,1.18999445438385,1.1989977359771729,1.1986957788467407,0.003344285045320472,1
2004-04-16,1.1987963914871216,1.1931037902832031,1.20480477809906,1.2002928256988523,0.0013323204104782604,1
2004-04-19,1.2019952535629272,1.2002928256988523,1.207802414894104,1.2006964683532717,0.0003362868174976441,0
2004-04-20,1.1987963914871216,1.1828020811080933,1.2019952535629272,1.184805989265442,-0.013234384798035848,0
2004-04-21,1.184805989265442,1.1810001134872437,1.1911994218826294,1.1810001134872437,-0.00321223543152227,1
2004-04-22,1.18069326877594,1.1791062355041504,1.1931037902832031,1.1925063133239746,0.009742759298096537,0
2004-04-23,1.1922929286956787,1.1802055835723877,1.193901538848877,1.1850025653839111,-0.006292417789510618,1
2004-04-26,1.1800941228866575,1.176498293876648,1.1886931657791138,1.1861974000930786,0.0010082971497875626,1
2004-04-27,1.1862958669662476,1.183698058128357,1.1946003437042236,1.1929045915603638,0.005654363655458017,0
2004-04-28,1.1931037902832031,1.1828020811080933,1.194400668144226,1.1843008995056152,-0.007212389084272464,1
2004-04-29,1.1843008995056152,1.1808048486709597,1.1984946727752686,1.196000576019287,0.009878972918585083,1
2004-04-30,1.1959004402160645,1.1929045915603638,1.200494647026062,1.198293685913086,0.0019173150412945539,0
2004-05-03,1.1994003057479858,1.1925063133239746,1.1998032331466677,1.193602204322815,-0.003915135033609185,1
2004-05-04,1.193602204322815,1.1935025453567505,1.2116951942443848,1.2105072736740112,0.014163068139428692,1
2004-05-05,1.2105072736740112,1.2101995944976809,1.2178043127059937,1.215894103050232,0.004450059486112101,0
2004-05-06,1.215894103050232,1.20689857006073,1.217492938041687,1.2077003717422483,-0.006738852740077128,0
2004-05-07,1.207802414894104,1.1874933242797852,1.2086929082870483,1.1880011558532717,-0.016311343732186012,0
2004-05-10,1.189499020576477,1.1816000938415527,1.189499020576477,1.1845955848693848,-0.0028666394532596007,1
2004-05-11,1.1845955848693848,1.1796069145202637,1.189103126525879,1.188198804855347,0.003041730048622071,1
2004-05-12,1.1880011558532717,1.1837962865829468,1.194101095199585,1.190504550933838,0.001940538964581462,0
2004-05-13,1.19070303440094,1.177994966506958,1.1931037902832031,1.1804006099700928,-0.008487108222996365,1
2004-05-14,1.1804006099700928,1.178897738456726,1.18940007686615,1.188198804855347,0.006606396861699171,1
2004-05-17,1.189499020576477,1.188198804855347,1.2058944702148438,1.2025011777877808,0.012037020129956222,0
2004-05-18,1.202399969100952,1.193602204322815,1.2038040161132812,1.1945005655288696,-0.006653309291247189,1
2004-05-19,1.194400668144226,1.194400668144226,1.203905463218689,1.2003936767578125,0.004933535737870143,0
2004-05-20,1.2003936767578125,1.1900936365127563,1.2014031410217283,1.1957002878189087,-0.003909874760070653,1
2004-05-21,1.1959004402160645,1.1957002878189087,1.206796646118164,1.2028049230575562,0.005941819460131725,0
2004-05-24,1.2001056671142578,1.193901538848877,1.2025011777877808,1.199903964996338,-0.0024118275587399207,1
2004-05-25,1.1998032331466677,1.1987963914871216,1.2126061916351318,1.210097074508667,0.008494937769757405,1
2004-05-26,1.210097074508667,1.208795189857483,1.2140047550201416,1.2110936641693115,0.0008235617469360967,1
2004-05-27,1.2110055685043335,1.2093068361282349,1.228606939315796,1.227596402168274,0.01362631024106764,0
2004-05-28,1.2272950410842896,1.220703125,1.2294074296951294,1.221806883811951,-0.004716141515319849,0
2004-05-31,1.2240052223205566,1.2182048559188845,1.2244998216629028,1.2198989391326904,-0.0015615763051750609,1
2004-06-01,1.2198989391326904,1.2159976959228516,1.2264971733093262,1.2244998216629028,0.0037715276098884143,0
2004-06-02,1.2246047258377075,1.2210012674331665,1.2304966449737549,1.2218962907791138,-0.0021261994797625583,1
2004-06-03,1.2218962907791138,1.2175966501235962,1.2252049446105957,1.2221053838729858,0.00017112180096612306,1
2004-06-04,1.2218962907791138,1.218605637550354,1.229997158050537,1.2275059223175049,0.004419044802342675,1
2004-06-07,1.231800198554993,1.230905532836914,1.2340041399002075,1.231800198554993,0.0034983751682278186,0
2004-06-08,1.2324073314666748,1.2249947786331177,1.234994888305664,1.2261061668395996,-0.0046225286552744604,0
2004-06-09,1.2261964082717896,1.2028049230575562,1.2275059223175049,1.2042969465255735,-0.01778738326570961,1
2004-06-10,1.2045000791549685,1.2032970190048218,1.2116072177886963,1.2109030485153198,0.005485442779544547,0
2004-06-11,1.2105072736740112,1.1971030235290527,1.2110936641693115,1.2015043497085571,-0.007761726934527369,1
2004-06-14,1.1968021392822266,1.1957002878189087,1.208795189857483,1.2061998844146729,0.003908046364754947,1
2004-06-15,1.205807089805603,1.20339834690094,1.2170928716659546,1.216604232788086,0.008625724896717202,0
2004-06-16,1.216604232788086,1.1986957788467407,1.2167967557907104,1.2006964683532717,-0.013075545856320536,1
2004-06-17,1.200494647026062,1.1997023820877075,1.2075982093811035,1.20339834690094,0.002250259427658552,1
2004-06-18,1.2032970190048218,1.1978055238723757,1.2149044275283811,1.2145060300827026,0.009230262955211677,0
2004-06-21,1.2137985229492188,1.2080942392349243,1.2145946025848389,1.2126061916351318,-0.0015642890199906168,0
2004-06-22,1.2125033140182495,1.2070006132125854,1.213194727897644,1.2121946811676023,-0.0003393603548853541,0
2004-06-23,1.212106466293335,1.2073066234588623,1.2190067768096924,1.208605170249939,-0.0029611670249253264,1
2004-06-24,1.208795189857483,1.204601526260376,1.2190067768096924,1.217404007911682,0.00728015887928346,1
2004-06-25,1.2170928716659546,1.2112990617752075,1.2203009128570557,1.2203009128570557,0.0023795756598035123,0
2004-06-28,1.217492938041687,1.2127974033355713,1.2227030992507937,1.2186946868896484,-0.0013162540079123541,0
2004-06-29,1.2186946868896484,1.207496166229248,1.2190959453582764,1.2098042964935305,-0.007295010384272715,1
2004-06-30,1.2094969749450684,1.206796646118164,1.2203009128570557,1.218397855758667,0.007103263965952067,0
2004-07-01,1.2182939052581787,1.2139016389846802,1.220807433128357,1.2162047624588013,-0.001799981253660432,1
2004-07-02,1.2162047624588013,1.2149044275283811,1.2330000400543213,1.2311025857925415,0.012249436767227673,0
2004-07-05,1.2330000400543213,1.2275059223175049,1.2331976890563965,1.229997158050537,-0.0008979168387439618,0
2004-07-06,1.229997158050537,1.2270991802215576,1.2328935861587524,1.2285012006759644,-0.001216228317912349,1
2004-07-07,1.2283955812454224,1.2278074026107788,1.2388043403625488,1.2371032238006592,0.007002046982096388,1
2004-07-08,1.236996054649353,1.2342935800552368,1.2402946949005127,1.2394952774047852,0.0019335925718284575,1
2004-07-09,1.2396950721740725,1.237394094467163,1.2424057722091677,1.241896629333496,0.0019373627092300616,0
2004-07-12,1.2412029504776,1.2386969327926636,1.2435954809188845,1.240802526473999,-0.0008809935011131476,0
2004-07-13,1.240402340888977,1.2304056882858276,1.2412029504776,1.233304142951965,-0.006043172351802184,1
2004-07-14,1.233304142951965,1.2324985265731812,1.242004632949829,1.2384973764419556,0.004210829518143111,0
2004-07-15,1.2384973764419556,1.23350191116333,1.2392034530639648,1.235605239868164,-0.0023351979816866875,1
2004-07-16,1.235803723335266,1.233304142951965,1.2459973096847534,1.245593786239624,0.008083930084762159,0
2004-07-19,1.2455006837844849,1.240494728088379,1.246401071548462,1.2439976930618286,-0.0012813914098062096,0
2004-07-20,1.2437965869903564,1.2309964895248413,1.245593786239624,1.2333954572677612,-0.008522713388617542,0
2004-07-21,1.23350191116333,1.2214934825897217,1.234903335571289,1.226301670074463,-0.005751429642049,0
2004-07-22,1.2261061668395996,1.223900318145752,1.2289994955062866,1.2255953550338743,-0.000575971686107013,0
2004-07-23,1.225805640220642,1.2092044353485107,1.2266929149627686,1.2095993757247925,-0.013051599162302363,1
2004-07-26,1.210800290107727,1.2093068361282349,1.2170039415359497,1.2139016389846802,0.003556767096799973,0
2004-07-27,1.2141964435577393,1.204006910324097,1.2190067768096924,1.2064036130905151,-0.006176798558766627,0
2004-07-28,1.2063016891479492,1.2009992599487305,1.2079044580459597,1.2043983936309814,-0.0016621464307428058,0
2004-07-29,1.204601526260376,1.1998032331466677,1.2094969749450684,1.2038040161132812,-0.0004935057376722618,0
2004-07-30,1.2038040161132812,1.200494647026062,1.2116072177886963,1.2016053199768066,-0.0018264568875367981,1
2004-08-02,1.204195499420166,1.2019952535629272,1.2093945741653442,1.2021976709365845,0.000492966325905897,1
2004-08-03,1.2021976709365845,1.2002063989639282,1.207802414894104,1.2052984237670898,0.002579237096749454,1
2004-08-04,1.2052984237670898,1.1975044012069702,1.2065927982330322,1.2059961557388306,0.0005788873178478315,0
2004-08-05,1.2058944702148438,1.2029930353164673,1.207496166229248,1.2051968574523926,-0.0006627701776945605,1
2004-08-06,1.2057054042816162,1.204906344413757,1.2307995557785034,1.2307995557785034,0.021243582048688037,0
2004-08-09,1.2269939184188845,1.2250999212265017,1.2291052341461182,1.2272950410842896,-0.002847348033041208,0
2004-08-10,1.2278074026107788,1.2224042415618896,1.2319974899291992,1.2236007452011108,-0.0030101122871928343,0
2004-08-11,1.2237954139709473,1.2198989391326904,1.2247997522354126,1.222195029258728,-0.00114883547423128,1
2004-08-12,1.222195029258728,1.2218962907791138,1.2291052341461182,1.223900318145752,0.0013952674051196379,1
2004-08-13,1.2240052223205566,1.2185016870498655,1.2378995418548584,1.237593173980713,0.011187884856265207,0
2004-08-16,1.2380987405776978,1.2324985265731812,1.2380987405776978,1.2358952760696411,-0.0013719354201110479,0
2004-08-17,1.235803723335266,1.231693983078003,1.2378995418548584,1.2345069646835327,-0.0011233244539322618,0
2004-08-18,1.2347966432571411,1.2293015718460083,1.2365065813064575,1.2340041399002075,-0.0004073081786574173,1
2004-08-19,1.234095573425293,1.233593225479126,1.2378995418548584,1.2371950149536133,0.0025857895854901614,0
2004-08-20,1.2373021841049194,1.2285012006759644,1.2384973764419556,1.2321947813034058,-0.004041588908596627,0
2004-08-23,1.2307995557785034,1.2134008407592771,1.231800198554993,1.2151997089385986,-0.013792520973696987,0
2004-08-24,1.215096354484558,1.206694722175598,1.2166930437088013,1.2081964015960691,-0.005763091688564037,1
2004-08-25,1.2080942392349243,1.2057054042816162,1.2112990617752075,1.208605170249939,0.00033832964022217915,1
2004-08-26,1.208400845527649,1.2056035995483398,1.2114017009735107,1.2099066972732544,0.0010768835475412075,0
2004-08-27,1.2099066972732544,1.200898289680481,1.2136952877044678,1.2019952535629272,-0.006538887443269026,1
2004-08-30,1.2017064094543457,1.1991989612579346,1.206694722175598,1.204906344413757,0.002421882151531607,1
2004-08-31,1.204906344413757,1.2047032117843628,1.219393253326416,1.2178043127059937,0.010704540109722771,1
2004-09-01,1.217700481414795,1.2151997089385986,1.2221053838729858,1.2190067768096924,0.0009874033875170163,0
2004-09-02,1.2192000150680542,1.2145060300827026,1.2201074361801147,1.217300295829773,-0.0013998945800658413,0
2004-09-03,1.217492938041687,1.204601526260376,1.2182939052581787,1.205501914024353,-0.009692252475283936,1
2004-09-06,1.2063016891479492,1.2051968574523926,1.2082985639572144,1.2065927982330322,0.0009049211751455122,1
2004-09-07,1.206796646118164,1.2057054042816162,1.2112990617752075,1.2099066972732544,0.0027464933033540806,1
2004-09-08,1.2099066972732544,1.2032970190048218,1.219393253326416,1.2189027070999146,0.007435292198096244,1
2004-09-09,1.2190959453582764,1.216293454170227,1.2244998216629028,1.2242000102996826,0.004345960648796776,1
2004-09-10,1.2243947982788086,1.220598816871643,1.2306026220321655,1.2272950410842896,0.0025282067951046816,0
2004-09-13,1.228305101394653,1.2227030992507937,1.228893756866455,1.2264070510864258,-0.0007235342506388687,0
2004-09-14,1.2264971733093262,1.223002314567566,1.2294981479644775,1.2260010242462158,-0.00033107021021305805,0
2004-09-15,1.2261061668395996,1.2139016389846802,1.226301670074463,1.215701937675476,-0.008400552990624144,1
2004-09-16,1.215701937675476,1.2125033140182495,1.2197948694229126,1.2190067768096924,0.0027184616819280194,0
2004-09-17,1.2189027070999146,1.216293454170227,1.2224042415618896,1.2182048559188845,-0.0006578477708767405,0
2004-09-20,1.217492938041687,1.2129004001617432,1.2182048559188845,1.217404007911682,-0.0006574001107543248,1
2004-09-21,1.2171964645385742,1.2171964645385742,1.2345069646835327,1.2328935861587524,0.012723449361433659,0
2004-09-22,1.2328935861587524,1.2233014106750488,1.2331976890563965,1.2266929149627686,-0.005029364468755904,1
2004-09-23,1.226602554321289,1.2260010242462158,1.2333954572677612,1.22720468044281,0.0004171911925137106,1
2004-09-24,1.22720468044281,1.2247997522354126,1.235696792602539,1.227596402168274,0.0003191983633263895,1
2004-09-27,1.228606939315796,1.225295066833496,1.231496810913086,1.2307995557785034,0.0026092888546853654,1
2004-09-28,1.2306934595108032,1.2285012006759644,1.234903335571289,1.232103705406189,0.0010595954650476358,1
2004-09-29,1.2319064140319824,1.229997158050537,1.234202265739441,1.2336997985839844,0.0012954211328088938,1
2004-09-30,1.2338062524795532,1.232103705406189,1.244400143623352,1.2433944940567017,0.00785822894989896,0
2004-10-01,1.2435026168823242,1.2388964891433716,1.2437965869903564,1.2414957284927368,-0.0015270821714594707,0
2004-10-04,1.2402024269104004,1.2264070510864258,1.2402024269104004,1.2289994955062866,-0.010065465953412067,1
2004-10-05,1.2291052341461182,1.226798176765442,1.23310649394989,1.231602907180786,0.0021183179358643667,0
2004-10-06,1.231602907180786,1.2260010242462158,1.2324073314666748,1.2280938625335691,-0.002849168856908002,1
2004-10-07,1.228199481964111,1.2277017831802368,1.231299638748169,1.229906439781189,0.0014759272909974364,1
2004-10-08,1.230193853378296,1.228893756866455,1.2435026168823242,1.2410026788711548,0.00902201885530407,0
2004-10-11,1.2412029504776,1.237394094467163,1.2416036128997805,1.238405466079712,-0.0020928341539160344,0
2004-10-12,1.238405466079712,1.2293015718460083,1.2386969327926636,1.232103705406189,-0.005088608574598585,1
2004-10-13,1.232103705406189,1.2234959602355957,1.235193133354187,1.234903335571289,0.002272235813280954,1
2004-10-14,1.2347966432571411,1.2326960563659668,1.2416036128997805,1.2388964891433716,0.0032335758249735225,1
2004-10-15,1.2390960454940796,1.238206148147583,1.25,1.2478941679000854,0.007262655787276584,1
2004-10-18,1.248299241065979,1.246494174003601,1.2533998489379885,1.248907208442688,0.0008118000457579821,1
2004-10-19,1.2487980127334597,1.2455006837844849,1.2526932954788208,1.2518935203552246,0.0023911399440639247,1
2004-10-20,1.2512043714523315,1.2500938177108765,1.262993097305298,1.2578933238983154,0.004792582951774094,1
2004-10-21,1.258004069328308,1.2574979066848757,1.265006184577942,1.262004852294922,0.0032685827315346305,1
2004-10-22,1.262100338935852,1.260398268699646,1.2694060802459717,1.2690999507904053,0.005622084956789841,1
2004-10-25,1.2729934453964231,1.272799015045166,1.2830052375793457,1.28109872341156,0.009454552900803437,0
2004-10-26,1.2810001373291016,1.2733986377716064,1.2843070030212402,1.2765034437179563,-0.0035869832742995156,0
2004-10-27,1.2765034437179563,1.269905686378479,1.2809016704559326,1.270599603652954,-0.004625009116941081,1
2004-10-29,1.270793318748474,1.2662074565887451,1.2798033952713013,1.2791976928710938,0.006766954116324442,0
2004-11-01,1.2828078269958496,1.2721028327941897,1.2828078269958496,1.27459979057312,-0.0035943641265128168,0
2004-11-02,1.2746973037719729,1.2671059370040894,1.2750060558319092,1.2720056772232056,-0.002035237546012647,1
2004-11-03,1.2718924283981323,1.266592264175415,1.283202886581421,1.282495141029358,0.008246397004336492,1
2004-11-04,1.282199144363403,1.2797051668167114,1.28940749168396,1.2872995138168335,0.0037461138321501775,1
2004-11-05,1.2872995138168335,1.2784944772720337,1.297993302345276,1.2966973781585691,0.007300448917183955,0
2004-11-08,1.2963947057724,1.2908055782318115,1.2988024950027466,1.2908055782318115,-0.004543696953505427,0
2004-11-09,1.2910054922103882,1.2887927293777466,1.2937949895858765,1.2899065017700195,-0.000696523533020077,0
2004-11-10,1.2900062799453735,1.2862067222595217,1.2983977794647217,1.288593292236328,-0.001018065675217228,1
2004-11-11,1.2883940935134888,1.2863060235977173,1.2921065092086792,1.2910054922103882,0.0018719637829822666,1
2004-11-12,1.2908055782318115,1.288593292236328,1.2989037036895752,1.2970000505447388,0.004643325199249926,0
2004-11-15,1.2990050315856934,1.2922067642211914,1.299899935722351,1.2939958572387695,-0.0023162630600572776,1
2004-11-16,1.2936946153640747,1.292306900024414,1.2992074489593506,1.2961931228637695,0.0016980468775911195,1
2004-11-17,1.2960922718048096,1.2955045700073242,1.3049037456512451,1.303797960281372,0.0058670558294589,0
2004-11-18,1.303797960281372,1.2943978309631348,1.3072919845581057,1.29490065574646,-0.0068241436219089735,1
2004-11-19,1.2948001623153689,1.294196844100952,1.3064039945602417,1.3039000034332275,0.006949836380752972,1
2004-11-22,1.302592158317566,1.3016934394836426,1.305193305015564,1.3040019273757937,7.816852695596843e-05,1
2004-11-23,1.304206132888794,1.297993302345276,1.3103067874908447,1.309706211090088,0.004374444235503372,1
2004-11-24,1.3099979162216189,1.3086949586868286,1.319104552268982,1.317800760269165,0.0061804312375826065,1
2004-11-25,1.318096160888672,1.316707730293274,1.328303575515747,1.3258028030395508,0.006072270567480498,1
2004-11-26,1.3256973028182983,1.3199055194854736,1.332906723022461,1.329504370689392,0.0027919443535306954,0
2004-11-29,1.3271929025650024,1.3233989477157593,1.330300211906433,1.32650625705719,-0.0022550611327795123,1
2004-11-30,1.3262951374053955,1.3239071369171145,1.332906723022461,1.3298048973083496,0.0024867129224686035,1
2004-12-01,1.3298048973083496,1.3283917903900146,1.3357020616531372,1.3345967531204224,0.0036034277071561593,0
2004-12-02,1.3347926139831543,1.3248015642166138,1.3377926349639893,1.3261016607284546,-0.0063652877710854705,1
2004-12-03,1.3262951374053955,1.3259083032608032,1.3466018438339231,1.3466018438339231,0.01545898305730753,0
2004-12-06,1.3450080156326294,1.3392080068588257,1.345695734024048,1.3396027088165283,-0.005197627679958794,1
2004-12-07,1.3394949436187744,1.3394052982330322,1.3470009565353394,1.3430931568145752,0.0026055844580445964,0
2004-12-08,1.3432915210723877,1.321999430656433,1.3432915210723877,1.334507703781128,-0.006392298992729195,0
2004-12-09,1.3345967531204224,1.3258028030395508,1.3358982801437378,1.3304064273834229,-0.0030732504474006994,0
2004-12-10,1.3301939964294434,1.3149935007095337,1.3304064273834229,1.3215975761413574,-0.00662117309474386,1
2004-12-13,1.3222966194152832,1.3221042156219482,1.332693576812744,1.3320013284683228,0.007872103062825708,0
2004-12-14,1.3321077823638916,1.326400637626648,1.332800269126892,1.3309022188186646,-0.0008251565716695941,1
2004-12-15,1.3307960033416748,1.32650625705719,1.3437970876693726,1.3403927087783811,0.007130869439935683,0
2004-12-16,1.3401951789855957,1.321300745010376,1.3430029153823853,1.325100064277649,-0.011409077653570465,1
2004-12-17,1.325398564338684,1.3232064247131348,1.3320013284683228,1.3312920331954956,0.004672831195749794,1
2004-12-20,1.33109712600708,1.330105543136597,1.3408960103988647,1.3392080068588257,0.0059460835533804435,0
2004-12-21,1.3394052982330322,1.3357912302017212,1.3410038948059082,1.3368983268737793,-0.0017246611230049558,1
2004-12-22,1.3368983268737793,1.3347926139831543,1.3403029441833496,1.339100360870361,0.001647121514267269,1
2004-12-23,1.339100360870361,1.338401436805725,1.351807951927185,1.3512052297592163,0.009039553152675905,1
2004-12-24,1.3514060974121094,1.3489997386932373,1.3547931909561155,1.3538029193878174,0.0019224982048537953,1
2004-12-27,1.3527954816818235,1.3518993854522705,1.3642005920410156,1.3623977899551392,0.006348686684180205,0
2004-12-28,1.3621937036514282,1.359397530555725,1.3645915985107422,1.359397530555725,-0.002202190447998964,1
2004-12-29,1.359508395195007,1.3563920259475708,1.364498496055603,1.360692262649536,0.0009524308119652769,1
2004-12-30,1.3605997562408447,1.358105182647705,1.3660082817077637,1.36280620098114,0.0015535756244309251,0
2004-12-31,1.3629920482635498,1.352191925048828,1.3661948442459106,1.3565024137496948,-0.004625593299257602,0
2005-01-03,1.358105182647705,1.3401951789855957,1.358105182647705,1.3470009565353394,-0.007004379143042749,0
2005-01-04,1.3470009565353394,1.3261016607284546,1.3496005535125732,1.3281975984573364,-0.013959424443444779,0
2005-01-05,1.328303575515747,1.3222966194152832,1.330300211906433,1.3280036449432373,-0.0001460276048717013,0
2005-01-06,1.3278977870941162,1.3163957595825195,1.3278977870941162,1.3183046579360962,-0.007303434026007971,0
2005-01-07,1.3182003498077393,1.302999496459961,1.3248015642166138,1.3060967922210691,-0.009260276554085345,1
2005-01-10,1.3075997829437256,1.3064039945602417,1.311991572380066,1.310994029045105,0.0037495205969444445,1
2005-01-11,1.3114066123962402,1.3104957342147827,1.3171066045761108,1.3116990327835083,0.0005377627378797545,1
2005-01-12,1.3114066123962402,1.3086949586868286,1.329097867012024,1.3255919218063354,0.010591521893056122,0
2005-01-13,1.3259083032608032,1.3203063011169434,1.3265942335128784,1.3211086988449097,-0.003382053622744352,0
2005-01-14,1.3211959600448608,1.306796669960022,1.3211959600448608,1.3098949193954468,-0.008488158059414386,0
2005-01-17,1.3099979162216189,1.304103970527649,1.3129045963287354,1.3051081895828247,-0.003654285348958619,0
2005-01-18,1.3049037456512451,1.3003056049346924,1.3072919845581057,1.3017951250076294,-0.002538536346365583,0
2005-01-19,1.3017951250076294,1.2971009016036987,1.3114066123962402,1.3003056049346924,-0.0011442046788493476,0
2005-01-20,1.3002040386199951,1.2931926250457764,1.302405595779419,1.29629385471344,-0.0030852364290576695,1
2005-01-21,1.2961931228637695,1.2935941219329834,1.306796669960022,1.299899935722351,0.002781839160773014,1
2005-01-24,1.304206132888794,1.3034920692443848,1.3096033334732056,1.3039000034332275,0.0030772120229805022,0
2005-01-25,1.3039000034332275,1.2954038381576538,1.3075997829437256,1.2971009016036987,-0.005214435011600904,1
2005-01-26,1.2972019910812378,1.2968990802764893,1.3103067874908447,1.307805061340332,0.008252372443345868,0
2005-01-27,1.3079075813293457,1.3015071153640747,1.3120949268341064,1.304103970527649,-0.0028300019032576618,1
2005-01-28,1.30430805683136,1.299595832824707,1.307805061340332,1.304495334625244,0.00030010191398832653,1
2005-01-31,1.302405595779419,1.297993302345276,1.3060967922210691,1.305193305015564,0.0005350501238248206,0
2005-02-01,1.3050060272216797,1.3004070520401,1.3065917491912842,1.3039000034332275,-0.0009908889184203629,0
2005-02-02,1.3051081895828247,1.3014055490493774,1.3093974590301514,1.3032032251358032,-0.0005343801638083567,0
2005-02-03,1.3034920692443848,1.2948001623153689,1.303797960281372,1.2972019910812378,-0.004604987110847669,0
2005-02-04,1.2971009016036987,1.2855949401855469,1.3032032251358032,1.2857933044433594,-0.00879484206493475,0
2005-02-07,1.2855949401855469,1.2740962505340576,1.2865046262741089,1.2764055728912354,-0.007301120265351013,1
2005-02-08,1.2764055728912354,1.2737069129943848,1.279606819152832,1.2769924402236938,0.0004597812364053322,1
2005-02-09,1.276796817779541,1.2745022773742676,1.2817062139511108,1.281295657157898,0.003369806115258056,1
2005-02-10,1.2810001373291016,1.2752012014389038,1.2904057502746582,1.287597894668579,0.004918644245357484,0
2005-02-11,1.2877968549728394,1.2852975130081177,1.289706826210022,1.2856941223144531,-0.001478545718355595,1
2005-02-14,1.2888922691345217,1.288593292236328,1.2988024950027466,1.2973029613494873,0.009029238629586711,1
2005-02-15,1.2972019910812378,1.2956053018569946,1.3048017024993896,1.3016934394836426,0.0033843121190351155,1
2005-02-16,1.3014055490493774,1.2967981100082395,1.305193305015564,1.3023037910461426,0.0004688904038281372,1
2005-02-17,1.3025072813034058,1.301998496055603,1.3090033531188965,1.307497262954712,0.003987911226456253,0
2005-02-18,1.307497262954712,1.302592158317566,1.3084039688110352,1.3068991899490356,-0.000457418170287216,0
2005-02-21,1.307206630706787,1.3036959171295166,1.307805061340332,1.3064039945602417,-0.0003789086354956117,1
2005-02-22,1.3065063953399658,1.3058068752288818,1.3268054723739624,1.3261016607284546,0.015077775519848569,0
2005-02-23,1.3258028030395508,1.319191575050354,1.3272985219955444,1.3203063011169434,-0.004370222723593997,0
2005-02-24,1.320201754570007,1.3182003498077393,1.3269991874694824,1.3183046579360962,-0.0015160445565955971,1
2005-02-25,1.3184958696365356,1.3149070739746094,1.325100064277649,1.3246086835861206,0.004781918665063278,0
2005-02-28,1.325398564338684,1.3211086988449097,1.3280036449432373,1.3217023611068726,-0.002194098917862819,0
2005-03-01,1.3218945264816284,1.317002534866333,1.3225939273834229,1.3171932697296145,-0.0034115785141534127,0
2005-03-02,1.3171932697296145,1.3093974590301514,1.317905068397522,1.3135944604873655,-0.0027321801021559233,0
2005-03-03,1.3138015270233154,1.3101009130477903,1.3163957595825195,1.3105987310409546,-0.002280558830386248,1
2005-03-04,1.3105987310409546,1.3098949193954468,1.3255040645599363,1.3246963024139404,0.010756588602667705,0
2005-03-07,1.3233989477157593,1.3184958696365356,1.3246963024139404,1.3221917152404783,-0.001890687827012183,1
2005-03-08,1.3221042156219482,1.3211959600448608,1.336308836936951,1.3352025747299194,0.009840372874424519,1
2005-03-09,1.334899663925171,1.3336000442504885,1.3421918153762815,1.3377031087875366,0.001872775041737107,1
2005-03-10,1.3377926349639893,1.3372917175292969,1.3450984954833984,1.3437970876693726,0.00455555410001196,1
2005-03-11,1.343706727027893,1.3406083583831787,1.3477997779846191,1.3472912311553955,0.0026002017105744013,0
2005-03-14,1.347400188446045,1.333991527557373,1.3479087352752686,1.3365052938461304,-0.008005646485218731,0
2005-03-15,1.3367911577224731,1.330300211906433,1.3403029441833496,1.3310085535049438,-0.004112771095255652,1
2005-03-16,1.3312033414840698,1.3295927047729492,1.3439956903457642,1.3410937786102295,0.0075771301985463335,0
2005-03-17,1.3412916660308838,1.334899663925171,1.3421016931533811,1.3379000425338743,-0.002381441273752616,0
2005-03-18,1.3379000425338743,1.3269991874694824,1.3387060165405271,1.332196593284607,-0.004262986073657271,0
2005-03-21,1.331894874572754,1.3145960569381714,1.331894874572754,1.3161011934280396,-0.012081850334779265,0
2005-03-22,1.3164995908737185,1.3060967922210691,1.3215975761413574,1.3077024221420288,-0.006381554342439699,0
2005-03-23,1.3077024221420288,1.2966973781585691,1.3087977170944214,1.299291968345642,-0.00643147374661146,0
2005-03-24,1.2992074489593506,1.2931926250457764,1.302999496459961,1.2931926250457764,-0.004694359272944482,1
2005-03-25,1.293292999267578,1.293292999267578,1.2971009016036987,1.2956053018569946,0.0018656747374605764,0
2005-03-28,1.2958067655563354,1.2861074209213257,1.2959076166152954,1.289507269859314,-0.004706705035044445,1
2005-03-29,1.289507269859314,1.2880953550338743,1.295303225517273,1.2937949895858765,0.003325083795014505,0
2005-03-30,1.2937949895858765,1.2914056777954102,1.297993302345276,1.2915056943893433,-0.0017694420019866985,1
2005-03-31,1.291605830192566,1.291605830192566,1.3016934394836426,1.2966973781585691,0.004019869050349456,0
2005-04-01,1.2967981100082395,1.2878963947296145,1.30430805683136,1.2909055948257446,-0.004466565160368696,0
2005-04-04,1.289706826210022,1.2821005582809448,1.2907055616378784,1.285000205039978,-0.004574610110481214,1
2005-04-05,1.284901142120361,1.280393362045288,1.287697434425354,1.2857933044433594,0.0006171978808025003,1
2005-04-06,1.2857933044433594,1.2843070030212402,1.2907055616378784,1.2867032289505005,0.0007076755680688329,0
2005-04-07,1.2870012521743774,1.284406065940857,1.2938953638076782,1.285000205039978,-0.0013235561022968412,1
2005-04-08,1.284901142120361,1.2813942432403564,1.2943978309631348,1.2934937477111816,0.006609759778940516,1
2005-04-11,1.2921065092086792,1.2911056280136108,1.3000012636184692,1.2971009016036987,0.002788690628694468,0
2005-04-12,1.2971009016036987,1.2869019508361816,1.3000012636184692,1.2915056943893433,-0.0043136252603307446,0
2005-04-13,1.291605830192566,1.2861074209213257,1.2954038381576538,1.291205644607544,-0.0002323255585343631,0
2005-04-14,1.291305661201477,1.27790629863739,1.2914056777954102,1.2794922590255735,-0.009071665408906027,1
2005-04-15,1.2794922590255735,1.2782983779907229,1.2939958572387695,1.2870012521743774,0.005868728861652128,1
2005-04-18,1.291305661201477,1.2880953550338743,1.304103970527649,1.3017951250076294,0.01149483950249297,1
2005-04-19,1.3017951250076294,1.298701286315918,1.307805061340332,1.3065063953399658,0.003619056671693155,1
2005-04-20,1.3065063953399658,1.2996971607208252,1.3103067874908447,1.3086949586868286,0.0016751263940757433,0
2005-04-21,1.3090033531188965,1.302999496459961,1.3116990327835083,1.3046995401382446,-0.003052979246281451,1
2005-04-22,1.3049037456512451,1.3025072813034058,1.3091918230056765,1.3061991930007937,0.0011494239220704028,0
2005-04-25,1.3056023120880127,1.2960082292556765,1.3059945106506348,1.2993931770324707,-0.005210549818735699,0
2005-04-26,1.2994945049285889,1.2950012683868408,1.3015071153640747,1.2984988689422607,-0.0006882505665085636,0
2005-04-27,1.2983977794647217,1.2910054922103882,1.298701286315918,1.2921065092086792,-0.0049228843293399605,0
2005-04-28,1.292306900024414,1.2884937524795532,1.2939958572387695,1.2905057668685913,-0.001238862530820506,0
2005-04-29,1.2905057668685913,1.2857933044433594,1.2978922128677368,1.287597894668579,-0.002253281058222756,0
2005-05-02,1.2862067222595217,1.2842081785202026,1.2874983549118042,1.2846039533615112,-0.0023252145094866394,1
2005-05-03,1.284901142120361,1.2833017110824585,1.2900062799453735,1.288693070411682,0.0031831733348401947,1
2005-05-04,1.288693070411682,1.2878963947296145,1.2972019910812378,1.2950012683868408,0.004895035225993549,1
2005-05-05,1.2950012683868408,1.2931926250457764,1.298701286315918,1.2956053018569946,0.0004664346552387677,0
2005-05-06,1.2955045700073242,1.28109872341156,1.2963947057724,1.2811970710754397,-0.011120848888858004,1
2005-05-09,1.2819033861160278,1.2794922590255735,1.287200093269348,1.2854957580566406,0.0033552113708725795,1
2005-05-10,1.2855949401855469,1.2820019721984863,1.2887927293777466,1.288693070411682,0.002487221241301407,0
2005-05-11,1.288593292236328,1.2790013551712036,1.2903059720993042,1.2813942432403564,-0.005663743632138729,0
2005-05-12,1.281295657157898,1.266897201538086,1.281295657157898,1.2681021690368652,-0.010373134008998308,0
2005-05-13,1.2677003145217896,1.2610976696014404,1.2690999507904053,1.2616068124771118,-0.005122108232561984,1
2005-05-16,1.2606048583984375,1.258605718612671,1.2647981643676758,1.2639987468719482,0.0018959428335203476,0
2005-05-17,1.2639029026031494,1.260001301765442,1.2660951614379885,1.2603029012680054,-0.0029239313829140245,1
2005-05-18,1.2602077722549438,1.2589067220687866,1.2690999507904053,1.2681021690368652,0.006188407374935867,0
2005-05-19,1.2678931951522827,1.2618932723999023,1.2690999507904053,1.2635036706924438,-0.0036262837937687253,0
2005-05-20,1.2639029026031494,1.2542015314102173,1.2655024528503418,1.2556977272033691,-0.006178014096941076,1
2005-05-23,1.2553982734680176,1.2539026737213137,1.2596997022628784,1.257102608680725,0.0011188054632262912,0
2005-05-24,1.2570078372955322,1.2559974193572998,1.2628973722457886,1.2568024396896362,-0.0002387784330539766,1
2005-05-25,1.2568024396896362,1.2556031942367554,1.2618932723999023,1.2599060535430908,0.002469452441722586,0
2005-05-26,1.2599060535430908,1.2502031326293943,1.2614953517913818,1.251392126083374,-0.0067575891359312745,1
2005-05-27,1.2512043714523315,1.2510008811950684,1.259303092956543,1.2581939697265625,0.005435421480936675,0
2005-05-30,1.252803087234497,1.246603012084961,1.2547051906585691,1.248299241065979,-0.007864231508543873,0
2005-05-31,1.2485017776489258,1.229997158050537,1.248907208442688,1.2307995557785034,-0.014018822339851633,0
2005-06-01,1.2309964895248413,1.2166930437088013,1.234095573425293,1.2196015119552612,-0.009098186435531508,1
2005-06-02,1.2198989391326904,1.2187987565994265,1.2294981479644775,1.2266929149627686,0.005814524611517102,0
2005-06-03,1.2269939184188845,1.22089684009552,1.231693983078003,1.223002314567566,-0.003008577248784894,1
2005-06-06,1.2231069803237915,1.222299575805664,1.2294981479644775,1.2260010242462158,0.002451924778008374,1
2005-06-07,1.2260010242462158,1.2243947982788086,1.231496810913086,1.2278977632522583,0.0015470941447284225,0
2005-06-08,1.2280033826828003,1.2215979099273682,1.2345983982086182,1.2237954139709473,-0.0033409534605269853,0
2005-06-09,1.223900318145752,1.2187987565994265,1.2250999212265017,1.2227928638458252,-0.0008192138274721872,0
2005-06-10,1.223002314567566,1.2110936641693115,1.2249947786331177,1.2136952877044678,-0.007439997738246884,0
2005-06-13,1.2116951942443848,1.20339834690094,1.2122975587844849,1.211798071861267,-0.0015631731147189853,0
2005-06-14,1.2116951942443848,1.202602505683899,1.2149930000305176,1.202602505683899,-0.007588365083998072,1
2005-06-15,1.202602505683899,1.2021976709365845,1.213106393814087,1.2121946811676023,0.007976181189019327,0
2005-06-16,1.2125033140182495,1.2064036130905151,1.2162047624588013,1.2099066972732544,-0.0018874723094347567,1
2005-06-17,1.2098042964935305,1.2093945741653442,1.2291958332061768,1.2278977632522583,0.01486979617482076,0
2005-06-20,1.2197948694229126,1.213003396987915,1.2247997522354126,1.2151997089385986,-0.010341296070144446,1
2005-06-21,1.215096354484558,1.2075982093811035,1.2250999212265017,1.217404007911682,0.001813939681575949,0
2005-06-22,1.217404007911682,1.210404634475708,1.2200031280517578,1.212106466293335,-0.004351506635364433,0
2005-06-23,1.2120037078857422,1.2025011777877808,1.2140047550201416,1.2029062509536743,-0.0075902699931923445,1
2005-06-24,1.2030943632125854,1.200595498085022,1.210800290107727,1.2098042964935305,0.005734483077452834,1
2005-06-27,1.2109030485153198,1.2109030485153198,1.218605637550354,1.216397047042847,0.0054494355561678365,0
2005-06-28,1.2161011695861816,1.2052984237670898,1.2171964645385742,1.2073066234588623,-0.0074732371359205185,1
2005-06-29,1.2065927982330322,1.202399969100952,1.210800290107727,1.207802414894104,0.00041065908660486983,1
2005-06-30,1.2097017765045166,1.2047032117843628,1.21190083026886,1.2091021537780762,0.0010761187988568288,0
2005-07-01,1.208795189857483,1.193602204322815,1.210097074508667,1.193602204322815,-0.012819387846451646,0
2005-07-04,1.1911994218826294,1.1893010139465332,1.1949001550674438,1.190901517868042,-0.002262635277475167,1
2005-07-05,1.190901517868042,1.187197208404541,1.193801760673523,1.1931037902832031,0.0018492481385896653,0
2005-07-06,1.1929045915603638,1.1897962093353271,1.1947003602981567,1.1929045915603638,-0.00016695841926051003,1
2005-07-07,1.1929045915603638,1.1911994218826294,1.2029930353164673,1.1945005655288696,0.0013378890313584524,1
2005-07-08,1.194400668144226,1.1885942220687866,1.198193073272705,1.1981070041656494,0.0030192021174832995,1
2005-07-11,1.1971030235290527,1.196300983428955,1.208503007888794,1.20689857006073,0.007337880393415208,1
2005-07-12,1.206796646118164,1.2057054042816162,1.225295066833496,1.223002314567566,0.013343080277264496,0
2005-07-13,1.2231967449188232,1.2073066234588623,1.2234959602355957,1.208006739616394,-0.0122612809252729,1
2005-07-14,1.2077003717422483,1.2060980796813965,1.2126061916351318,1.2093945741653442,0.001148863250043597,0
2005-07-15,1.2093945741653442,1.2028049230575562,1.2137985229492188,1.204601526260376,-0.003963179600236066,1
2005-07-18,1.2038040161132812,1.2034997940063477,1.208795189857483,1.2056035995483398,0.0008318711757528963,0
2005-07-19,1.2054002285003662,1.1959004402160645,1.2065054178237915,1.2029930353164673,-0.002165358690742636,1
2005-07-20,1.2029062509536743,1.2006964683532717,1.2175966501235962,1.2158055305480957,0.010650514887027507,1
2005-07-21,1.2158055305480957,1.2110936641693115,1.2227030992507937,1.2161011695861816,0.00024316309694083493,0
2005-07-22,1.2161011695861816,1.205807089805603,1.2190067768096924,1.2060980796813965,-0.008225540896559691,1
2005-07-25,1.2050950527191162,1.2032970190048218,1.208795189857483,1.2065054178237915,0.00033773218717225717,0
2005-07-26,1.2061998844146729,1.1983941793441772,1.2061998844146729,1.2017064094543457,-0.0039776102937870705,1
2005-07-27,1.2017930746078491,1.197604775428772,1.208605170249939,1.206694722175598,0.004151024478197929,1
2005-07-28,1.206796646118164,1.204195499420166,1.2149930000305176,1.213194727897644,0.005386619832335793,0
2005-07-29,1.213106393814087,1.2080942392349243,1.216397047042847,1.2124004364013672,-0.0006547106396128655,1
2005-08-01,1.2122975587844849,1.2121946811676023,1.2244998216629028,1.218397855758667,0.00494673144056379,1
2005-08-02,1.218397855758667,1.218397855758667,1.2244998216629028,1.219393253326416,0.0008169725209581369,1
2005-08-03,1.2190959453582764,1.2155985832214355,1.2345069646835327,1.23350191116333,0.011570227896887886,1
2005-08-04,1.233593225479126,1.2304966449737549,1.2394031286239624,1.2384973764419556,0.004049823703892175,0
2005-08-05,1.2384973764419556,1.231693983078003,1.23960280418396,1.2365983724594116,-0.0015333128827447196,0
2005-08-08,1.2336997985839844,1.2319974899291992,1.2390038967132568,1.235101580619812,-0.0012104106498399547,1
2005-08-09,1.2352999448776243,1.23350191116333,1.2412954568862915,1.2378076314926147,0.0021909541006697175,1
2005-08-10,1.237700343132019,1.2345983982086182,1.2422051429748535,1.2386049032211304,0.0006440998651415786,1
2005-08-11,1.2386969327926636,1.2380987405776978,1.2477073669433594,1.247302770614624,0.007022309834939122,0
2005-08-12,1.2471004724502563,1.2390038967132568,1.2483927011489868,1.2444931268692017,-0.0022525755667470726,0
2005-08-15,1.2454074621200562,1.235101580619812,1.245795488357544,1.2371032238006592,-0.0059380826691534105,0
2005-08-16,1.236996054649353,1.2306026220321655,1.237394094467163,1.234994888305664,-0.001704251880063734,0
2005-08-17,1.234994888305664,1.2264070510864258,1.236904263496399,1.2278074026107788,-0.005819850562091,0
2005-08-18,1.2278074026107788,1.216397047042847,1.2296040058135986,1.218397855758667,-0.007663699397888912,0
2005-08-19,1.2182939052581787,1.213297724723816,1.2196015119552612,1.2154951095581057,-0.0023824288485421174,1
2005-08-22,1.21690034866333,1.2159976959228516,1.224095106124878,1.223406195640564,0.006508529750756775,1
2005-08-23,1.2231967449188232,1.2194973230361938,1.2254000902175903,1.2234959602355957,7.337268304796751e-05,1
2005-08-24,1.223406195640564,1.2165006399154663,1.2280938625335691,1.227400541305542,0.0031913313953193523,1
2005-08-25,1.2272950410842896,1.2260010242462158,1.2324073314666748,1.230193853378296,0.002275795047135043,0
2005-08-26,1.2302998304367063,1.2277017831802368,1.2340041399002075,1.2294074296951294,-0.0006392680966555986,0
2005-08-29,1.2306026220321655,1.2220009565353394,1.2345983982086182,1.2234959602355957,-0.00480838924244964,0
2005-08-30,1.2236007452011108,1.2175966501235962,1.2240052223205566,1.221806883811951,-0.0013805328979750175,1
2005-08-31,1.2215979099273682,1.2193039655685425,1.235498309135437,1.234095573425293,0.010057800276097817,1
2005-09-01,1.2338062524795532,1.2328935861587524,1.2509069442749023,1.2490007877349854,0.012077844399297488,1
2005-09-02,1.2490007877349854,1.2471004724502563,1.2587958574295044,1.2533055543899536,0.003446568406713979,0
2005-09-05,1.2539026737213137,1.2515957355499268,1.258605718612671,1.2526932954788208,-0.0004885152778492108,0
2005-09-06,1.2526932954788208,1.244802951812744,1.2526932954788208,1.245795488357544,-0.005506381447216269,0
2005-09-07,1.245795488357544,1.2410951852798462,1.2534940242767334,1.2416036128997805,-0.003364818300385708,0
2005-09-08,1.2416036128997805,1.2386049032211304,1.245004415512085,1.2394031286239624,-0.001772292101082762,1
2005-09-09,1.2394952774047852,1.238206148147583,1.244694471359253,1.2410951852798462,0.001365218964520798,0
2005-09-12,1.2402024269104004,1.227596402168274,1.2414032220840454,1.2291052341461182,-0.00966078289234884,0
2005-09-13,1.2289994955062866,1.2255953550338743,1.231496810913086,1.2280033826828003,-0.0008964663339696699,0
2005-09-14,1.2277017831802368,1.226798176765442,1.2326960563659668,1.2278977632522583,-8.600907133593516e-05,0
2005-09-15,1.2278074026107788,1.2201966047286987,1.228606939315796,1.2236007452011108,-0.0034994917164489214,1
2005-09-16,1.2236007452011108,1.220598816871643,1.2306026220321655,1.223900318145752,0.00024482899819733284,0
2005-09-19,1.2154065370559692,1.210404634475708,1.2175966501235962,1.2139016389846802,-0.00816952084481859,0
2005-09-20,1.2139016389846802,1.2115044593811035,1.218605637550354,1.21190083026886,-0.0016482461606144305,1
2005-09-22,1.2166930437088013,1.2136952877044678,1.2269035577774048,1.2154065370559692,0.002892734041886502,0
2005-09-23,1.2154951095581057,1.204006910324097,1.2162047624588013,1.2040939331054688,-0.009307670812683466,1
2005-09-26,1.202602505683899,1.2016053199768066,1.208006739616394,1.2073066234588623,0.002668139307958839,0
2005-09-27,1.207394003868103,1.1985952854156494,1.2079044580459597,1.2018941640853882,-0.004483085960356736,1
2005-09-28,1.2017930746078491,1.1997023820877075,1.206796646118164,1.2061998844146729,0.003582445491414177,0
2005-09-29,1.2061998844146729,1.201302170753479,1.207496166229248,1.202096462249756,-0.0034019420976051373,1
2005-09-30,1.2019952535629272,1.200494647026062,1.2077003717422483,1.2028049230575562,0.0005893543738362261,0
2005-10-03,1.202096462249756,1.1904053688049316,1.2029930353164673,1.1912987232208252,-0.009566139625935333,1
2005-10-04,1.1913981437683103,1.190901517868042,1.1947003602981567,1.1918951272964478,0.0005006335220523184,1
2005-10-05,1.1917957067489624,1.191696286201477,1.2012012004852295,1.2012012004852295,0.007807795313242494,1
2005-10-06,1.2009992599487305,1.2002928256988523,1.220494508743286,1.2171964645385742,0.013316057332346531,0
2005-10-07,1.21690034866333,1.2103021144866943,1.2179970741271973,1.213003396987915,-0.003444856826994469,0
2005-10-10,1.2116072177886963,1.2045000791549685,1.2151997089385986,1.204906344413757,-0.006675210138952781,0
2005-10-11,1.2052984237670898,1.1981070041656494,1.2057054042816162,1.1984946727752686,-0.0053213029113960975,1
2005-10-12,1.1983941793441772,1.1958003044128418,1.2047032117843628,1.2028049230575562,0.0035963866842283476,0
2005-10-13,1.2025011777877808,1.1918951272964478,1.2037025690078735,1.2018941640853882,-0.0007571959132431916,1
2005-10-14,1.2017064094543457,1.1984946727752686,1.2105072736740112,1.2077003717422483,0.004830880979673102,0
2005-10-17,1.2070006132125854,1.2009992599487305,1.212106466293335,1.20110023021698,-0.005465048847957954,0
2005-10-18,1.201302170753479,1.1922929286956787,1.2017930746078491,1.195500135421753,-0.004662470836605648,1
2005-10-19,1.1952428817749023,1.188198804855347,1.2002063989639282,1.1974040269851685,0.0015925481787952833,1
2005-10-20,1.1971030235290527,1.1954001188278198,1.2025011777877808,1.2017930746078491,0.0036654692349176177,0
2005-10-21,1.2018941640853882,1.193602204322815,1.207496166229248,1.1954001188278198,-0.005319514577927897,1
2005-10-24,1.1945005655288696,1.1925063133239746,1.2017930746078491,1.197604775428772,0.0018442834045506729,1
2005-10-25,1.197604775428772,1.1942009925842283,1.2116951942443848,1.2111963033676147,0.011348925970988022,0
2005-10-26,1.2110936641693115,1.205807089805603,1.213651180267334,1.2063016891479492,-0.0040411403222223585,1
2005-10-27,1.205807089805603,1.204906344413757,1.2171964645385742,1.214299559593201,0.006630074812297382,0
2005-10-28,1.2145946025848389,1.2054002285003662,1.2168558835983276,1.2071025371551514,-0.005926892076334567,0
2005-10-31,1.2065054178237915,1.1974470615386963,1.2088974714279177,1.1988970041275024,-0.006797710032974802,1
2005-11-01,1.1988970041275024,1.1977051496505735,1.204006910324097,1.202399969100952,0.002921823110233479,1
2005-11-02,1.2022987604141235,1.1990982294082642,1.208006739616394,1.206752896308899,0.0036201990351028,0
2005-11-03,1.206694722175598,1.193901538848877,1.208006739616394,1.1952000856399536,-0.009573468358171744,0
2005-11-04,1.1947003602981567,1.1808048486709597,1.1989977359771729,1.1813069581985474,-0.011624101778713758,0
2005-11-07,1.18069326877594,1.1778563261032104,1.1829979419708252,1.1793009042739868,-0.0016981648255248727,0
2005-11-08,1.1789950132369995,1.1713991165161133,1.1794956922531128,1.1768028736114502,-0.0021182300916443575,1
2005-11-09,1.176899790763855,1.1724978685379028,1.178897738456726,1.1778008937835691,0.000848077613080811,0
2005-11-10,1.1774957180023191,1.1674060821533203,1.1789950132369995,1.1675559282302856,-0.008698384937009584,1
2005-11-11,1.167501449584961,1.167501449584961,1.173998236656189,1.1735023260116575,0.0050930303530598575,0
2005-11-14,1.1735987663269043,1.1663031578063965,1.1773016452789309,1.1691941022872925,-0.003671252820611981,1
2005-11-15,1.1691941022872925,1.1648495197296145,1.173695087432861,1.1731994152069092,0.003425704005674657,0
2005-11-16,1.173103094100952,1.16490375995636,1.1731994152069092,1.1677058935165403,-0.004682513150929268,1
2005-11-17,1.16810142993927,1.1648495197296145,1.1761523485183716,1.1747982501983645,0.0060737525786271895,1
2005-11-18,1.1748948097229004,1.166997313499451,1.1782032251358032,1.1776067018508911,0.002390582086798654,0
2005-11-21,1.1774957180023191,1.1720443964004517,1.1834039688110352,1.173695087432861,-0.0033216645352662777,1
2005-11-22,1.1735987663269043,1.1690436601638794,1.182396411895752,1.181404709815979,0.006568675685590941,0
2005-11-23,1.1812511682510376,1.176899790763855,1.1857051849365234,1.1808048486709597,-0.0005077524577608017,0
2005-11-24,1.1810001134872437,1.1776067018508911,1.1822986602783203,1.1781060695648191,-0.0022855420259987325,0
2005-11-25,1.1779533624649048,1.1713030338287354,1.1779533624649048,1.1724978685379028,-0.004760353224381508,1
2005-11-28,1.170905351638794,1.168606519699097,1.1884952783584597,1.1850025653839111,0.010665006036728819,0
2005-11-29,1.1850025653839111,1.1744946241378784,1.1860989332199097,1.1768028736114502,-0.006919556135985605,1
2005-11-30,1.1768028736114502,1.1759034395217896,1.180498123168945,1.180498123168945,0.003140075232952677,0
2005-12-01,1.1798992156982422,1.1693992614746094,1.1799967288970947,1.1742050647735596,-0.005330849979237828,0
2005-12-02,1.1742050647735596,1.166806697845459,1.1743016242980957,1.1718933582305908,-0.0019687417575690036,1
2005-12-05,1.172003149986267,1.1690983772277832,1.1818934679031372,1.1787031888961792,0.005810964468533575,1
2005-12-06,1.178550362586975,1.1760554313659668,1.1808048486709597,1.1798018217086792,0.0009320690932623776,0
2005-12-07,1.179843544960022,1.1707956790924072,1.1798992156982422,1.1717971563339231,-0.006784754208264521,1
2005-12-08,1.1718933582305908,1.170905351638794,1.184805989265442,1.1813069581985474,0.00811557001416241,1
2005-12-09,1.1818934679031372,1.177093744277954,1.183698058128357,1.181404709815979,8.274870198055062e-05,1
2005-12-12,1.1794956922531128,1.1794538497924805,1.198193073272705,1.1956002712249756,0.012015832754897149,0
2005-12-13,1.1952000856399536,1.1912987232208252,1.1981070041656494,1.1949001550674438,-0.0005855771150121702,1
2005-12-14,1.1949001550674438,1.1948002576828003,1.2057054042816162,1.1974040269851685,0.002095465388556539,0
2005-12-15,1.198006510734558,1.194001317024231,1.2038040161132812,1.1967018842697144,-0.0005863874679141734,1
2005-12-16,1.1968021392822266,1.194400668144226,1.2029062509536743,1.2014031410217283,0.003928511197158313,0
2005-12-19,1.2036012411117554,1.1978055238723757,1.203905463218689,1.2006964683532717,-0.000588206110278322,0
2005-12-20,1.2007973194122314,1.184399127960205,1.2014031410217283,1.1874933242797852,-0.010996237951456878,0
2005-12-21,1.1878036260604858,1.1804563999176023,1.1908022165298462,1.1834039688110352,-0.0034436871223930687,1
2005-12-22,1.183095932006836,1.1816000938415527,1.1895982027053833,1.187295913696289,0.003288771195489648,0
2005-12-23,1.187295913696289,1.183698058128357,1.1886931657791138,1.187197208404541,-8.313453336228349e-05,0
2005-12-26,1.1861974000930786,1.1836000680923462,1.1897962093353271,1.1837962865829468,-0.0028646646045981106,1
2005-12-27,1.183698058128357,1.182746171951294,1.1876062154769895,1.1856067180633545,0.0015293437738630455,0
2005-12-28,1.185494303703308,1.1816978454589844,1.1931037902832031,1.184805989265442,-0.0006753747138178445,1
2005-12-29,1.1849043369293213,1.1822007894515991,1.1876062154769895,1.1850025653839111,0.0001659141836303224,0
2005-12-30,1.1849043369293213,1.178300380706787,1.1890040636062622,1.184104561805725,-0.0007578072861766927,0
2006-01-02,1.184202790260315,1.1815024614334106,1.1864930391311646,1.1816978454589844,-0.0020325201205799726,1
2006-01-03,1.1816978454589844,1.1816978454589844,1.2034997940063477,1.2032970190048218,0.018278084900330782,1
2006-01-04,1.2030943632125854,1.2029062509536743,1.2141964435577393,1.2111963033676147,0.006564700350812913,0
2006-01-05,1.2114017009735107,1.2072045803070068,1.2121946811676023,1.2106977701187134,-0.00041160400466488944,1
2006-01-06,1.2105072736740112,1.208605170249939,1.217404007911682,1.2154065370559692,0.0038893000825417356,0
2006-01-09,1.2140047550201416,1.205807089805603,1.2154951095581057,1.207496166229248,-0.006508415567586301,0
2006-01-10,1.207496166229248,1.2040939331054688,1.2105951309204102,1.2064036130905151,-0.0009048087847307595,1
2006-01-11,1.2064036130905151,1.20480477809906,1.2145060300827026,1.2139016389846802,0.006215188526298432,0
2006-01-12,1.2140047550201416,1.201302170753479,1.2161011695861816,1.2045000791549685,-0.007744910730638099,1
2006-01-13,1.204006910324097,1.20339834690094,1.2146978378295898,1.214299559593201,0.00813572419613906,0
2006-01-16,1.2165006399154663,1.2110055685043335,1.2170928716659546,1.2116072177886963,-0.002217197382008873,0
2006-01-17,1.2116951942443848,1.2054002285003662,1.2140932083129885,1.2108443975448608,-0.0006295936774193267,0
2006-01-18,1.2109030485153198,1.207744002342224,1.2154065370559692,1.210800290107727,-3.642700682537914e-05,0
2006-01-19,1.2106977701187134,1.2061998844146729,1.212106466293335,1.2091021537780762,-0.0014024908513193823,1
2006-01-20,1.208999752998352,1.205807089805603,1.2141964435577393,1.2136069536209106,0.003725739656288196,1
2006-01-23,1.2167967557907104,1.2167967557907104,1.232103705406189,1.2304056882858276,0.013841989463554416,0
2006-01-24,1.2304056882858276,1.2263468503952026,1.2307995557785034,1.2264971733093262,-0.0031766067189974434,0
2006-01-25,1.226602554321289,1.2240052223205566,1.2320430278778076,1.2244998216629028,-0.0016285008150765945,0
2006-01-26,1.2246047258377075,1.2201966047286987,1.226798176765442,1.2214934825897217,-0.0024551568076983665,0
2006-01-27,1.2215979099273682,1.2091021537780762,1.2231069803237915,1.2093945741653442,-0.009905012672459135,0
2006-01-30,1.2105951309204102,1.2070006132125854,1.2114017009735107,1.208605170249939,-0.0006527265230622525,1
2006-01-31,1.208605170249939,1.2082985639572144,1.2184572219848633,1.2148454189300537,0.005163182182005954,0
2006-02-01,1.2149044275283811,1.2054002285003662,1.2165006399154663,1.206694722175598,-0.006709245989201085,1
2006-02-02,1.2065927982330322,1.203905463218689,1.2105951309204102,1.208400845527649,0.0014138815068114319,0
2006-02-03,1.208400845527649,1.1975044012069702,1.2109030485153198,1.2027037143707275,-0.004714603749249924,0
2006-02-06,1.2030943632125854,1.1950000524520874,1.2042969465255735,1.196300983428955,-0.005323614507270813,1
2006-02-07,1.1961007118225098,1.1953001022338867,1.201302170753479,1.1992995738983154,0.002506551871892304,0
2006-02-08,1.1991989612579346,1.1927480697631836,1.1994003057479858,1.19650137424469,-0.0023331949035302335,1
2006-02-09,1.196601629257202,1.1952000856399536,1.1995010375976562,1.1994003057479858,0.002422840095044565,0
2006-02-10,1.2001056671142578,1.189499020576477,1.202399969100952,1.19070303440094,-0.00725134994994181,1
2006-02-13,1.1900936365127563,1.188396453857422,1.1917957067489624,1.1911994218826294,0.0004168860474427216,1
2006-02-14,1.1911994218826294,1.1866055727005005,1.1924067735671997,1.1915968656539917,0.0003336500707280532,0
2006-02-15,1.1915968656539917,1.1876484155654907,1.1949001550674438,1.1885942220687866,-0.002519848508964584,1
2006-02-16,1.188198804855347,1.185297608375549,1.1911001205444336,1.19070303440094,0.001774207120477822,1
2006-02-17,1.1908022165298462,1.1861974000930786,1.1942009925842283,1.1942009925842283,0.002937725093686616,0
2006-02-20,1.1949429512023926,1.1929045915603638,1.1975044012069702,1.193402886390686,-0.0006683181461900611,0
2006-02-21,1.1935025453567505,1.189697265625,1.193701982498169,1.191994547843933,-0.0011801031846104815,0
2006-02-22,1.191994547843933,1.186901330947876,1.1930042505264282,1.1915968656539917,-0.00033362752427079645,1
2006-02-23,1.1912987232208252,1.189499020576477,1.1968021392822266,1.1921935081481934,0.0005007083447421401,0
2006-02-24,1.1924067735671997,1.186704158782959,1.1932035684585571,1.1878036260604858,-0.003682189223229604,0
2006-02-27,1.184399127960205,1.183193922042847,1.1877048015594482,1.1850025653839111,-0.0023581849853959724,1
2006-02-28,1.1849043369293213,1.1837962865829468,1.1940441131591797,1.1930042505264282,0.006752462295239736,0
2006-03-01,1.1929045915603638,1.18965482711792,1.1968021392822266,1.191994547843933,-0.0008463529631597133,1
2006-03-02,1.1918524503707886,1.1915541887283323,1.204601526260376,1.203905463218689,0.009992424375010911,1
2006-03-03,1.2037025690078735,1.200898289680481,1.204993486404419,1.204601526260376,0.0005781708472574199,0
2006-03-06,1.2086491584777832,1.1995010375976562,1.2092044353485107,1.2016053199768066,-0.0024873007531966973,0
2006-03-07,1.2019952535629272,1.18715500831604,1.2021976709365845,1.1890040636062622,-0.010487017792820463,1
2006-03-08,1.189202070236206,1.1876062154769895,1.193901538848877,1.1927053928375244,0.003112966006218798,0
2006-03-09,1.192804932594299,1.1902070045471191,1.1948002576828003,1.1904053688049316,-0.001928409183361568,1
2006-03-10,1.1900936365127563,1.186704158782959,1.1929045915603638,1.1911001205444336,0.0005836261812222077,1
2006-03-13,1.1922929286956787,1.1920514106750488,1.1969023942947388,1.1967018842697144,0.004703016672284788,1
2006-03-14,1.1967018842697144,1.194400668144226,1.2029062509536743,1.2018941640853882,0.004338824801669361,1
2006-03-15,1.2017064094543457,1.201143503189087,1.2075982093811035,1.2071025371551514,0.004333470637763348,1
2006-03-16,1.2072045803070068,1.203905463218689,1.2190067768096924,1.217492938041687,0.008607720195024537,1
2006-03-17,1.2175966501235962,1.215096354484558,1.220405101776123,1.2192000150680542,0.0014021247869520082,0
2006-03-20,1.2181010246276855,1.2153031826019287,1.2194973230361938,1.216293454170227,-0.0023839902082554154,0
2006-03-21,1.2158055305480957,1.2081964015960691,1.2161011695861816,1.210800290107727,-0.004516314745973471,0
2006-03-22,1.2105951309204102,1.2070006132125854,1.210800290107727,1.2079044580459597,-0.002391667796437069,0
2006-03-23,1.2080942392349243,1.1958003044128418,1.2080942392349243,1.197203278541565,-0.008859292995495816,1
2006-03-24,1.1968021392822266,1.1957002878189087,1.20480477809906,1.2034997940063477,0.005259353676723144,0
2006-03-27,1.2032970190048218,1.2006964683532717,1.205807089805603,1.20110023021698,-0.001993821520633321,0
2006-03-28,1.2015043497085571,1.1997023820877075,1.210404634475708,1.20110023021698,0.0,1
2006-03-29,1.200898289680481,1.1985952854156494,1.204993486404419,1.2030943632125854,0.0016602552771514123,1
2006-03-30,1.2029930353164673,1.2027037143707275,1.217492938041687,1.2167967557907104,0.011389291644203103,0
2006-03-31,1.2167967557907104,1.208956003189087,1.2175966501235962,1.2115044593811035,-0.004349367619876587,1
2006-04-03,1.212106466293335,1.2038040161132812,1.2149044275283811,1.2139016389846802,0.0019786799668910504,1
2006-04-04,1.2136952877044678,1.2126061916351318,1.227596402168274,1.2260010242462158,0.009967352273826391,1
2006-04-05,1.2261061668395996,1.2246947288513184,1.2306934595108032,1.2288031578063965,0.002285588270126926,0
2006-04-06,1.228606939315796,1.2201966047286987,1.2328935861587524,1.2214038372039795,-0.006021567047097998,0
2006-04-07,1.2214934825897217,1.208503007888794,1.2220009565353394,1.2094969749450684,-0.00974850569175234,1
2006-04-10,1.2110936641693115,1.2082985639572144,1.2129004001617432,1.2111963033676147,0.0014049877409767486,1
2006-04-11,1.2111963033676147,1.2095993757247925,1.2154065370559692,1.2148010730743408,0.002976206001209958,0
2006-04-12,1.2146978378295898,1.207802414894104,1.21690034866333,1.2114017009735107,-0.0027982952733381916,1
2006-04-13,1.2115044593811035,1.2079044580459597,1.213297724723816,1.2116072177886963,0.00016965207744079613,0
2006-04-14,1.2116072177886963,1.210097074508667,1.211798071861267,1.2111963033676147,-0.00033914821160563324,1
2006-04-17,1.2129004001617432,1.2129004001617432,1.2288031578063965,1.2254000902175903,0.01172707249063043,1
2006-04-18,1.2252049446105957,1.2227928638458252,1.236996054649353,1.2367054224014282,0.009225829403872954,1
2006-04-19,1.2367054224014282,1.2293015718460083,1.2394952774047852,1.2378076314926147,0.0008912462670749299,0
2006-04-20,1.2378995418548584,1.229800581932068,1.238006830215454,1.230905532836914,-0.005576067298419973,1
2006-04-21,1.230905532836914,1.22720468044281,1.235605239868164,1.234095573425293,0.002591620967879349,1
2006-04-24,1.2375012636184692,1.234202265739441,1.2414032220840454,1.2388964891433716,0.0038902300773622223,1
2006-04-25,1.2388043403625488,1.2368431091308594,1.2437965869903564,1.2428998947143557,0.003231428618990062,1
2006-04-26,1.2428998947143557,1.2390038967132568,1.247007131576538,1.2448959350585938,0.0016059542306878782,1
2006-04-27,1.245004415512085,1.2412954568862915,1.2545949220657349,1.2531956434249878,0.006666989691795688,1
2006-04-28,1.2531956434249878,1.25250506401062,1.2638070583343506,1.263599514961243,0.00830187336737076,0
2006-05-01,1.2624987363815308,1.2565971612930298,1.2687939405441284,1.258004069328308,-0.00442817963024178,1
2006-05-02,1.258004069328308,1.2562024593353271,1.266496181488037,1.261702299118042,0.0029397597987965707,1
2006-05-03,1.2614953517913818,1.25979483127594,1.266897201538086,1.2623074054718018,0.00047959518991347316,1
2006-05-04,1.2621959447860718,1.2577983140945437,1.2718924283981323,1.270099401473999,0.0061728196859345275,1
2006-05-05,1.2701960802078247,1.267748475074768,1.2763078212738037,1.272799015045166,0.002125513615732766,0
2006-05-08,1.2733014822006226,1.2696961164474487,1.2784944772720337,1.27029287815094,-0.0019689965694521527,1
2006-05-09,1.27029287815094,1.2667046785354614,1.2774981260299685,1.2766989469528198,0.005042985686265267,1
2006-05-10,1.2766989469528198,1.2753963470458984,1.2822978496551514,1.2774492502212524,0.0005876900503625215,1
2006-05-11,1.2776939868927002,1.269599437713623,1.2865046262741089,1.2851983308792114,0.006066057541320502,1
2006-05-12,1.2855949401855469,1.2846039533615112,1.2943978309631348,1.2929919958114624,0.006064172933464063,0
2006-05-15,1.2973029613494873,1.2782002687454224,1.2973029613494873,1.2790013551712036,-0.010820361367727127,1
2006-05-16,1.278592586517334,1.2777429819107056,1.286603927612305,1.285000205039978,0.004690260760491061,0
2006-05-17,1.2850992679595947,1.270793318748474,1.2917059659957886,1.2741937637329102,-0.008409680609141712,1
2006-05-18,1.2743074893951416,1.2732040882110596,1.287200093269348,1.2850992679595947,0.008558748706111619,0
2006-05-19,1.2848020792007446,1.2701960802078247,1.2860082387924194,1.2766989469528198,-0.006536709821734155,1
2006-05-22,1.276796817779541,1.27029287815094,1.288195013999939,1.2852975130081177,0.006734998940682635,0
2006-05-23,1.2848020792007446,1.277204513549805,1.287697434425354,1.2782983779907229,-0.005445536886641844,0
2006-05-24,1.2784944772720337,1.2735933065414429,1.2887927293777466,1.277400255203247,-0.0007025924486327995,1
2006-05-25,1.277302384376526,1.2750548124313354,1.2823965549468994,1.2810001373291016,0.002818131678924418,0
2006-05-26,1.2809016704559326,1.270793318748474,1.2825446128845217,1.2739015817642212,-0.005541416708729541,1
2006-05-29,1.2739989757537842,1.2737069129943848,1.2768945693969729,1.2751035690307615,0.0009435479818431514,1
2006-05-30,1.2752012014389038,1.2747948169708252,1.2905057668685913,1.2865046262741089,0.008941279375457745,0
2006-05-31,1.286603927612305,1.2809016704559326,1.2900062799453735,1.2816076278686523,-0.0038064366854543286,0
2006-06-01,1.2816076278686523,1.272799015045166,1.282199144363403,1.28109872341156,-0.00039708288716933104,1
2006-06-02,1.2811970710754397,1.2800490856170654,1.2937949895858765,1.2918059825897217,0.008357872022265678,0
2006-06-05,1.2925074100494385,1.2900062799453735,1.2976564168930054,1.290106177330017,-0.0013158363427741016,0
2006-06-06,1.2900062799453735,1.28109872341156,1.2931926250457764,1.282199144363403,-0.006128978455849476,0
2006-06-07,1.2821499109268188,1.2766989469528198,1.2836971282958984,1.2801966667175293,-0.00156175244280643,0
2006-06-08,1.2801966667175293,1.2632005214691162,1.2809016704559326,1.2648941278457642,-0.011953271922665931,0
2006-06-09,1.2648941278457642,1.2606048583984375,1.2681021690368652,1.2640947103500366,-0.0006320034840299193,0
2006-06-12,1.261543035507202,1.2571974992752075,1.2648941278457642,1.258605718612671,-0.004342231394865781,0
2006-06-13,1.2587007284164429,1.2533998489379885,1.261193037033081,1.2545949220657349,-0.0031866981753087,1
2006-06-14,1.2545949220657349,1.2541072368621826,1.2640947103500366,1.2609069347381592,0.005031116068947128,1
2006-06-15,1.2610021829605105,1.259303092956543,1.2648941278457642,1.2639987468719482,0.002452054191002695,1
2006-06-16,1.2639508247375488,1.2621959447860718,1.2672022581100464,1.2644941806793213,0.00039195751467246964,0
2006-06-19,1.2638070583343506,1.2556504011154177,1.2643983364105225,1.258004069328308,-0.005132575104083492,1
2006-06-20,1.258004069328308,1.2545005083084106,1.2616068124771118,1.2589067220687866,0.0007175276793505159,1
2006-06-21,1.259001851081848,1.259001851081848,1.2677966356277466,1.2660951614379885,0.0057100651249117895,0
2006-06-22,1.2660951614379885,1.2556977272033691,1.2678931951522827,1.258494853973389,-0.006002951196786399,0
2006-06-23,1.2583998441696167,1.2485953569412231,1.2587958574295044,1.2523951530456543,-0.0048468223040215586,1
2006-06-26,1.2509069442749023,1.2507035732269287,1.2599060535430908,1.2589067220687866,0.005199292737038341,0
2006-06-27,1.2591921091079712,1.2567076683044434,1.2618932723999023,1.256897211074829,-0.0015962350178377882,0
2006-06-28,1.2570078372955322,1.2522070407867432,1.258605718612671,1.2545949220657349,-0.0018317241766535597,1
2006-06-29,1.2545949220657349,1.2523010969161987,1.266993522644043,1.26639986038208,0.009409362423457024,1
2006-06-30,1.2663036584854126,1.2659990787506104,1.2794922590255735,1.2782983779907229,0.009395545578355424,1
2006-07-03,1.278903245925903,1.2765034437179563,1.2821005582809448,1.28009831905365,0.0014080758404435567,0
2006-07-04,1.28009831905365,1.2782002687454224,1.282199144363403,1.2790013551712036,-0.0008569372103052197,0
2006-07-05,1.2791976928710938,1.2711002826690674,1.283647537231445,1.2733986377716064,-0.004380540628002083,1
2006-07-06,1.2733501195907593,1.2722970247268677,1.2782983779907229,1.2775959968566897,0.0032961862535274555,1
2006-07-07,1.2776939868927002,1.2768945693969729,1.2853965759277344,1.2823965549468994,0.003757493058854866,0
2006-07-10,1.2809016704559326,1.2726045846939087,1.2813942432403564,1.2745022773742676,-0.006155878649376723,1
2006-07-11,1.2743074893951416,1.2710033655166626,1.27790629863739,1.2767478227615356,0.0017618998625050786,0
2006-07-12,1.2768945693969729,1.26824688911438,1.2777429819107056,1.2711971998214722,-0.004347470065042103,0
2006-07-13,1.271504282951355,1.2671059370040894,1.2729934453964231,1.2696961164474487,-0.0011808422597486823,0
2006-07-14,1.269792914390564,1.262993097305298,1.269792914390564,1.2643983364105225,-0.004172478728019735,0
2006-07-17,1.2639029026031494,1.251392126083374,1.2640947103500366,1.251799464225769,-0.009964322019372585,0
2006-07-18,1.2518935203552246,1.2485485076904297,1.2556977272033691,1.2502031326293943,-0.0012752294932176778,1
2006-07-19,1.2502031326293943,1.246603012084961,1.2607955932617188,1.2599060535430908,0.007761075508817106,1
2006-07-20,1.260001301765442,1.2591921091079712,1.265294313430786,1.263296127319336,0.0026907353661105304,1
2006-07-21,1.2635036706924438,1.2632005214691162,1.2706964015960691,1.270599603652954,0.005781286094113103,0
2006-07-24,1.2706964015960691,1.2613998651504517,1.2706964015960691,1.262403130531311,-0.006450870201815229,0
2006-07-25,1.2622437477111816,1.2567076683044434,1.266993522644043,1.2583998441696167,-0.0031711632083877284,1
2006-07-26,1.2583998441696167,1.256407618522644,1.2725075483322144,1.2712942361831665,0.010246657350834631,0
2006-07-27,1.2711971998214722,1.2686008214950562,1.2768945693969729,1.269599437713623,-0.0013331284145767786,1
2006-07-28,1.2695027589797974,1.2663036584854126,1.2769924402236938,1.2751035690307615,0.004335329044450997,1
2006-07-31,1.2765034437179563,1.27459979057312,1.2782002687454224,1.277400255203247,0.0018011761775800217,1
2006-08-01,1.277400255203247,1.2722970247268677,1.2831040620803833,1.2820019721984863,0.0036024080756951182,0
2006-08-02,1.2818540334701538,1.2782002687454224,1.283499240875244,1.2791976928710938,-0.0021874220073028194,1
2006-08-03,1.2791485786437988,1.2746973037719729,1.2831040620803833,1.2799016237258911,0.0005502909039942772,1
2006-08-04,1.2799999713897705,1.2780042886734009,1.2909055948257446,1.2878963947296145,0.0062463949224862425,0
2006-08-07,1.2883940935134888,1.28109872341156,1.28940749168396,1.2819033861160278,-0.0046533313068594095,0
2006-08-08,1.2819033861160278,1.2766989469528198,1.2884937524795532,1.2766989469528198,-0.004059930896178288,1
2006-08-09,1.277302384376526,1.277302384376526,1.2900062799453735,1.2874983549118042,0.008458852405854866,0
2006-08-10,1.2872498035430908,1.275298833847046,1.2910054922103882,1.2792959213256836,-0.006370830343066736,0
2006-08-11,1.2791976928710938,1.2721028327941897,1.28009831905365,1.2725075483322144,-0.005306335211664459,0
2006-08-14,1.2733986377716064,1.2712942361831665,1.2761938571929932,1.2722970247268677,-0.0001654399658552741,1
2006-08-15,1.2721998691558838,1.2711002826690674,1.2802950143814087,1.2790995836257937,0.0053466751605319995,1
2006-08-16,1.278903245925903,1.2774981260299685,1.2864052057266235,1.2843070030212402,0.00407116026156884,0
2006-08-17,1.2842081785202026,1.2814927101135254,1.288693070411682,1.283202886581421,-0.0008596982164092992,0
2006-08-18,1.2830052375793457,1.2784454822540283,1.2844555377960205,1.2828078269958496,-0.00030786993210696334,1
2006-08-21,1.2838947772979736,1.2835981845855713,1.2936946153640747,1.2872995138168335,0.003501449497313125,0
2006-08-22,1.287200093269348,1.278756022453308,1.288294553756714,1.2811970710754397,-0.004740499530913489,0
2006-08-23,1.2811970710754397,1.2780042886734009,1.2846535444259644,1.2781022787094116,-0.002415547487499503,0
2006-08-24,1.2783963680267334,1.2756078243255615,1.2838947772979736,1.2761938571929932,-0.0014931680728599295,0
2006-08-25,1.2761938571929932,1.2733014822006226,1.2782983779907229,1.2757054567337036,-0.00038270083854174963,1
2006-08-28,1.2760961055755615,1.2757054567337036,1.2819033861160278,1.2792466878890991,0.002775900296344558,1
2006-08-29,1.279344916343689,1.275298833847046,1.2838947772979736,1.2829065322875977,0.002860937169622657,1
2006-08-30,1.2829065322875977,1.2813942432403564,1.284901142120361,1.284092664718628,0.0009245665223289734,0
2006-08-31,1.2839442491531372,1.2790013551712036,1.2877968549728394,1.2809016704559326,-0.0024850186831294474,1
2006-09-01,1.2809016704559326,1.2759984731674194,1.284505009651184,1.2835981845855713,0.0021051687196869118,1
2006-09-04,1.2852975130081177,1.2843070030212402,1.287597894668579,1.2856941223144531,0.0016328612443141655,0
2006-09-05,1.2856941223144531,1.2799999713897705,1.2865046262741089,1.2823965549468994,-0.002564814842287322,0
2006-09-06,1.2822978496551514,1.277400255203247,1.283202886581421,1.2819033861160278,-0.0003845681189403871,0
2006-09-07,1.2821005582809448,1.2710517644882202,1.2830052375793457,1.2732040882110596,-0.006786235218026682,0
2006-09-08,1.273106813430786,1.2659990787506104,1.2739015817642212,1.2672985792160034,-0.004638305083793592,1
2006-09-11,1.2672985792160034,1.2654062509536743,1.2735933065414429,1.2710033655166626,0.0029233728826170147,0
2006-09-12,1.270793318748474,1.2678449153900146,1.273106813430786,1.2695027589797974,-0.0011806471781097283,1
2006-09-13,1.2690999507904053,1.2671059370040894,1.2712942361831665,1.2696961164474487,0.00015230960806000837,1
2006-09-14,1.2696961164474487,1.2678931951522827,1.2751524448394775,1.2722970247268677,0.0020484494248089735,0
2006-09-15,1.2722970247268677,1.2636473178863523,1.2737069129943848,1.2651021480560305,-0.005655029078120877,1
2006-09-18,1.264302372932434,1.2635036706924438,1.2711002826690674,1.2706964015960691,0.004421977741982941,0
2006-09-19,1.2709063291549685,1.265294313430786,1.272701859474182,1.2677003145217896,-0.002357830769423974,1
2006-09-20,1.2678931951522827,1.266800880432129,1.2721028327941897,1.2687939405441284,0.0008626849814670212,1
2006-09-21,1.2686975002288818,1.2685526609420776,1.2799999713897705,1.2781022787094116,0.007336367134044952,1
2006-09-22,1.2782002687454224,1.2776939868927002,1.2830052375793457,1.2799999713897705,0.0014847737242711379,0
2006-09-25,1.2792959213256836,1.2735933065414429,1.2820019721984863,1.2745022773742676,-0.004295073545614092,0
2006-09-26,1.2748922109603882,1.2667046785354614,1.2761938571929932,1.2686975002288818,-0.004554544349143708,1
2006-09-27,1.2687939405441284,1.2675074338912964,1.2714072465896606,1.270599603652954,0.0014992568549470064,0
2006-09-28,1.2706964015960691,1.2684078216552734,1.2733014822006226,1.2703574895858765,-0.0001905510330567628,0
2006-09-29,1.2706480026245115,1.2643983364105225,1.271504282951355,1.2662074565887451,-0.00326682294641667,1
2006-10-02,1.268005609512329,1.266496181488037,1.2759007215499878,1.2741937637329102,0.006307265924401229,0
2006-10-03,1.2741937637329102,1.2721998691558838,1.2766011953353882,1.2734960317611694,-0.0005475870245170711,0
2006-10-04,1.2735933065414429,1.2672022581100464,1.2739015817642212,1.2712942361831665,-0.0017289379182108267,0
2006-10-05,1.271504282951355,1.2676520347595217,1.2725075483322144,1.269551157951355,-0.0013711052738230034,0
2006-10-06,1.269599437713623,1.257703423500061,1.2696961164474487,1.260398268699646,-0.007209547401365701,0
2006-10-09,1.2590969800949097,1.2587958574295044,1.2613998651504517,1.260096549987793,-0.0002393836292431395,0
2006-10-10,1.260096549987793,1.2523951530456543,1.2612568140029907,1.2531956434249878,-0.005476490323596206,0
2006-10-11,1.2531956434249878,1.2505940198898315,1.2556977272033691,1.2523951530456543,-0.000638759305885972,1
2006-10-12,1.25250506401062,1.2518935203552246,1.2567076683044434,1.2559974193572998,0.002876301703088835,0
2006-10-13,1.2561078071594238,1.2487980127334597,1.2578933238983154,1.250500202178955,-0.004376774262130012,1
2006-10-16,1.250500202178955,1.2492036819458008,1.2542959451675415,1.2541072368621826,0.0028844734906419145,1
2006-10-17,1.2539970874786377,1.252003192901611,1.2565971612930298,1.2545005083084106,0.00031358677684689695,0
2006-10-18,1.2544060945510864,1.2503437995910645,1.2559974193572998,1.2539026737213137,-0.00047655188908857227,1
2006-10-19,1.2539970874786377,1.2534940242767334,1.2639987468719482,1.2627060413360596,0.007020774258834184,0
2006-10-20,1.2628973722457886,1.2602077722549438,1.2640947103500366,1.2616068124771118,-0.0008705342518078307,0
2006-10-23,1.261193037033081,1.2539499998092651,1.2623074054718018,1.255098819732666,-0.005158495245969452,1
2006-10-24,1.2551933526992798,1.252803087234497,1.2577983140945437,1.2559027671813965,0.0006405451396263029,1
2006-10-25,1.2557923793792725,1.2556977272033691,1.262004852294922,1.2616068124771118,0.004541788938419833,1
2006-10-26,1.2613998651504517,1.2613521814346311,1.2700024843215942,1.2694060802459717,0.006182011456918435,1
2006-10-27,1.269244909286499,1.2666566371917725,1.2756078243255615,1.2743074893951416,0.003861182977964228,0
2006-10-30,1.273106813430786,1.27029287815094,1.2734960317611694,1.271795392036438,-0.0019713431645104196,1
2006-10-31,1.2718924283981323,1.2684078216552734,1.2782983779907229,1.2766989469528198,0.0038556161998120064,0
2006-11-01,1.2765034437179563,1.2746485471725464,1.279394030570984,1.2754452228546145,-0.0009820044899369051,1
2006-11-02,1.2754939794540403,1.2740962505340576,1.2784944772720337,1.2780042886734009,0.0020064098190424318,0
2006-11-03,1.27790629863739,1.2690032720565796,1.2782002687454224,1.2706964015960691,-0.005718202311290721,1
2006-11-06,1.2718924283981323,1.269357681274414,1.2733986377716064,1.2725560665130615,0.0014635005770509135,1
2006-11-07,1.272799015045166,1.2725075483322144,1.2818048000335691,1.27790629863739,0.004204319373517729,0
2006-11-08,1.27790629863739,1.275298833847046,1.2806065082550049,1.2759984731674194,-0.0014929306413191679,1
2006-11-09,1.2759497165679932,1.275298833847046,1.2846039533615112,1.283252239227295,0.005684776441674977,1
2006-11-10,1.2836971282958984,1.283351182937622,1.28940749168396,1.2853965759277344,0.0016710173065668243,0
2006-11-13,1.284703016281128,1.2798525094985962,1.2878963947296145,1.2825939655303955,-0.002180346867126315,0
2006-11-14,1.2819033861160278,1.2799999713897705,1.2870012521743774,1.2813942432403564,-0.0009353874431671239,1
2006-11-15,1.2813942432403564,1.2782002687454224,1.283400535583496,1.282495141029358,0.0008591405766094073,0
2006-11-16,1.2823965549468994,1.278903245925903,1.283499240875244,1.279394030570984,-0.0024180290117004066,1
2006-11-17,1.2791976928710938,1.2765034437179563,1.285000205039978,1.285000205039978,0.004381898254200767,0
2006-11-20,1.2821005582809448,1.2808033227920532,1.2850992679595947,1.2818048000335691,-0.0024866961062542936,1
2006-11-21,1.2816076278686523,1.2801474332809448,1.2852975130081177,1.2846039533615112,0.002183759436591881,1
2006-11-22,1.284406065940857,1.284406065940857,1.2956053018569946,1.2938953638076782,0.0072328988415872875,1
2006-11-23,1.284406065940857,1.284406065940857,1.2976058721542358,1.295202612876892,0.0010103205450608943,1
2006-11-24,1.295202612876892,1.2950012683868408,1.3104957342147827,1.3085066080093384,0.01027174821929644,1
2006-11-27,1.315806865692139,1.3101009130477903,1.315806865692139,1.3133012056350708,0.003664175325049701,1
2006-11-28,1.313404560089111,1.3121981620788574,1.3210039138793943,1.320393443107605,0.0054003129229631686,0
2006-11-29,1.320201754570007,1.3139914274215698,1.3214054107666016,1.3148033618927002,-0.00423364811760063,1
2006-11-30,1.3148033618927002,1.314699649810791,1.3270519971847534,1.325100064277649,0.007831362988094615,1
2006-12-01,1.325996160507202,1.3223490715026855,1.33470356464386,1.334098219871521,0.006790548001955887,0
2006-12-04,1.3355414867401123,1.328691840171814,1.3355414867401123,1.3336000442504885,-0.00037341749926067536,0
2006-12-05,1.3336000442504885,1.329451322555542,1.3357020616531372,1.331894874572754,-0.0012786214915678773,0
2006-12-06,1.331806182861328,1.326207160949707,1.334098219871521,1.3286564350128174,-0.002431452828418834,0
2006-12-07,1.3286035060882568,1.3280036449432373,1.33249831199646,1.3286035060882568,-3.9836426607986475e-05,1
2006-12-08,1.3286035060882568,1.3199926614761353,1.3430029153823853,1.3394052982330322,0.00813018488606776,0
2006-12-11,1.3183915615081787,1.313508152961731,1.326207160949707,1.325100064277649,-0.010680287717433234,1
2006-12-12,1.325100064277649,1.3225939273834229,1.3289036750793457,1.3284975290298462,0.0025639307126963384,0
2006-12-13,1.3284975290298462,1.3198009729385376,1.328797698020935,1.3218071460723877,-0.005036052240416478,0
2006-12-14,1.3218071460723877,1.3143022060394287,1.3249069452285769,1.3156510591506958,-0.004657326100849124,0
2006-12-15,1.3153048753738403,1.3064039945602417,1.3180439472198486,1.3098949193954468,-0.004375126455615663,1
2006-12-18,1.308455228805542,1.3056023120880127,1.3118022680282593,1.3105987310409546,0.0005373038975009514,1
2006-12-19,1.3104957342147827,1.3085579872131348,1.3214927911758425,1.3207073211669922,0.007712955832033241,0
2006-12-20,1.3207945823669434,1.3164995908737185,1.3245033025741575,1.318704605102539,-0.0015163965795870205,0
2006-12-21,1.318704605102539,1.314405918121338,1.321300745010376,1.3183915615081787,-0.00023738720040034078,0
2006-12-22,1.3183915615081787,1.3114066123962402,1.3211959600448608,1.3136979341506958,-0.0035601163527727575,0
2006-12-25,1.3136979341506958,1.310701847076416,1.316603660583496,1.3135944604873655,-7.87651869127437e-05,0
2006-12-26,1.3135944604873655,1.3093974590301514,1.3143022060394287,1.310994029045105,-0.0019796303352982436,1
2006-12-27,1.3114066123962402,1.3104957342147827,1.3176966905593872,1.312508225440979,0.0011549986974210835,1
2006-12-28,1.312508225440979,1.3109080791473389,1.3199055194854736,1.3148033618927002,0.001748664432903002,1
2006-12-29,1.3148033618927002,1.3139914274215698,1.3207945823669434,1.3198009729385376,0.0038010330599118625,1
2007-01-01,1.3198009729385376,1.3175925016403198,1.321999430656433,1.3218945264816284,0.0015862645853559343,1
2007-01-02,1.3218945264816284,1.321754813194275,1.3293983936309814,1.3275980949401855,0.004314692544902021,0
2007-01-03,1.3275980949401855,1.3155471086502075,1.329097867012024,1.3171066045761108,-0.007902610288505585,0
2007-01-04,1.3171066045761108,1.3080958127975464,1.318096160888672,1.3092947006225586,-0.0059311098482164315,0
2007-01-05,1.3090033531188965,1.2983977794647217,1.3103927373886108,1.2984988689422607,-0.008245532251191845,1
2007-01-08,1.3007960319519043,1.2986000776290894,1.3040019273757937,1.3040019273757937,0.004238015577183951,0
2007-01-09,1.3036959171295166,1.299156904220581,1.3049037456512451,1.2996971607208252,-0.003301196543191831,0
2007-01-10,1.299595832824707,1.2934937477111816,1.3002040386199951,1.2939958572387695,-0.004386639945334392,0
2007-01-11,1.2938953638076782,1.288593292236328,1.300593018531799,1.289507269859314,-0.0034687803321361566,1
2007-01-12,1.289607048034668,1.2871006727218628,1.294196844100952,1.292808175086975,0.0025598190136775223,1
2007-01-15,1.2928917407989502,1.291906237602234,1.295706033706665,1.2935941219329834,0.0006079377135401742,0
2007-01-16,1.2936946153640747,1.291305661201477,1.2988024950027466,1.2920063734054563,-0.0012273931216961742,1
2007-01-17,1.2920063734054563,1.2903059720993042,1.2950012683868408,1.2939958572387695,0.0015398405722020225,1
2007-01-18,1.2939958572387695,1.290355920791626,1.297706961631775,1.2960922718048096,0.0016201091791079314,1
2007-01-19,1.2961931228637695,1.291906237602234,1.3003056049346924,1.2968990802764893,0.000622493081110731,0
2007-01-22,1.29629385471344,1.2928917407989502,1.297808051109314,1.2950012683868408,-0.0014633458520487697,1
2007-01-23,1.2950012683868408,1.2935941219329834,1.3043931722640991,1.3023037910461426,0.005639008113403898,0
2007-01-24,1.302405595779419,1.295202612876892,1.303797960281372,1.29629385471344,-0.00461484975627291,0
2007-01-25,1.2964956760406494,1.291906237602234,1.3000012636184692,1.2939958572387695,-0.0017727442480072186,0
2007-01-26,1.2935941219329834,1.2887927293777466,1.294196844100952,1.2928917407989502,-0.0008532611859943806,1
2007-01-29,1.292306900024414,1.2900062799453735,1.2963947057724,1.29629385471344,0.0026313989076822697,1
2007-01-30,1.29629385471344,1.2948001623153689,1.298094391822815,1.2965964078903198,0.0002333986046294534,1
2007-01-31,1.2965964078903198,1.2928917407989502,1.3036959171295166,1.3023037910461426,0.004401819348789582,0
2007-02-01,1.302405595779419,1.3006945848464966,1.304103970527649,1.3018969297409058,-0.00031241658669367567,0
2007-02-02,1.3018969297409058,1.295303225517273,1.304955005645752,1.2963947057724,-0.0042263130381611225,0
2007-02-05,1.29629385471344,1.2916558980941772,1.2966973781585691,1.2931926250457764,-0.002469989049142085,1
2007-02-06,1.29339337348938,1.291605830192566,1.299106240272522,1.2983977794647217,0.004025041836873244,1
2007-02-07,1.2986000776290894,1.2974039316177368,1.302592158317566,1.3023037910461426,0.003008331994399427,1
2007-02-08,1.3022528886795044,1.2978922128677368,1.304495334625244,1.3040019273757937,0.0013039479277618948,0
2007-02-09,1.3040019273757937,1.298701286315918,1.304495334625244,1.3006945848464966,-0.00253630187184839,0
2007-02-12,1.301998496055603,1.2943978309631348,1.3036959171295166,1.29629385471344,-0.003383369304621242,1
2007-02-13,1.29629385471344,1.295706033706665,1.304206132888794,1.3032032251358032,0.0053300957936661675,1
2007-02-14,1.3032032251358032,1.3027958869934082,1.3148033618927002,1.3139914274215698,0.00827821945011098,0
2007-02-15,1.313905119895935,1.312301516532898,1.3168984651565552,1.313508152961731,-0.0003677911817029367,1
2007-02-16,1.3133012056350708,1.3103067874908447,1.314699649810791,1.3138015270233154,0.00022335153453223455,1
2007-02-19,1.3149070739746094,1.312508225440979,1.3162916898727417,1.3152011632919312,0.0010653331114531817,0
2007-02-20,1.3153914213180542,1.3133012056350708,1.318791389465332,1.3148033618927002,-0.00030246430001268365,0
2007-02-21,1.3145960569381714,1.311595797538757,1.3164995908737185,1.313905119895935,-0.0006831759202927667,0
2007-02-22,1.3139914274215698,1.3085066080093384,1.314198613166809,1.312508225440979,-0.001063162350007918,1
2007-02-23,1.312508225440979,1.3108049631118774,1.3186001777648926,1.3168984651565552,0.003344923582556003,1
2007-02-26,1.3182003498077393,1.315495252609253,1.3199926614761353,1.319400429725647,0.0018998917800350235,1
2007-02-27,1.319591999053955,1.3163957595825195,1.326207160949707,1.3232064247131348,0.0028846397967894344,0
2007-02-28,1.3229963779449463,1.3183915615081787,1.3238019943237305,1.322891354560852,-0.00023811111131133433,0
2007-03-01,1.3229438066482544,1.3162050247192385,1.324099898338318,1.317002534866333,-0.004451476437741131,0
2007-03-02,1.3171586990356443,1.314699649810791,1.3203063011169434,1.3164995908737185,-0.0003818853641505138,0
2007-03-05,1.3186001777648926,1.3077536821365356,1.319400429725647,1.3086949586868286,-0.005928321012018123,1
2007-03-06,1.3085922002792358,1.3085066080093384,1.314198613166809,1.3138015270233154,0.003902031029148878,1
2007-03-07,1.313905119895935,1.3114066123962402,1.3186001777648926,1.3178529739379885,0.00308375871951716,0
2007-03-08,1.317800760269165,1.3119055032730105,1.3183046579360962,1.314198613166809,-0.00277296545475747,0
2007-03-09,1.3138015270233154,1.3090033531188965,1.3162050247192385,1.311595797538757,-0.001980534450405469,1
2007-03-12,1.312594294548035,1.311251878738403,1.3199055194854736,1.318791389465332,0.005486135240809542,1
2007-03-13,1.3186001777648926,1.3162050247192385,1.3221042156219482,1.319000244140625,0.00015836824304527042,1
2007-03-14,1.319191575050354,1.3183046579360962,1.3242928981781006,1.323504090309143,0.003414590852826249,1
2007-03-15,1.3233989477157593,1.3198009729385376,1.328303575515747,1.328303575515747,0.003626347090081916,1
2007-03-16,1.3283917903900146,1.3275980949401855,1.334098219871521,1.331806182861328,0.002636902745835723,0
2007-03-19,1.3320013284683228,1.3284975290298462,1.3323917388916016,1.3312920331954956,-0.00038605442176853355,1
2007-03-20,1.3312033414840698,1.3277919292449951,1.33249831199646,1.33159339427948,0.0002263673758049478,1
2007-03-21,1.331398367881775,1.329097867012024,1.3410038948059082,1.3399077653884888,0.006243926370262276,0
2007-03-22,1.3399975299835205,1.3315047025680542,1.3399975299835205,1.3334044218063354,-0.004853575559559342,0
2007-03-23,1.3334933519363403,1.3283917903900146,1.3342050313949585,1.3296988010406494,-0.0027790674045209407,1
2007-03-26,1.3269991874694824,1.3257851600646973,1.3345967531204224,1.333191156387329,0.002626425882272354,1
2007-03-27,1.3332977294921875,1.33249831199646,1.336594581604004,1.3365052938461304,0.0024858681689592377,0
2007-03-28,1.3362016677856443,1.3312033414840698,1.337095022201538,1.3315047025680542,-0.003741542439899881,1
2007-03-29,1.331398367881775,1.3304064273834229,1.3352025747299194,1.3334933519363403,0.001493535369759158,1
2007-03-30,1.3337956666946411,1.3290449380874634,1.3396564722061155,1.3358982801437378,0.001803479712819911,1
2007-04-02,1.3357912302017212,1.3336000442504885,1.3380074501037598,1.337005615234375,0.0008289067417004414,0
2007-04-03,1.337095022201538,1.3323917388916016,1.3382043838500977,1.33249831199646,-0.003371192451667393,1
2007-04-04,1.33249831199646,1.332196593284607,1.3377926349639893,1.3373990058898926,0.0036778237160315363,1
2007-04-05,1.3372023105621338,1.335594892501831,1.3441040515899658,1.3432012796401978,0.004338476195026253,0
2007-04-06,1.3432012796401978,1.3367018699645996,1.3432012796401978,1.3401951789855957,-0.0022380120538653125,0
2007-04-09,1.3373990058898926,1.3344007730484009,1.3380074501037598,1.335505723953247,-0.003499083645337464,1
2007-04-10,1.335594892501831,1.3352025747299194,1.3452974557876587,1.3432012796401978,0.0057622783256749965,1
2007-04-11,1.3430029153823853,1.3413995504379272,1.3441040515899658,1.3439956903457642,0.0005914308730998741,1
2007-04-12,1.3439956903457642,1.3435983657836914,1.34969162940979,1.3491089344024658,0.0038045092654919177,1
2007-04-13,1.34929096698761,1.348508596420288,1.3549033403396606,1.352100491523743,0.0022174318507512947,1
2007-04-16,1.3577916622161863,1.3529053926467896,1.3577916622161863,1.3529053926467896,0.0005952968200904074,1
2007-04-17,1.3531067371368408,1.3529053926467896,1.359194278717041,1.3572019338607788,0.003175788371708288,1
2007-04-18,1.3572019338607788,1.3565024137496948,1.3616001605987549,1.361396312713623,0.003090460415800189,1
2007-04-19,1.3616001605987549,1.356704831123352,1.3629920482635498,1.362434983253479,0.0007629450220749678,0
2007-04-20,1.3625091314315796,1.35869562625885,1.363754153251648,1.3588987588882446,-0.0025955178843029003,0
2007-04-23,1.360507249832153,1.3547931909561155,1.3605997562408447,1.3584003448486328,-0.00036677790479366923,1
2007-04-24,1.3583080768585205,1.355197191238403,1.364498496055603,1.3636053800582886,0.0038317387281257,1
2007-04-25,1.3635495901107788,1.3626019954681396,1.3663069009780884,1.363902926445007,0.0002182056415074296,0
2007-04-26,1.363754153251648,1.3588987588882446,1.365392804145813,1.3588987588882446,-0.0036690056599597565,1
2007-04-27,1.358991026878357,1.3588987588882446,1.36759614944458,1.3655046224594116,0.004861188906060576,0
2007-04-30,1.3641074895858765,1.359194278717041,1.36759614944458,1.3652063608169556,-0.00021842594858367814,0
2007-05-01,1.365392804145813,1.359397530555725,1.3672035932540894,1.3601001501083374,-0.0037402482548957172,0
2007-05-02,1.360007643699646,1.3562631607055664,1.3610997200012207,1.3588064908981323,-0.0009511499650243227,0
2007-05-03,1.3588064908981323,1.3549952507019043,1.3620080947875977,1.3556013107299805,-0.0023588201775760487,1
2007-05-04,1.3556013107299805,1.353692889213562,1.3608959913253784,1.3588987588882446,0.0024324616184447923,1
2007-05-07,1.3598041534423828,1.359194278717041,1.3626948595046997,1.360007643699646,0.0008160172375966113,0
2007-05-08,1.360007643699646,1.352100491523743,1.3623050451278689,1.3540961742401123,-0.004346644290507573,0
2007-05-09,1.3542062044143677,1.3523015975952148,1.3565024137496948,1.3527040481567385,-0.0010280850872022018,0
2007-05-10,1.3527040481567385,1.347091555595398,1.3562999963760376,1.348308563232422,-0.003249406202565863,1
2007-05-11,1.3483994007110596,1.3467469215393066,1.3531982898712158,1.352100491523743,0.002812359421815236,1
2007-05-14,1.3534914255142212,1.3527954816818235,1.3558034896850586,1.354297757148743,0.0016250756794886634,1
2007-05-15,1.354297757148743,1.3529419898986816,1.360692262649536,1.3596007823944092,0.003915701120875248,0
2007-05-16,1.359508395195007,1.3508949279785156,1.3610997200012207,1.3523930311203003,-0.005301373290926836,0
2007-05-17,1.3523015975952148,1.348199486732483,1.3544079065322876,1.34969162940979,-0.001997497508747448,1
2007-05-18,1.3496005535125732,1.347091555595398,1.3523015975952148,1.3512965440750122,0.0011890972947086187,0
2007-05-21,1.3525028228759766,1.3441040515899658,1.352594256401062,1.3466018438339231,-0.0034742190836450915,0
2007-05-22,1.34689199924469,1.344194412231445,1.3475998640060425,1.3452069759368896,-0.0010358428539367637,1
2007-05-23,1.3452069759368896,1.341795563697815,1.350001335144043,1.3458044528961182,0.0004441524389304785,0
2007-05-24,1.3460036516189575,1.3421918153762815,1.346203088760376,1.3430029153823853,-0.002081682452234501,1
2007-05-25,1.3430029153823853,1.3415075540542605,1.3472005128860474,1.3450080156326294,0.0014929976899367148,1
2007-05-28,1.3450984954833984,1.3448090553283691,1.3460036516189575,1.3452069759368896,0.00014792499520277502,0
2007-05-29,1.3450984954833984,1.3422999382019043,1.351807951927185,1.3445920944213867,-0.00045709063846821607,0
2007-05-30,1.344700574874878,1.3413995504379272,1.3458044528961182,1.3432012796401978,-0.001034376735486786,1
2007-05-31,1.3432012796401978,1.3426964282989502,1.3472005128860474,1.3456052541732788,0.0017897351420965713,0
2007-06-01,1.3456052541732788,1.33969247341156,1.3458044528961182,1.344194412231445,-0.0010484812967682666,1
2007-06-04,1.344194412231445,1.3437970876693726,1.349800944328308,1.349199891090393,0.0037237759757076105,1
2007-06-05,1.3491089344024658,1.3489997386932373,1.3549952507019043,1.3520090579986572,0.002082098380540076,0
2007-06-06,1.3520090579986572,1.34890878200531,1.3538944721221924,1.34929096698761,-0.0020104088763064354,0
2007-06-07,1.34969162940979,1.3426063060760498,1.3514060974121094,1.3428045511245728,-0.004807277319523351,0
2007-06-08,1.3428045511245728,1.3329956531524658,1.3430029153823853,1.3360053300857544,-0.005063448014920868,0
2007-06-11,1.3362016677856443,1.3337067365646362,1.3363981246948242,1.335594892501831,-0.0003072125347710619,0
2007-06-12,1.33539879322052,1.330300211906433,1.337005615234375,1.3306012153625488,-0.003738916019608407,1
2007-06-13,1.3306012153625488,1.3265942335128784,1.33159339427948,1.3310085535049438,0.0003061308960883302,1
2007-06-14,1.3310085535049438,1.329097867012024,1.332196593284607,1.33159339427948,0.0004393967063518467,1
2007-06-15,1.331398367881775,1.3309022188186646,1.3394949436187744,1.3379000425338743,0.0047361666718142015,1
2007-06-18,1.338401436805725,1.3382043838500977,1.3419036865234375,1.341597557067871,0.0027636702417572767,1
2007-06-19,1.341597557067871,1.3387060165405271,1.343706727027893,1.3424079418182373,0.0006040445930277638,0
2007-06-20,1.3422999382019043,1.3396027088165283,1.3439054489135742,1.3396027088165283,-0.0020897023284214278,0
2007-06-21,1.3394052982330322,1.3375064134597778,1.3406083583831787,1.3394052982330322,-0.0001473650226271328,1
2007-06-22,1.3394052982330322,1.338401436805725,1.3472912311553955,1.347091555595398,0.005738559771643059,0
2007-06-25,1.3466018438339231,1.3443028926849363,1.347400188446045,1.3468012809753418,-0.0002154824732220062,0
2007-06-26,1.3466018438339231,1.3437970876693726,1.3477997779846191,1.3448994159698486,-0.001412134835597878,1
2007-06-27,1.3448994159698486,1.3421016931533811,1.345695734024048,1.345496654510498,0.00044407673433233263,0
2007-06-28,1.345496654510498,1.3428045511245728,1.3475998640060425,1.344700574874878,-0.0005916622928429094,1
2007-06-29,1.344700574874878,1.3433998823165894,1.3551052808761597,1.3536012172698977,0.006619051528142572,1
2007-07-02,1.354297757148743,1.3531067371368408,1.3639960289001465,1.363493800163269,0.00730834367401334,0
2007-07-03,1.3631964921951294,1.358991026878357,1.3634008169174194,1.3611923456192017,-0.0016879097974569213,1
2007-07-04,1.3611923456192017,1.3608033657073977,1.3631035089492798,1.3615074157714844,0.00023146629739478897,0
2007-07-05,1.3616001605987549,1.3584003448486328,1.3655046224594116,1.3598966598510742,-0.0011830680477765698,1
2007-07-06,1.3598041534423828,1.3574045896530151,1.3639960289001465,1.3629920482635498,0.002276193849034547,0
2007-07-09,1.36280620098114,1.3613035678863523,1.363902926445007,1.3623977899551392,-0.000435995433111791,1
2007-07-10,1.3623977899551392,1.3601926565170288,1.3779988288879397,1.376007914543152,0.009989831669105387,0
2007-07-11,1.3761025667190552,1.3733056783676147,1.3780938386917114,1.3754022121429443,-0.00044018816592983345,1
2007-07-12,1.3754022121429443,1.3744003772735596,1.379805088043213,1.378796935081482,0.002468167426638468,0
2007-07-13,1.3786067962646484,1.376595139503479,1.38089120388031,1.3784927129745483,-0.00022064315577807747,0
2007-07-16,1.3773914575576782,1.3767088651657104,1.380395531654358,1.377695083618164,-0.0005786242820704501,1
2007-07-17,1.377808928489685,1.376500368118286,1.379805088043213,1.379006028175354,0.0009515491292508838,1
2007-07-18,1.379196286201477,1.376500368118286,1.3832980394363403,1.3807005882263184,0.0012288271525588979,0
2007-07-19,1.38089120388031,1.379006028175354,1.382991909980774,1.379805088043213,-0.0006485839078665956,1
2007-07-20,1.379995584487915,1.3783977031707764,1.3844088315963743,1.3833937644958496,0.0026008575296139202,0
2007-07-23,1.3836042881011963,1.379805088043213,1.3846004009246826,1.3804908990859983,-0.002098365255324919,1
2007-07-24,1.3803004026412964,1.380205154418945,1.384907364845276,1.3824948072433472,0.0014515909946783978,0
2007-07-25,1.3827050924301147,1.3701069355010986,1.3827050924301147,1.3726081848144531,-0.0071512908237302275,1
2007-07-26,1.372495174407959,1.3696941137313845,1.3767088651657104,1.375005125999451,0.0017462675886066314,0
2007-07-27,1.374797224998474,1.3629920482635498,1.3754022121429443,1.3636053800582886,-0.00829069341314359,1
2007-07-30,1.3631035089492798,1.3626019954681396,1.3717986345291138,1.3711966276168823,0.005567041366666636,0
2007-07-31,1.3711966276168823,1.3672035932540894,1.3727024793624878,1.3672035932540894,-0.002912080063770861,1
2007-08-01,1.3669979572296145,1.3645915985107422,1.3710086345672607,1.367708444595337,0.00036925834874823593,1
2007-08-02,1.36759614944458,1.3652995824813845,1.3708019256591797,1.3707079887390137,0.0021931166364657084,1
2007-08-03,1.3705952167510986,1.3689066171646118,1.3815971612930298,1.3787018060684204,0.005831889355777831,1
2007-08-06,1.3818072080612185,1.3783977031707764,1.3838915824890137,1.3796910047531128,0.0007174855943021807,0
2007-08-07,1.379805088043213,1.3737962245941162,1.3815971612930298,1.374098300933838,-0.0040535915650734555,1
2007-08-08,1.374192714691162,1.3727024793624878,1.3824948072433472,1.3803004026412964,0.00451357934380936,0
2007-08-09,1.3803004026412964,1.366400122642517,1.3815971612930298,1.367409110069275,-0.009339483309106611,1
2007-08-10,1.3672970533370972,1.3647964000701904,1.3705013990402222,1.3689066171646118,0.0010951419617653002,0
2007-08-13,1.3690941333770752,1.3605997562408447,1.3711025714874268,1.3613035678863523,-0.0055541036787502,0
2007-08-14,1.3613035678863523,1.3531982898712158,1.3626019954681396,1.3534914255142212,-0.005738721734389274,0
2007-08-15,1.3533997535705566,1.3421918153762815,1.3534914255142212,1.3428045511245728,-0.007895782853288624,0
2007-08-16,1.3426964282989502,1.3382940292358398,1.344700574874878,1.3424980640411377,-0.0002282440010933362,1
2007-08-17,1.3426964282989502,1.3385984897613523,1.3534914255142212,1.349400281906128,0.005141324259502866,0
2007-08-20,1.3487086296081543,1.3464930057525637,1.3508037328720093,1.347490906715393,-0.0014149805779184454,0
2007-08-21,1.347400188446045,1.345496654510498,1.3520090579986572,1.345496654510498,-0.0014799745177918044,1
2007-08-22,1.3456052541732788,1.345406174659729,1.3558034896850586,1.3549952507019043,0.007059546495016722,1
2007-08-23,1.3549033403396606,1.3540045022964478,1.3588064908981323,1.355693221092224,0.0005151091045949574,1
2007-08-24,1.3558034896850586,1.3556013107299805,1.3687005043029783,1.366698980331421,0.008118178263316844,0
2007-08-27,1.36759614944458,1.3636983633041382,1.3687005043029783,1.3637913465499878,-0.002127486610641993,0
2007-08-28,1.3637913465499878,1.3598966598510742,1.367895483970642,1.3598966598510742,-0.00285577900810563,1
2007-08-29,1.3601001501083374,1.3565024137496948,1.3681949377059937,1.367409110069275,0.005524280219221467,0
2007-08-30,1.3669044971466064,1.3596007823944092,1.367708444595337,1.3642005920410156,-0.0023464214218206214,0
2007-08-31,1.3645915985107422,1.3623050451278689,1.372005581855774,1.3642005920410156,0.0,0
2007-09-03,1.3634008169174194,1.3608033657073977,1.3655046224594116,1.361396312713623,-0.0020556209576166884,1
2007-09-04,1.361396312713623,1.3556013107299805,1.36280620098114,1.3620080947875977,0.0004493783832535403,1
2007-09-05,1.3618041276931765,1.3572019338607788,1.3672035932540894,1.365392804145813,0.0024850875491626567,1
2007-09-06,1.365392804145813,1.3637913465499878,1.3710086345672607,1.3696004152297974,0.0030816121713901357,1
2007-09-07,1.369506597518921,1.3666056394577026,1.379196286201477,1.3775053024291992,0.0057716740674873535,1
2007-09-11,1.38089120388031,1.3779988288879397,1.384696364402771,1.384006381034851,0.0047194581350702425,1
2007-09-12,1.3837957382202148,1.3827050924301147,1.3914011716842651,1.390801191329956,0.0049095223751962624,0
2007-09-13,1.3907045125961304,1.3865971565246582,1.3924086093902588,1.386693239212036,-0.0029536587569297668,1
2007-09-14,1.3870010375976562,1.384696364402771,1.3896995782852173,1.3878093957901,0.0008049051848686428,0
2007-09-17,1.3868086338043213,1.3855020999908447,1.3889081478118896,1.3865010738372805,-0.0009427245245553495,1
2007-09-18,1.386693239212036,1.3833937644958496,1.3989927768707275,1.3979953527450562,0.00829013343348084,0
2007-09-19,1.3979953527450562,1.3940001726150513,1.3987970352172852,1.3969016075134275,-0.0007823668580020371,1
2007-09-20,1.3969016075134275,1.3969016075134275,1.4098008871078491,1.4078954458236694,0.007870159394985254,1
2007-09-21,1.4076972007751465,1.4047904014587402,1.411791205406189,1.4092049598693848,0.0009301216575419158,0
2007-09-24,1.409105658531189,1.4072020053863523,1.4129084348678589,1.407400131225586,-0.0012807424719581961,1
2007-09-25,1.4074991941452026,1.4066082239151,1.4152077436447144,1.4152077436447144,0.005547542767620373,0
2007-09-26,1.4150075912475586,1.4113928079605105,1.4162099361419678,1.4133076667785645,-0.0013426133899299142,1
2007-09-27,1.413207769393921,1.412608981132507,1.4185000658035278,1.4152077436447144,0.0013444184241078183,1
2007-09-28,1.4152077436447144,1.4152077436447144,1.4275925159454346,1.4264928102493286,0.007974141362137255,0
2007-10-01,1.4271035194396973,1.4215044975280762,1.4275925159454346,1.4236091375350952,-0.002021512266668468,0
2007-10-02,1.4236091375350952,1.4143071174621582,1.423892855644226,1.4152077436447144,-0.0059014751091914786,0
2007-10-03,1.4153079986572266,1.4087086915969849,1.4199906587600708,1.4099997282028198,-0.003680035998447684,1
2007-10-04,1.4099003076553345,1.4075981378555298,1.4146071672439575,1.4135074615478516,0.0024877546249619797,0
2007-10-05,1.4135074615478516,1.404592990875244,1.415608525276184,1.4133076667785645,-0.00014134680907051944,0
2007-10-08,1.414907455444336,1.403902888298035,1.4152077436447144,1.4049086570739746,-0.0059428034687833975,1
2007-10-09,1.4047904014587402,1.4016989469528198,1.4113928079605105,1.4106959104537964,0.0041193093591400665,1
2007-10-10,1.4107954502105713,1.409701585769653,1.4170929193496704,1.414107084274292,0.002418078761849074,1
2007-10-11,1.414107084274292,1.4138071537017822,1.4239943027496338,1.4201923608779907,0.00430326435060735,0
2007-10-12,1.4201923608779907,1.4161096811294556,1.4213024377822876,1.4190032482147217,-0.0008372898601806122,1
2007-10-15,1.416892170906067,1.4163904190063477,1.4242985248565674,1.4203940629959106,0.0009801350229035055,0
2007-10-16,1.420494794845581,1.4147073030471802,1.4223941564559937,1.4176956415176392,-0.001899769612229929,1
2007-10-17,1.4176956415176392,1.4162901639938354,1.422798991203308,1.4217066764831543,0.002829263805326665,1
2007-10-18,1.4216055870056152,1.4199906587600708,1.4305946826934814,1.4294904470443726,0.0054749483068285976,1
2007-10-19,1.4296947717666626,1.4250088930130005,1.4318032264709473,1.4296947717666626,0.00014293535344189756,0
2007-10-22,1.4331985712051392,1.412608981132507,1.4349054098129272,1.4179972410202026,-0.008181837814238757,1
2007-10-23,1.4179972410202026,1.417293906211853,1.4274091720581057,1.4258012771606443,0.0055035622881938195,1
2007-10-24,1.4255980253219604,1.4195069074630735,1.427001714706421,1.4263097047805786,0.0003565908013118957,1
2007-10-25,1.4263097047805786,1.425090193748474,1.4335068464279177,1.4326032400131226,0.004412460499602533,1
2007-10-26,1.4326032400131226,1.431905746459961,1.4399055242538452,1.4393045902252195,0.004677743303188153,1
2007-10-29,1.4407975673675537,1.4378972053527832,1.4436055421829224,1.441794753074646,0.0017301152697892785,1
2007-10-30,1.4416908025741575,1.4377937316894531,1.4443979263305664,1.44400155544281,0.0015305939791070422,1
2007-10-31,1.44400155544281,1.442605972290039,1.4498006105422974,1.4471989870071411,0.0022142854017568325,0
2007-11-01,1.447010517120361,1.4407975673675537,1.4475969076156616,1.442710041999817,-0.003101816023660664,1
2007-11-02,1.4427932500839231,1.442605972290039,1.4523905515670776,1.4487924575805664,0.004215965373276509,0
2007-11-05,1.4505999088287354,1.4451075792312622,1.4512102603912354,1.4478065967559814,-0.0006804707047076697,1
2007-11-06,1.4478904008865356,1.4471989870071411,1.457003831863403,1.4564096927642822,0.005942158315604518,1
2007-11-07,1.4560915231704712,1.4557099342346191,1.4722987413406372,1.4623944759368896,0.004109271726452368,1
2007-11-08,1.4625015258789062,1.4625015258789062,1.4700909852981567,1.4681053161621094,0.0039051297848762268,0
2007-11-09,1.4681053161621094,1.464707851409912,1.4749915599822998,1.467502236366272,-0.0004107878291824685,0
2007-11-12,1.465996265411377,1.4523905515670776,1.466404676437378,1.4523905515670776,-0.010297554868885839,1
2007-11-13,1.452601671218872,1.4523905515670776,1.463100552558899,1.4620951414108276,0.006681804582988393,1
2007-11-14,1.461902737617493,1.4617104530334473,1.471995234489441,1.46500825881958,0.0019924267075681623,0
2007-11-15,1.4653087854385376,1.461091160774231,1.4700909852981567,1.4620951414108276,-0.0019884648371195635,1
2007-11-16,1.4620951414108276,1.4588104486465454,1.467007040977478,1.4634003639221191,0.0008927069616222472,1
2007-11-19,1.467200756072998,1.4623944759368896,1.468989610671997,1.4668993949890137,0.0023910278780556737,1
2007-11-20,1.466791749000549,1.4638073444366455,1.4848912954330444,1.4833053350448608,0.011184093545808516,1
2007-11-21,1.4831953048706057,1.4783931970596311,1.4869003295898438,1.4857958555221558,0.0016790342611554543,0
2007-11-22,1.485707402229309,1.4824918508529663,1.4874091148376465,1.4855971336364746,-0.00013374777224106627,0
2007-11-23,1.485508918762207,1.4788086414337158,1.4957072734832764,1.480100154876709,-0.0037001813178718646,1
2007-11-27,1.4876081943511963,1.4811961650848389,1.4904906749725342,1.483789563179016,0.0024926747626847767,1
2007-11-28,1.483789563179016,1.4714971780776978,1.4857958555221558,1.4840978384017944,0.00020776209135608958,0
2007-11-29,1.4842960834503174,1.4726022481918335,1.484406352043152,1.4759929180145264,-0.005461176600052298,0
2007-11-30,1.4759057760238647,1.462993621826172,1.4783931970596311,1.469594120979309,-0.004335249144572284,0
2007-12-03,1.466189742088318,1.4626084566116333,1.4703936576843262,1.467007040977478,-0.0017604044306512856,1
2007-12-04,1.4670931100845337,1.4638073444366455,1.476908564567566,1.4766032695770264,0.006541365059266724,0
2007-12-05,1.4764070510864258,1.4597901105880735,1.477104902267456,1.459896683692932,-0.011314200793338447,1
2007-12-06,1.4601950645446775,1.454101324081421,1.4659103155136108,1.4659103155136108,0.0041192173993209735,0
2007-12-07,1.4656953811645508,1.460408329963684,1.466791749000549,1.4656095504760742,-0.00020517287746302237,1
2007-12-10,1.465502142906189,1.4641932249069214,1.473491907119751,1.4708911180496216,0.0036036661823277694,0
2007-12-11,1.47119402885437,1.4646005630493164,1.4749915599822998,1.466490626335144,-0.0029917181907471724,1
2007-12-12,1.4662971496582031,1.4653087854385376,1.4739913940429688,1.4716053009033203,0.003487696734181034,0
2007-12-13,1.4714103937149048,1.4587039947509766,1.4732965230941772,1.462993621826172,-0.005851894575170435,0
2007-12-14,1.4626084566116333,1.4415037631988523,1.4656095504760742,1.4437098503112793,-0.013181035943835462,0
2007-12-17,1.4420026540756226,1.4336096048355105,1.4451075792312622,1.4412959814071655,-0.0016719903265834946,0
2007-12-19,1.4420026540756226,1.4340001344680786,1.4423978328704834,1.4383935928344729,-0.0020137352841703704,0
2007-12-20,1.4383935928344729,1.4317007064819336,1.4390974044799805,1.433301329612732,-0.0035402432596395306,1
2007-12-21,1.433301329612732,1.4331985712051392,1.4409013986587524,1.438807487487793,0.003841591269959199,1
2007-12-24,1.4382073879241943,1.4377937316894531,1.4413999319076538,1.439698338508606,0.0006191592888973307,0
2007-12-25,1.4395946264266968,1.4390974044799805,1.4416077136993408,1.4395946264266968,-7.203737000671673e-05,1
2007-12-26,1.439801812171936,1.4394081830978394,1.4505999088287354,1.4487924575805664,0.006389181360519691,1
2007-12-27,1.4487924575805664,1.4471989870071411,1.464000225067139,1.4613901376724243,0.008695296573324018,1
2007-12-28,1.4613901376724243,1.4595983028411863,1.4729926586151123,1.4718002080917358,0.007123402677324586,0
2007-12-31,1.473708987236023,1.4573010206222534,1.4749915599822998,1.4601097106933594,-0.007942992081468536,1
2008-01-01,1.4601097106933594,1.4581936597824097,1.462993621826172,1.4620096683502195,0.0013012430798491348,1
2008-01-02,1.4623090028762815,1.4601097106933594,1.4742956161499023,1.4716920852661133,0.006622676392297633,1
2008-01-03,1.4716920852661133,1.4693998098373413,1.4778908491134644,1.4744912385940552,0.0019019965901601044,1
2008-01-04,1.4747087955474854,1.46989643573761,1.4818108081817627,1.4754921197891235,0.0006787976549951225,0
2008-01-07,1.47520911693573,1.4667057991027832,1.47520911693573,1.468299388885498,-0.004874801299957765,1
2008-01-08,1.5592111349105835,1.5529879331588743,1.559283971786499,1.5570987462997437,0.06047769146158144,0
2008-01-09,1.4706963300704956,1.4643003940582275,1.4739913940429688,1.466404676437378,-0.05824554806038418,1
2008-01-10,1.4662971496582031,1.465201497077942,1.4811961650848389,1.480100154876709,0.009339494519755798,0
2008-01-11,1.4802095890045166,1.4766032695770264,1.4815912246704102,1.4790055751800537,-0.0007395308304297687,1
2008-01-14,1.480801343917847,1.480100154876709,1.491201877593994,1.4869003295898438,0.005337880087996849,0
2008-01-15,1.4869003295898438,1.4778908491134644,1.4920028448104858,1.4802095890045166,-0.004499790908764401,0
2008-01-16,1.4802095890045166,1.461091160774231,1.4859061241149902,1.466404676437378,-0.009326322886762828,0
2008-01-17,1.4659103155136108,1.4595983028411863,1.4705017805099487,1.464000225067139,-0.001639691559140899,0
2008-01-18,1.4641932249069214,1.4601950645446775,1.468989610671997,1.4617959260940552,-0.001505668465988541,0
2008-01-21,1.460003137588501,1.4418987035751345,1.460003137588501,1.4420026540756226,-0.013540379792493007,1
2008-01-22,1.4422937631607056,1.4372979402542114,1.4684934616088867,1.464793682098389,0.015805122104560976,0
2008-01-23,1.4644076824188232,1.451905608177185,1.4650940895080566,1.4632076025009155,-0.001082800681664109,1
2008-01-24,1.462993621826172,1.4597901105880735,1.4776068925857544,1.4774104356765747,0.00970664255118936,0
2008-01-25,1.4774104356765747,1.466404676437378,1.4774104356765747,1.467502236366272,-0.006706463600797075,1
2008-01-28,1.4692918062210083,1.4665981531143188,1.479902982711792,1.4788086414337158,0.007704523228148519,0
2008-01-29,1.4785900115966797,1.4742956161499023,1.4788086414337158,1.4771921634674072,-0.001093094752774415,1
2008-01-30,1.4771921634674072,1.475796818733215,1.4874091148376465,1.483107328414917,0.004004330034912407,1
2008-01-31,1.4829974174499512,1.4813059568405151,1.49140202999115,1.4865025281906128,0.002289247521502391,0
2008-02-01,1.48659086227417,1.4797059297561646,1.4932059049606323,1.4799906015396118,-0.004380703380926887,1
2008-02-04,1.480297327041626,1.4795963764190674,1.4846047163009644,1.4827995300292969,0.0018979367076810139,0
2008-02-05,1.4833053350448608,1.4625015258789062,1.4833053350448608,1.4638073444366455,-0.012808329924596129,0
2008-02-06,1.4637001752853394,1.4595983028411863,1.4667057991027832,1.4617104530334473,-0.0014324913802131745,0
2008-02-07,1.4616036415100098,1.4451910257339478,1.4649009704589844,1.4478904008865356,-0.009454712537788401,1
2008-02-08,1.5570987462997437,1.5540982484817505,1.5570987462997437,1.5570987462997437,0.07542583702905992,0
2008-02-11,1.4531927108764648,1.4486035108566284,1.4577046632766724,1.450200080871582,-0.06865246387372237,1
2008-02-12,1.4503053426742554,1.450200080871582,1.460898995399475,1.4581936597824097,0.005512052451426941,0
2008-02-13,1.4577046632766724,1.4538053274154663,1.4594066143035889,1.455604076385498,-0.001775884416681639,1
2008-02-14,1.4557948112487793,1.4550957679748535,1.464707851409912,1.4644076824188232,0.006048077342010405,1
2008-02-15,1.4641932249069214,1.4634003639221191,1.4706099033355713,1.4676098823547363,0.002186686108218039,0
2008-02-18,1.4676098823547363,1.4617104530334473,1.4690974950790403,1.46500825881958,-0.00177269420602566,1
2008-02-19,1.464793682098389,1.4646005630493164,1.4757097959518433,1.4729926586151123,0.005450071525170408,0
2008-02-20,1.473101258277893,1.4625015258789062,1.4732965230941772,1.4722987413406372,-0.0004710935050603604,1
2008-02-21,1.4724071025848389,1.4708045721054075,1.4835914373397827,1.4815034866333008,0.0062519548745127995,1
2008-02-22,1.4815912246704102,1.479202389717102,1.4855971336364746,1.482601761817932,0.0007413247383756261,1
2008-02-25,1.483393311500549,1.4799906015396118,1.4842960834503174,1.4835914373397827,0.0006675262011270888,1
2008-02-26,1.4835914373397827,1.4783931970596311,1.5038950443267822,1.4996100664138794,0.010797197038842077,1
2008-02-27,1.4997899532318115,1.4983967542648315,1.5140045881271362,1.511807203292847,0.008133538945984453,1
2008-02-28,1.511807203292847,1.5077043771743774,1.5227885246276855,1.5195951461791992,0.005151412739262895,0
2008-02-29,1.5186951160430908,1.5154958963394165,1.523809552192688,1.519202709197998,-0.00025825100994025796,1
2008-03-03,1.5203113555908203,1.5163922309875488,1.5269973278045654,1.5200109481811523,0.0005320152328986971,1
2008-03-04,1.5198955535888672,1.5177040100097656,1.5245994329452517,1.521005153656006,0.0006540778380861312,1
2008-03-05,1.520889401435852,1.515289306640625,1.5290051698684692,1.527697205543518,0.004399756221355577,1
2008-03-06,1.5277905464172363,1.527393817901611,1.5398118495941162,1.5385088920593262,0.007077113499046828,0
2008-03-07,1.5385088920593262,1.5325905084609983,1.5437101125717163,1.5336012840270996,-0.003189847037970428,1
2008-03-10,1.537988305091858,1.5323086977005005,1.5386981964111328,1.534095287322998,0.0003221197719665003,1
2008-03-11,1.5341894626617432,1.528794765472412,1.5488028526306152,1.5341894626617432,6.138819376033666e-05,1
2008-03-12,1.534095287322998,1.534095287322998,1.5570987462997437,1.5540015697479248,0.012913729085199499,1
2008-03-13,1.5541948080062866,1.5525058507919312,1.5645045042037964,1.5622069835662842,0.005280183738611166,0
2008-03-14,1.5623047351837158,1.5539048910140991,1.5682092905044556,1.561792254447937,-0.0002654764206727611,1
2008-03-17,1.574803113937378,0.0729022398591041,1.5903055667877195,1.574803113937378,0.008330723534059281,0
2008-03-18,1.5747040510177612,1.5616947412490845,1.5828044414520264,1.565802812576294,-0.005715191493736116,0
2008-03-19,1.5659009218215942,1.558700680732727,1.577909231185913,1.563892841339111,-0.0012198031717929325,0
2008-03-20,1.5640885829925537,1.5403099060058594,1.5640885829925537,1.54421067237854,-0.012585369304279115,1
2008-03-21,1.543805480003357,1.5409982204437256,1.5697108507156372,1.5697108507156372,0.01651340635913323,0
2008-03-24,1.5406895875930786,1.5345896482467651,1.544807195663452,1.5434956550598145,-0.016700652635401658,1
2008-03-25,1.543900728225708,1.5417109727859497,1.5657048225402832,1.5612071752548218,0.011474940105562492,1
2008-03-26,1.5612071752548218,1.5590895414352417,1.5857913494110107,1.5824036598205566,0.0135769838248887,0
2008-03-27,1.582003116607666,1.5732917785644531,1.5845098495483398,1.5814026594161987,-0.0006325822100736733,0
2008-03-28,1.5809026956558228,1.57500159740448,1.583606481552124,1.5760937929153442,-0.0033570618268812247,0
2008-03-31,1.579304814338684,1.5751007795333862,1.589092493057251,1.5757957696914673,-0.00018908977702758456,0
2008-04-02,1.5616947412490845,1.5541948080062866,1.5699080228805542,1.5677913427352903,-0.005079609369521454,0
2008-04-03,1.56788969039917,1.5517107248306274,1.5686028003692627,1.5667105913162231,-0.0006893464644227576,1
2008-04-04,1.5665878057479858,1.5644066333770752,1.5752992630004885,1.5736879110336304,0.004453483467897756,0
2008-04-07,1.5729947090148926,1.563892841339111,1.5735888481140137,1.5704996585845947,-0.0020259750530469134,0
2008-04-08,1.5570018291473389,1.555790662765503,1.5629639625549316,1.5578023195266724,-0.008084904054908137,1
2008-04-09,1.5692921876907349,1.569095015525818,1.586093187332153,1.5824036598205566,0.015792337696197034,0
2008-04-10,1.582303524017334,1.5727968215942385,1.5903055667877195,1.57420814037323,-0.00517915855190576,1
2008-04-11,1.574307203292847,1.5741090774536133,1.5850121974945068,1.582203388214111,0.005078901344637732,1
2008-04-14,1.5720057487487793,1.56788969039917,1.588587522506714,1.5825037956237793,0.0001898664937174388,0
2008-04-15,1.5826040506362915,1.5762925148010254,1.5873016119003296,1.5786067247390747,-0.002462598128030735,1
2008-04-16,1.5784074068069458,1.578008770942688,1.5975971221923828,1.5958125591278076,0.010899379889298899,0
2008-04-17,1.5954052209854126,1.5858919620513916,1.5975971221923828,1.5902043581008911,-0.003514323154582555,0
2008-04-18,1.5904066562652588,1.572104573249817,1.5954052209854126,1.5733908414840698,-0.010573179812499611,1
2008-04-21,1.5804030895233154,1.579878568649292,1.5943114757537842,1.5911911725997925,0.011313356253512152,1
2008-04-22,1.5911405086517334,1.5843089818954468,1.6013065576553345,1.5987977981567385,0.0047804598768090845,0
2008-04-23,1.5981844663619995,1.5864957571029663,1.5997952222824097,1.58740234375,-0.007127514448591499,0
2008-04-24,1.5876039266586304,1.5644556283950806,1.588486671447754,1.568406105041504,-0.011966870770532156,0
2008-04-25,1.5684306621551514,1.5560569763183594,1.5706970691680908,1.5636972188949585,-0.0030023385725221896,1
2008-04-28,1.5601110458374023,1.5601110458374023,1.5687997341156006,1.5652881860733032,0.0010174394116202468,0
2008-04-29,1.5650922060012815,1.5553793907165527,1.5660971403121948,1.556710958480835,-0.0054796475618877905,1
2008-04-30,1.5568805932998655,1.5529879331588743,1.5638684034347534,1.5622069835662842,0.0035305366455522513,0
2008-05-02,1.5477958917617798,1.537704586982727,1.5498108863830566,1.5434004068374634,-0.012038466686333793,1
2008-05-05,1.5434956550598145,1.5432099103927612,1.5518070459365845,1.5498108863830566,0.004153477942077766,1
2008-05-06,1.549834966659546,1.5460968017578125,1.5591623783111572,1.553591012954712,0.0024390889268286475,0
2008-05-07,1.553808331489563,1.5370900630950928,1.553808331489563,1.5385088920593262,-0.009707909462414843,1
2008-05-08,1.5576082468032837,1.5451651811599731,1.5576082468032837,1.5464078187942505,0.005134144349566494,1
2008-05-09,1.5396933555603027,1.5396220684051514,1.5489946603775024,1.5489946603775024,0.0016728068442313226,1
2008-05-12,1.5455950498580933,1.5378936529159546,1.5568805932998655,1.5540015697479248,0.00323236063912713,0
2008-05-13,1.5536394119262695,1.543900728225708,1.5561779737472534,1.547700047492981,-0.004055029529967613,0
2008-05-14,1.547292947769165,1.5404047966003418,1.5484910011291504,1.546910047531128,-0.0005104347984822288,0
2008-05-15,1.5467904806137085,1.5428051948547363,1.554508924484253,1.5450935363769531,-0.001174283635350326,1
2008-05-16,1.5452368259429932,1.5440915822982788,1.5596001148223877,1.5596001148223877,0.009388802751353564,0
2008-05-19,1.5583120584487915,1.5492106676101685,1.5629884004592896,1.5527950525283811,-0.004363337902665854,1
2008-05-20,1.5529879331588743,1.5510369539260864,1.5677913427352903,1.5654107332229614,0.008124498254961976,1
2008-05-21,1.5644066333770752,1.5639907121658323,1.5799036026000977,1.5788060426712036,0.008557057367725607,0
2008-05-22,1.5787063837051392,1.5698094367980957,1.580877661705017,1.573192834854126,-0.0035553498437215225,1
2008-05-23,1.573192834854126,1.5704996585845947,1.579304814338684,1.5785070657730105,0.0033779907975344248,0
2008-05-26,1.5768393278121948,1.5744808912277222,1.579304814338684,1.5779341459274292,-0.00036295044729539594,0
2008-05-27,1.5778096914291382,1.5676928758621216,1.5818029642105105,1.569095015525818,-0.0056017105811573265,0
2008-05-28,1.569267511367798,1.5616215467453003,1.5755971670150757,1.5656068325042725,-0.002223054045185857,0
2008-05-29,1.5652146339416504,1.5489946603775024,1.5663915872573853,1.5518070459365845,-0.00881433721492797,1
2008-05-30,1.5515903234481812,1.5467904806137085,1.556832194328308,1.5540982484817505,0.001476473863915917,1
2008-06-02,1.5563960075378418,1.5498108863830566,1.5572928190231323,1.5546056032180786,0.0003264624593868337,0
2008-06-03,1.5546056032180786,1.542400598526001,1.5626463890075684,1.5450220108032229,-0.0061646454863004685,0
2008-06-04,1.545069694519043,1.5423054695129397,1.5478917360305786,1.5432575941085815,-0.001142001008596627,1
2008-06-05,1.5434004068374634,1.5378936529159546,1.559989333152771,1.5588949918746948,0.010132720438771559,1
2008-06-06,1.5590895414352417,1.557705283164978,1.5786067247390747,1.5785070657730105,0.012580753675223821,0
2008-06-09,1.579005479812622,1.5623047351837158,1.584208607673645,1.5643576383590698,-0.008963803660271608,0
2008-06-10,1.5647003650665283,1.544711709022522,1.5655087232589722,1.5464078187942505,-0.011474242925452627,1
2008-06-11,1.5465034246444702,1.5458101034164429,1.5581905841827393,1.555790662765503,0.006067509396433524,0
2008-06-12,1.555403470993042,1.5389587879180908,1.5565898418426514,1.5460968017578125,-0.006230826061431105,0
2008-06-13,1.5451890230178833,1.531510829925537,1.5462881326675415,1.5369009971618652,-0.005947754749568213,1
2008-06-16,1.5391719341278076,1.5352964401245115,1.5517107248306274,1.547388792037964,0.0068239885948842005,1
2008-06-17,1.547388792037964,1.5464794635772705,1.554895520210266,1.5521925687789917,0.003104440697609512,1
2008-06-18,1.5519996881484983,1.546910047531128,1.5540015697479248,1.553808331489563,0.0010409550612926477,0
2008-06-19,1.5539048910140991,1.546910047531128,1.5586764812469482,1.550988793373108,-0.0018145984027206907,1
2008-06-20,1.550988793373108,1.5494986772537231,1.5651901960372925,1.5627930164337158,0.007610772631655216,0
2008-06-23,1.5598920583724976,1.547388792037964,1.5625487565994265,1.5522888898849487,-0.006721380527241805,1
2008-06-24,1.5526021718978882,1.549690842628479,1.5620118379592896,1.5570018291473389,0.0030361225240358447,1
2008-06-25,1.5570260286331177,1.5541948080062866,1.5686028003692627,1.5673980712890625,0.006677090512743344,1
2008-06-26,1.5674962997436523,1.5642108917236328,1.576590657234192,1.5752992630004885,0.005040960465727773,0
2008-06-27,1.5750513076782229,1.5725990533828735,1.5799036026000977,1.5752992630004885,0.0,0
2008-06-30,1.579404592514038,1.5734899044036863,1.5835061073303225,1.57500159740448,-0.00018895812560815184,1
2008-07-02,1.5792051553726196,1.5783077478408811,1.5891934633255005,1.5878056287765503,0.008129535483119898,0
2008-07-03,1.5880074501037598,1.5685044527053833,1.5905078649520874,1.5700066089630127,-0.011209822846674378,1
2008-07-04,1.5698094367980957,1.5669069290161133,1.5725990533828735,1.5713881254196167,0.00087994308349848,1
2008-07-07,1.5704996585845947,1.561597228050232,1.5749024152755735,1.5720057487487793,0.0003930431439385096,0
2008-07-08,1.5418059825897217,1.5313935279846191,1.550195336341858,1.5333895683288574,-0.024564910434111353,1
2008-07-09,1.5667595863342283,1.565386176109314,1.5749024152755735,1.5735888481140137,0.026215960128753713,1
2008-07-10,1.5734899044036863,1.5695877075195312,1.5798038244247437,1.5785070657730105,0.0031254782117269286,1
2008-07-11,1.5787063837051392,1.5767897367477417,1.59489643573761,1.59489643573761,0.010382829649592695,0
2008-07-14,1.5914950370788574,1.5846102237701416,1.5933208465576172,1.589092493057251,-0.003639071823290485,1
2008-07-15,1.5889662504196167,1.58740234375,1.6028209924697876,1.5899008512496948,0.000508691719314891,0
2008-07-16,1.5900273323059082,1.5806028842926023,1.5945911407470703,1.582203388214111,-0.00484147362367493,1
2008-07-17,1.582103252410889,1.5792548656463623,1.5891934633255005,1.585590124130249,0.002140518685123327,0
2008-07-18,1.5853890180587769,1.5812026262283323,1.5882091522216797,1.5853890180587769,-0.0001268335797578457,1
2008-07-21,1.58340585231781,1.5832053422927856,1.593092441558838,1.5913937091827393,0.003787519060346911,0
2008-07-22,1.5913177728652954,1.5767897367477417,1.594209909439087,1.5792051553726196,-0.007659043604224758,0
2008-07-23,1.5793297290802002,1.5672998428344729,1.5798038244247437,1.5692428350448608,-0.006308439593086357,0
2008-07-24,1.5692921876907349,1.5635994672775269,1.57111656665802,1.568873643875122,-0.0002352670737083562,0
2008-07-25,1.56889808177948,1.5664896965026855,1.5751007795333862,1.5672998428344729,-0.001003140722513396,1
2008-07-28,1.5698094367980957,1.5687012672424316,1.576491355895996,1.5741338729858398,0.0043603846338728935,0
2008-07-29,1.574009895324707,1.555717945098877,1.5757957696914673,1.5590895414352417,-0.009557212260518755,0
2008-07-30,1.5588949918746948,1.5526021718978882,1.561329007148743,1.5573655366897583,-0.0011057766085046383,1
2008-07-31,1.5573413372039795,1.557195782661438,1.5697108507156372,1.5593082904815674,0.001247461656264992,0
2008-08-08,1.533413052558899,1.4999924898147583,1.5336012840270996,1.5048909187316897,-0.03489840468498484,0
2008-08-26,1.461902737617493,1.457789659500122,1.4681053161621094,1.464793682098389,-0.026644613329911304,1
2008-08-27,1.464793682098389,1.4641932249069214,1.4771921634674072,1.4725805521011353,0.005316018288385349,0
2008-08-28,1.4722987413406372,1.4681053161621094,1.480801343917847,1.4714103937149048,-0.0007946311558718611,0
2008-08-29,1.47119402885437,1.4646005630493164,1.476385235786438,1.4670931100845337,-0.002934112501048136,0
2008-09-01,1.4692702293395996,1.4564944505691528,1.4703071117401123,1.4574922323226929,-0.00654415026275168,0
2008-09-02,1.457789659500122,1.4474084377288818,1.4595983028411863,1.4515894651412964,-0.0040499476089760345,0
2008-09-03,1.4518002271652222,1.4388697147369385,1.4531716108322144,1.4486035108566284,-0.0020570239426319636,0
2008-09-04,1.4486455917358398,1.4226977825164795,1.4539955854415894,1.4264928102493286,-0.015263459215437591,1
2008-09-05,1.4260046482086182,1.420293211936951,1.4336917400360107,1.4274905920028689,0.0006994649719727075,1
2008-09-08,1.5048909187316897,1.504008173942566,1.5050041675567627,1.5050041675567627,0.054300585929002,0
2008-09-09,1.4152077436447144,1.405501127243042,1.4224953651428225,1.414847493171692,-0.05990460114900009,0
2008-09-10,1.4150075912475586,1.3960046768188477,1.4171934127807615,1.3984057903289795,-0.01162083045845086,1
2008-09-11,1.398308038711548,1.3896995782852173,1.403902888298035,1.3995996713638306,0.0008537443445297832,1
2008-09-12,1.399795651435852,1.3977998495101929,1.4239943027496338,1.4239943027496338,0.01742972071580451,1
2008-09-15,1.4305537939071655,1.4100991487503052,1.4474084377288818,1.4268999099731443,0.0020404626745345045,0
2008-09-16,1.4263911247253418,1.4089070558547974,1.4276129007339478,1.4135074615478516,-0.009385695753211465,1
2008-09-17,1.4135074615478516,1.410636305809021,1.4380005598068235,1.4329315423965454,0.013741760391857927,0
2008-09-18,1.432808518409729,1.4290001392364502,1.4527071714401243,1.430492281913757,-0.0017022868229341626,1
2008-09-19,1.430492281913757,1.4160094261169434,1.4496954679489136,1.441794753074646,0.007901106006505731,1
2008-09-22,1.4452955722808838,1.4452955722808838,1.485707402229309,1.4795963764190674,0.02621844979239163,0
2008-09-23,1.4795963764190674,1.4628009796142578,1.48262357711792,1.4692918062210083,-0.006964446765541754,0
2008-09-24,1.4690974950790403,1.4613046646118164,1.474013090133667,1.463314652442932,-0.004068050847877203,1
2008-09-25,1.4634003639221191,1.4584063291549685,1.4764941930770874,1.4641932249069214,0.0006003988701424046,0
2008-09-26,1.4643003940582275,1.456303596496582,1.4679113626480105,1.459896683692932,-0.002934408615544948,0
2008-09-29,1.4547992944717407,1.4310041666030884,1.4560279846191406,1.4393253326416016,-0.014090963614831531,0
2008-09-30,1.4394081830978394,1.4020919799804688,1.441794753074646,1.409641981124878,-0.020623100867852906,0
2008-10-01,1.410297989845276,1.398699164390564,1.4170327186584473,1.4016202688217163,-0.00569060258602716,0
2008-10-02,1.4020919799804688,1.376197338104248,1.4020919799804688,1.380795955657959,-0.014857314514482245,0
2008-10-03,1.3806052207946775,1.372005581855774,1.38968026638031,1.3784927129745483,-0.001668054337770064,0
2008-10-06,1.365019917488098,1.3453155755996704,1.367409110069275,1.3504936695098877,-0.020311346734828595,1
2008-10-07,1.3510043621063232,1.34890878200531,1.3730039596557615,1.3588064908981323,0.006155394561206284,1
2008-10-08,1.5050041675567627,1.49140202999115,1.5050041675567627,1.4957072734832764,0.10075075700783298,0
2008-10-09,1.3628991842269895,1.3584187030792236,1.3783787488937378,1.3598041534423828,-0.09086211082225715,0
2008-10-10,1.360007643699646,1.328303575515747,1.3635867834091189,1.3398001194000244,-0.01471096701074015,1
2008-10-13,1.3618041276931765,1.346166729927063,1.367409110069275,1.3621937036514282,0.016714123194310426,0
2008-10-14,1.3621937036514282,1.3614147901535034,1.3761025667190552,1.3618041276931765,-0.00028599160105313715,0
2008-10-15,1.3615074157714844,1.3430029153823853,1.3681762218475342,1.3443931341171265,-0.012785240712659074,1
2008-10-16,1.3443028926849363,1.3357912302017212,1.3531982898712158,1.3489997386932373,0.0034265308704779507,0
2008-10-17,1.3489997386932373,1.339297652244568,1.3514974117279053,1.3422999382019043,-0.004966495025286677,0
2008-10-20,1.3405005931854248,1.329203963279724,1.352685809135437,1.3313274383544922,-0.008174402408235526,0
2008-10-21,1.331398367881775,1.3052955865859983,1.3352025747299194,1.3061139583587646,-0.018938601631234397,0
2008-10-22,1.305943250656128,1.2790995836257937,1.306796669960022,1.2816734313964844,-0.01871240009791464,1
2008-10-23,1.28154194355011,1.2733986377716064,1.2997984886169434,1.2944984436035156,0.01000645866011074,0
2008-10-24,1.294113039970398,1.250500202178955,1.294113039970398,1.262993097305298,-0.024337878854852613,0
2008-10-27,1.2638070583343506,1.2352999448776243,1.2662074565887451,1.246463179588318,-0.013087892366354104,1
2008-10-28,1.2468360662460327,1.2342935800552368,1.2830052375793457,1.2809016704559326,0.02762896765148648,1
2008-10-29,1.2814927101135254,1.263599514961243,1.2977573871612549,1.2959243059158323,0.01172817227613776,0
2008-10-30,1.2960082292556765,1.2819033861160278,1.3265942335128784,1.2868025302886963,-0.00703881822842245,0
2008-10-31,1.2879958152770996,1.268005609512329,1.2879958152770996,1.2701960802078247,-0.012905204714779295,0
2008-11-03,1.2774981260299685,1.2581939697265625,1.2894407510757446,1.2617977857589722,-0.006611809451874895,1
2008-11-04,1.2620208263397217,1.2530229091644287,1.3045973777770996,1.2983977794647217,0.02900622755787663,0
2008-11-05,1.2984988689422607,1.280983805656433,1.3103067874908447,1.2918059825897217,-0.00507687010810931,0
2008-11-06,1.2914223670959473,1.268005609512329,1.2927078008651731,1.2695027589797974,-0.01726514965135273,1
2008-11-07,1.269293189048767,1.265806794166565,1.2847360372543335,1.2714072465896606,0.0015001839077479762,1
2008-11-10,1.2824788093566897,1.2726045846939087,1.2926075458526611,1.2747948169708252,0.0026644258873396165,0
2008-11-11,1.2748109102249146,1.248704433441162,1.279737949371338,1.2515957355499268,-0.01819828658860112,0
2008-11-12,1.2525991201400757,1.2442762851715088,1.262993097305298,1.2459040880203247,-0.004547512721510882,1
2008-11-13,1.2466963529586792,1.240094780921936,1.283400535583496,1.2788705825805664,0.026459897577367775,0
2008-11-14,1.278805136680603,1.259001851081848,1.2798033952713013,1.2596997022628784,-0.014990477206070385,1
2008-11-17,1.2528972625732422,1.251799464225769,1.2738529443740845,1.2643983364105225,0.0037299636883327825,0
2008-11-18,1.2645422220230105,1.2571974992752075,1.2690999507904053,1.2636953592300415,-0.000555977622112791,0
2008-11-19,1.2634079456329346,1.2480031251907349,1.2798198461532593,1.2505314350128174,-0.010417007644346166,0
2008-11-20,1.2503281831741333,1.2433944940567017,1.2583998441696167,1.243904948234558,-0.005298936590259595,1
2008-11-21,1.2441060543060305,1.2437037229537964,1.2635835409164429,1.2590969800949097,0.012213177447290668,1
2008-11-24,1.2637592554092407,1.2571816444396973,1.2956053018569946,1.291772723197937,0.025951728595651424,1
2008-11-25,1.291605830192566,1.2811970710754397,1.307411789894104,1.303407073020935,0.009006499064476259,0
2008-11-26,1.303407073020935,1.282495141029358,1.303407073020935,1.289923071861267,-0.010345195632869952,0
2008-11-27,1.2896236181259155,1.2865046262741089,1.295706033706665,1.289507269859314,-0.00032234635616923413,0
2008-11-28,1.289607048034668,1.2654223442077637,1.2951018810272217,1.269792914390564,-0.015288285634016519,0
2008-12-01,1.2675074338912964,1.258605718612671,1.270163893699646,1.2599060535430908,-0.007786199415215966,1
2008-12-02,1.25979483127594,1.257023572921753,1.2761287689208984,1.2713264226913452,0.009064460890665815,0
2008-12-03,1.2709225416183472,1.2610976696014404,1.2739989757537842,1.270793318748474,-0.0004193289255663979,1
2008-12-04,1.270405888557434,1.25629723072052,1.2842081785202026,1.277400255203247,0.005199064519224805,0
2008-12-05,1.2776939868927002,1.2638070583343506,1.2791976928710938,1.2716983556747437,-0.004463674956442065,1
2008-12-08,1.4898910522460938,1.4818108081817627,1.4964011907577517,1.4918025732040403,0.17307895111062943,0
2008-12-09,1.2914056777954102,1.2809016704559326,1.299595832824707,1.2926075458526611,-0.1335264001613533,1
2008-12-10,1.292741298675537,1.2908055782318115,1.305193305015564,1.3014055490493774,0.006806399378484818,1
2008-12-11,1.301591873168945,1.3008638620376587,1.3394949436187744,1.3329956531524658,0.024273835412922384,1
2008-12-12,1.332924485206604,1.3255391120910645,1.340985894203186,1.33539879322052,0.0018028116313588693,1
2008-12-15,1.3439956903457642,1.3435983657836914,1.3721938133239746,1.3696004152297974,0.0256115417977838,1
2008-12-16,1.3696191310882568,1.3636983633041382,1.4133076667785645,1.4061928987503052,0.026717634657235534,1
2008-12-17,1.4063905477523804,1.402288556098938,1.4428139925003052,1.440839171409607,0.024638349895019562,0
2008-12-18,1.4406938552856443,1.4211004972457886,1.4679975509643557,1.4293065071105957,-0.008004130181808233,0
2008-12-19,1.429204344749451,1.382991909980774,1.430696964263916,1.392602562904358,-0.025679547405431213,1
2008-12-22,1.3979953527450562,1.3915947675704956,1.4113928079605105,1.3959071636199951,0.002372967567103368,0
2008-12-23,1.3957902193069458,1.3919047117233276,1.4019936323165894,1.3937865495681765,-0.0015191655341314503,1
2008-12-24,1.3940973281860352,1.3939030170440674,1.40179705619812,1.4008938074111938,0.005099244102491296,1
2008-12-25,1.4006974697113037,1.3984057903289795,1.4140071868896484,1.4015023708343506,0.0004344108168208294,1
2008-12-26,1.40160071849823,1.3994821310043335,1.4112931489944458,1.4027016162872314,0.0008556856398087564,1
2008-12-29,1.4105963706970217,1.3925055265426636,1.4359976053237915,1.403902888298035,0.000856398821285298,1
2008-12-30,1.4035481214523315,1.400207281112671,1.422009825706482,1.4140071868896484,0.007197291690070662,0
2008-12-31,1.413607478141785,1.3855020999908447,1.4145071506500244,1.3979953527450562,-0.011323728969025337,1
2009-01-01,1.3979953527450562,1.3954981565475464,1.405402421951294,1.3998936414718628,0.0013578648334411358,0
2009-01-02,1.4002660512924194,1.384293794631958,1.4023081064224243,1.3922922611236572,-0.005429969908437804,0
2009-01-05,1.3957902193069458,1.3556013107299805,1.3957902193069458,1.3645915985107422,-0.019895724041846696,0
2009-01-06,1.3631778955459597,1.331806182861328,1.3631778955459597,1.3510043621063232,-0.009956998430334374,1
2009-01-07,1.3499467372894287,1.3437248468399048,1.374192714691162,1.3610997200012207,0.00747248356708341,1
2009-01-08,1.3613406419754028,1.3538029193878174,1.378435730934143,1.3699005842208862,0.006465995173121852,0
2009-01-09,1.3699755668640137,1.3419036865234375,1.37247633934021,1.345496654510498,-0.017814380102821548,0
2009-01-12,1.3426964282989502,1.3304948806762695,1.3443931341171265,1.3360053300857544,-0.007054141972725025,0
2009-01-13,1.3360053300857544,1.3157029151916504,1.3360053300857544,1.320201754570007,-0.011828976396922708,1
2009-01-14,1.3207073211669922,1.3102039098739624,1.332693576812744,1.3217023611068726,0.001136649403525647,0
2009-01-15,1.3204981088638306,1.30430805683136,1.3229963779449463,1.315806865692139,-0.00446053180218009,1
2009-01-16,1.3162050247192385,1.3149935007095337,1.3333866596221924,1.329203963279724,0.010181659586141478,0
2009-01-19,1.3357912302017212,1.306165099143982,1.3376315832138062,1.3093974590301514,-0.014901027078418672,0
2009-01-20,1.3097920417785645,1.285413146018982,1.3099292516708374,1.2884937524795532,-0.015964370792410976,1
2009-01-21,1.288593292236328,1.2850992679595947,1.3070528507232666,1.3005084991455078,0.009324644875331023,1
2009-01-22,1.2989037036895752,1.2920063734054563,1.3072919845581057,1.3006776571273804,0.00013007064696890502,0
2009-01-23,1.300643801689148,1.2775959968566897,1.3015241622924805,1.2964956760406494,-0.003215232508850141,1
2009-01-26,1.2902060747146606,1.286603927612305,1.3233989477157593,1.319191575050354,0.01750557246670903,1
2009-01-27,1.3188437223434448,1.313094139099121,1.3315047025680542,1.3215975761413574,0.0018238451006720169,0
2009-01-28,1.3220168352127075,1.3108049631118774,1.3312033414840698,1.3153221607208252,-0.004748355727811182,0
2009-01-29,1.3150973320007324,1.2922067642211914,1.3168810606002808,1.2937949895858765,-0.0163664627403155,0
2009-01-30,1.2938953638076782,1.2782002687454224,1.2938953638076782,1.2836971282958984,-0.007804838766001243,0
2009-02-02,1.2753963470458984,1.2710033655166626,1.289307713508606,1.2814927101135254,-0.0017172416559810832,1
2009-02-03,1.2811970710754397,1.280524492263794,1.3051081895828247,1.3012869358062744,0.01544622574637633,0
2009-02-04,1.3014055490493774,1.2822978496551514,1.3067283630371094,1.2855618000030518,-0.01208429545439138,0
2009-02-05,1.2856941223144531,1.2774981260299685,1.2898067235946655,1.2791157960891724,-0.0050141532782508325,1
2009-02-06,1.2790340185165403,1.2757054567337036,1.29878568649292,1.2927078008651731,0.010626094070261383,1
2009-02-09,1.2960922718048096,1.288593292236328,1.3084039688110352,1.2959076166152954,0.002475281535379237,0
2009-02-10,1.2967981100082395,1.281295657157898,1.3050060272216797,1.2914056777954102,-0.0034739658615816627,0
2009-02-11,1.2918059825897217,1.2838783264160156,1.299072504043579,1.2868025302886963,-0.003564447319584385,1
2009-02-12,1.286603927612305,1.273106813430786,1.2937781810760498,1.28909170627594,0.0017789644746268873,0
2009-02-13,1.288593292236328,1.2825939655303955,1.294196844100952,1.286603927612305,-0.0019298694200911015,0
2009-02-16,1.279394030570984,1.2732040882110596,1.2820019721984863,1.2799016237258911,-0.00520929848150864,0
2009-02-17,1.279361367225647,1.2565971612930298,1.279361367225647,1.2581939697265625,-0.01696040820398048,0
2009-02-18,1.2596044540405271,1.2521756887435913,1.2634079456329346,1.256897211074829,-0.0010306508240658374,1
2009-02-19,1.2566603422164917,1.2561078071594238,1.2754939794540403,1.2659028768539429,0.007164997821430985,1
2009-02-20,1.265934944152832,1.256407618522644,1.293292999267578,1.293292999267578,0.021636827685948434,0
2009-02-23,1.2790995836257937,1.267812728881836,1.2984988689422607,1.267812728881836,-0.019701854413634035,1
2009-02-24,1.2675074338912964,1.266897201538086,1.287697434425354,1.2873989343643188,0.015448815930217963,0
2009-02-25,1.286603927612305,1.269599437713623,1.289607048034668,1.2724264860153198,-0.011629999023101578,0
2009-02-26,1.2719894647598269,1.2695027589797974,1.2806065082550049,1.2720541954040527,-0.0002925831986042571,0
2009-02-27,1.2721028327941897,1.2613998651504517,1.2748922109603882,1.2678931951522827,-0.0032710872436125804,0
2009-03-02,1.25982666015625,1.2545949220657349,1.2625943422317505,1.256407618522644,-0.009058788763559256,0
2009-03-03,1.2562024593353271,1.253007173538208,1.2672183513641355,1.253179907798767,-0.002568999643342118,1
2009-03-04,1.2531956434249878,1.2468984127044678,1.26639986038208,1.2638070583343506,0.008480147558581841,0
2009-03-05,1.2629611492156982,1.2485017776489258,1.2638070583343506,1.2546736001968384,-0.007226940281176875,1
2009-03-06,1.2547996044158936,1.2545949220657349,1.2740962505340576,1.2638070583343506,0.007279549148144326,0
2009-03-09,1.2716983556747437,1.2559974193572998,1.272394061088562,1.2622755765914917,-0.0012118002766002833,1
2009-03-10,1.2621959447860718,1.2621959447860718,1.2818048000335691,1.2716660499572754,0.007439321127594489,1
2009-03-11,1.2715365886688232,1.2632005214691162,1.2863060235977173,1.2806720733642578,0.007082066402012588,1
2009-03-12,1.2806228399276731,1.2735933065414429,1.294196844100952,1.289889931678772,0.007197672617549333,1
2009-03-13,1.2900062799453735,1.2871006727218628,1.2954374551773071,1.2929919958114624,0.0024049060749340434,1
2009-03-16,1.2886265516281128,1.287200093269348,1.3066941499710083,1.2976058721542358,0.0035683719293853056,1
2009-03-17,1.296983242034912,1.2935941219329834,1.3040019273757937,1.3033220767974854,0.004405193260847096,1
2009-03-18,1.303407073020935,1.299291968345642,1.3529969453811646,1.3483994007110596,0.03458648074491144,1
2009-03-19,1.34890878200531,1.3424079418182373,1.373192548751831,1.3661948442459106,0.013197457315293093,0
2009-03-20,1.366400122642517,1.3531067371368408,1.372099757194519,1.3581973314285278,-0.005853859609459389,1
2009-03-23,1.36282479763031,1.350621223449707,1.3728909492492676,1.3620452880859375,0.0028331351920434233,0
2009-03-24,1.3616927862167358,1.3441402912139893,1.3678767681121826,1.348126769065857,-0.010218837172176642,1
2009-03-25,1.348599553108215,1.3428946733474731,1.3615074157714844,1.3576995134353638,0.007100774637195162,0
2009-03-26,1.3576995134353638,1.3508037328720093,1.363493800163269,1.3530701398849487,-0.0034097187960989706,0
2009-03-27,1.3529969453811646,1.3268934488296509,1.358991026878357,1.329203963279724,-0.017638536171712516,0
2009-03-30,1.326400637626648,1.312404751777649,1.3284975290298462,1.318617582321167,-0.00796445184562622,1
2009-03-31,1.3184958696365356,1.3182003498077393,1.3337067365646362,1.3246963024139404,0.004609918883436315,0
2009-04-01,1.3245033025741575,1.3175925016403198,1.3278977870941162,1.324099898338318,-0.0004502194763701395,1
2009-04-02,1.3242051601409912,1.323994755744934,1.350694179534912,1.346692442893982,0.0170625680011125,1
2009-04-03,1.3466018438339231,1.337595820426941,1.349400281906128,1.34890878200531,0.0016457648686030169,0
2009-04-06,1.3527040481567385,1.3363981246948242,1.3577916622161863,1.340572476387024,-0.006180036581786674,0
2009-04-07,1.3405364751815796,1.323591709136963,1.3406982421875,1.327739119529724,-0.009573042176643232,0
2009-04-08,1.3281975984573364,1.3159279823303225,1.3307960033416748,1.3251352310180664,-0.001961144680725946,0
2009-04-09,1.3252054452896118,1.313905119895935,1.3332977294921875,1.3159972429275513,-0.00689589098276,1
2009-04-10,1.315598964691162,1.3101695775985718,1.3198009729385376,1.3175925016403198,0.0012122052088952007,1
2009-04-13,1.3181308507919312,1.3138360977172852,1.3392080068588257,1.3363981246948242,0.014272715601441721,0
2009-04-14,1.3369877338409424,1.3239071369171145,1.3377926349639893,1.327404260635376,-0.006729928674138241,0
2009-04-15,1.327404260635376,1.3157029151916504,1.3289920091629028,1.3225939273834229,-0.0036238645562660654,0
2009-04-16,1.3228038549423218,1.313508152961731,1.326664686203003,1.3180439472198486,-0.0034401943554782655,0
2009-04-17,1.3184785842895508,1.302405595779419,1.3198009729385376,1.304495334625244,-0.010279332963959775,0
2009-04-20,1.304818630218506,1.290106177330017,1.304818630218506,1.2928917407989502,-0.008895082656334097,1
2009-04-21,1.2929251194000244,1.2901227474212646,1.298701286315918,1.2934937477111816,0.00046562824499085664,1
2009-04-22,1.29339337348938,1.2900896072387695,1.3033052682876587,1.300576090812683,0.005475359362218546,1
2009-04-23,1.3004916906356812,1.2984988689422607,1.315598964691162,1.3140950202941897,0.010394570203930975,1
2009-04-24,1.3139914274215698,1.3119055032730105,1.3298933506011963,1.3258028030395508,0.00890938825925991,0
2009-04-27,1.3225064277648926,1.3007283210754397,1.3232064247131348,1.3018969297409058,-0.018031243593570778,1
2009-04-28,1.302592158317566,1.2972356081008911,1.316534399986267,1.313094139099121,0.008600688044055671,1
2009-04-29,1.3129045963287354,1.312508225440979,1.3337956666946411,1.3265942335128784,0.010281132183728614,0
2009-04-30,1.3262248039245603,1.3199926614761353,1.3382043838500977,1.323521614074707,-0.0023161712606234452,1
2009-05-01,1.323293924331665,1.323293924331665,1.332693576812744,1.3268054723739624,0.002481151999584874,1
2009-05-04,1.328285813331604,1.3214927911758425,1.3439956903457642,1.3418675661087036,0.011352149239927112,0
2009-05-05,1.3419036865234375,1.3289920091629028,1.3436886072158811,1.33159339427948,-0.007656621330387914,0
2009-05-06,1.3317174911499023,1.3248015642166138,1.3372023105621338,1.3312920331954956,-0.00022631614521295695,1
2009-05-07,1.3315757513046265,1.3255040645599363,1.347091555595398,1.3392080068588257,0.0059460835533804435,1
2009-05-08,1.339566707611084,1.3345433473587036,1.3652063608169556,1.363902926445007,0.018439943205017517,0
2009-05-11,1.3623977899551392,1.356208086013794,1.3667924404144287,1.358991026878357,-0.0036013556913855327,1
2009-05-12,1.3591018915176392,1.3567968606948853,1.3708019256591797,1.364498496055603,0.0040526162927632114,0
2009-05-13,1.3645915985107422,1.357496738433838,1.372099757194519,1.358861804008484,-0.004130962447678077,1
2009-05-14,1.3593051433563232,1.3531982898712158,1.366474986076355,1.3636053800582886,0.0034908450850641426,0
2009-05-15,1.3635681867599487,1.3464930057525637,1.3647964000701904,1.350201964378357,-0.009829394835152883,1
2009-05-18,1.348126769065857,1.3428045511245728,1.3563920259475708,1.3558034896850586,0.004148657352369245,1
2009-05-19,1.3561527729034424,1.3534914255142212,1.3667924404144287,1.3632335662841797,0.005480201707436905,1
2009-05-20,1.3632335662841797,1.3584926128387451,1.382991909980774,1.3772966861724854,0.010316001774103967,1
2009-05-21,1.3774104118347168,1.3733999729156494,1.3925249576568604,1.390607833862305,0.009664691582763618,1
2009-05-22,1.3905304670333862,1.390356421470642,1.4050073623657229,1.4003052711486816,0.006973524131129727,1
2009-05-25,1.4024261236190796,1.3965895175933838,1.4034693241119385,1.4006974697113037,0.00028008075860519455,0
2009-05-26,1.4004818201065063,1.3861935138702393,1.4023081064224243,1.3994038105010986,-0.0009235821711534031,0
2009-05-27,1.3993059396743774,1.3823992013931274,1.400207281112671,1.3833937644958496,-0.01144061913016814,1
2009-05-28,1.3835850954055786,1.3795957565307615,1.3980929851531982,1.3931069374084473,0.007021264055022902,1
2009-05-29,1.3930875062942505,1.3927963972091677,1.4165109395980835,1.4157087802886963,0.016224054502445018,1
2009-06-01,1.4118908643722534,1.410258173942566,1.4245014190673828,1.4163904190063477,0.0004814822985785838,1
2009-06-02,1.4161096811294556,1.410636305809021,1.4332396984100342,1.4308607578277588,0.010216348986293422,0
2009-06-03,1.4307379722595217,1.411193609237671,1.4336917400360107,1.4149675369262695,-0.011107454596502642,1
2009-06-04,1.415508270263672,1.407400131225586,1.4236091375350952,1.4177961349487305,0.001999055065676991,0
2009-06-05,1.4179168939590454,1.3935922384262085,1.4267982244491575,1.3971943855285645,-0.014530826338379765,0
2009-06-08,1.393980860710144,1.3810819387435913,1.3999720811843872,1.3902984857559204,-0.00493553355500731,1
2009-06-09,1.3914011716842651,1.3855020999908447,1.4099003076553345,1.4063313007354736,0.01153192292433225,0
2009-06-10,1.4059951305389404,1.3918077945709229,1.4142670631408691,1.3983862400054932,-0.005649494344487249,1
2009-06-11,1.3984057903289795,1.3954007625579834,1.4174946546554563,1.4110939502716064,0.009087410832977927,0
2009-06-12,1.4108949899673462,1.3942917585372925,1.4130080938339231,1.4001091718673706,-0.007784583302990922,0
2009-06-15,1.3985623121261597,1.3761215209960938,1.4001485109329224,1.3784927129745483,-0.015439123839173008,1
2009-06-16,1.3786067962646484,1.3751943111419678,1.3929904699325562,1.382991909980774,0.003263852586146143,1
2009-06-17,1.3830301761627195,1.38119637966156,1.3979953527450562,1.393805980682373,0.007819330412243364,0
2009-06-18,1.3937088251113892,1.387597680091858,1.399991512298584,1.3914979696273804,-0.001655905547099712,1
2009-06-19,1.3914011716842651,1.3885996341705322,1.400207281112671,1.3947001695632937,0.0023012609474168944,0
2009-06-22,1.3938252925872805,1.3830111026763916,1.3939224481582642,1.386520266532898,-0.005864990346245547,1
2009-06-23,1.3865010738372805,1.3832024335861206,1.4108153581619265,1.4072020053863523,0.014916290336794535,0
2009-06-24,1.4076775312423706,1.3892362117767334,1.4138071537017822,1.3940973281860352,-0.009312577121235122,1
2009-06-25,1.3940001726150513,1.389294147491455,1.4011685848236084,1.3985623121261597,0.00320277777587763,1
2009-06-26,1.3985623121261597,1.3985623121261597,1.4116119146347046,1.4053035974502563,0.004820153714744535,1
2009-06-29,1.406212568283081,1.398503661155701,1.4101985692977903,1.408609390258789,0.002352369135417254,0
2009-06-30,1.4087880849838257,1.4005799293518066,1.4151077270507812,1.4038830995559692,-0.003355288368446452,1
2009-07-01,1.403902888298035,1.400403380393982,1.4199906587600708,1.414087176322937,0.007268466135246676,0
2009-07-02,1.4133076667785645,1.3935534954071045,1.4148874282836914,1.3957513570785522,-0.012966540925760661,1
2009-07-03,1.3960630893707275,1.3946417570114136,1.4027409553527832,1.3960046768188477,0.00018149345799356453,1
2009-07-06,1.3957902193069458,1.3883682489395142,1.399795651435852,1.3977022171020508,0.0012159989944098282,0
2009-07-07,1.3976629972457886,1.390588402748108,1.4050073623657229,1.3915947675704956,-0.004369635718413756,0
2009-07-08,1.3916915655136108,1.383508563041687,1.3938642740249634,1.387905836105347,-0.002650866150919029,1
2009-07-09,1.3880406618118286,1.386001467704773,1.406865477561951,1.4027999639511108,0.010731367689582605,0
2009-07-10,1.402465581893921,1.3882912397384644,1.4027016162872314,1.3933980464935305,-0.00670225099742594,1
2009-07-13,1.3969016075134275,1.3903371095657349,1.4000699520111084,1.399012327194214,0.004029200927051502,0
2009-07-14,1.398699164390564,1.3914397954940796,1.4015417098999023,1.3971552848815918,-0.001327395246292551,1
2009-07-15,1.397174835205078,1.3965115547180176,1.413207769393921,1.4101985692977903,0.009335601101279067,1
2009-07-16,1.4105963706970217,1.4058963060379028,1.4161096811294556,1.414107084274292,0.0027716061139162473,0
2009-07-17,1.414107084274292,1.4068259000778198,1.4146673679351809,1.410496950149536,-0.0025529425351891177,1
2009-07-20,1.4226977825164795,1.421181321144104,1.4229000806808472,1.421181321144104,0.007574898331708768,0
2009-07-21,1.421767234802246,1.419849514961243,1.4218480587005615,1.419849514961243,-0.0009371120792588394,1
2009-07-22,1.4206764698028564,1.4200712442398071,1.4211409091949463,1.4205957651138306,0.000525583975431454,0
2009-07-23,1.4162901639938354,1.4161096811294556,1.4169925451278689,1.416330337524414,-0.0030025625122672706,1
2009-07-24,1.4212015867233276,1.4212015867233276,1.4212015867233276,1.4212015867233276,0.003439345377172387,1
2009-07-27,1.42425799369812,1.4231431484222412,1.4247246980667114,1.4247043132781982,0.002464623307201874,0
2009-07-28,1.416330337524414,1.4142670631408691,1.416892170906067,1.4146071672439575,-0.0070871871027101685,0
2009-07-29,1.4027016162872314,1.4012471437454224,1.4035087823867798,1.4014631509780884,-0.009291636978962403,1
2009-07-30,1.4075981378555298,1.4072020053863523,1.4089070558547974,1.4084903001785278,0.0050141519564999015,1
2009-07-31,1.4260046482086182,1.4260046482086182,1.4260046482086182,1.4260046482086182,0.012434837519200714,1
2009-08-03,1.441794753074646,1.4411921501159668,1.4421898126602173,1.4411921501159668,0.01065038737877022,1
2009-08-04,1.4400092363357544,1.4400092363357544,1.4422314167022705,1.4419610500335691,0.0005335165873201486,0
2009-08-05,1.4418987035751345,1.44110906124115,1.442148208618164,1.4411712884902954,-0.000547699636724075,0
2009-08-06,1.436183214187622,1.4357914924621582,1.4372979402542114,1.4372979402542114,-0.0026876390523582483,0
2009-08-07,1.419103980064392,1.419103980064392,1.419103980064392,1.419103980064392,-0.01265844727127452,0
2009-08-10,1.4137673377990725,1.4127686023712158,1.4137673377990725,1.413107991218567,-0.004225193453092246,1
2009-08-11,1.4154882431030271,1.414907455444336,1.4157087802886963,1.4150075912475586,0.001344270955083715,1
2009-08-12,1.4203335046768188,1.4203335046768188,1.4220906496047974,1.4217066764831543,0.0047343104567301175,1
2009-08-13,1.4282041788101196,1.4275925159454346,1.4287142753601074,1.4275925159454346,0.004139981586665842,0
2009-08-14,1.42069673538208,1.42069673538208,1.42069673538208,1.42069673538208,-0.004830356342116038,0
2009-08-17,1.4081928730010986,1.4081928730010986,1.4105963706970217,1.4105963706970217,-0.007109444565832734,1
2009-08-18,1.413107991218567,1.413107991218567,1.416731595993042,1.4165109395980835,0.004192956272912607,1
2009-08-19,1.4226572513580322,1.4226572513580322,1.4254964590072632,1.4253947734832764,0.006271630974988174,1
2009-08-20,1.4254964590072632,1.4254964590072632,1.4268999099731443,1.4260046482086182,0.0004278637305870081,1
2009-08-21,1.4320902824401855,1.4320902824401855,1.4320902824401855,1.4320902824401855,0.004267611777571956,0
2009-08-24,1.4293065071105957,1.4285918474197388,1.4298174381256104,1.4293065071105957,-0.0019438546324372918,0
2009-08-25,1.430124044418335,1.4283673763275146,1.430308222770691,1.4284082651138306,-0.000628446027703955,0
2009-08-26,1.4248058795928955,1.4236091375350952,1.4253947734832764,1.4236294031143188,-0.00334558551376829,1
2009-08-27,1.4351937770843506,1.4350907802581787,1.437690496444702,1.4372979402542114,0.009601190527528836,0
2009-08-28,1.430206060409546,1.430206060409546,1.4359976053237915,1.4359976053237915,-0.0009047079899036081,0
2009-08-31,1.433794617652893,1.433794617652893,1.4344321489334106,1.434267520904541,-0.0012047961729437784,0
2009-09-01,1.4220300912857056,1.4203133583068848,1.4223941564559937,1.4212015867233276,-0.009109830621398363,1
2009-09-02,1.4274091720581057,1.4272258281707764,1.4280002117156982,1.4274091720581057,0.004367842952589296,0
2009-09-03,1.4257606267929075,1.4253947734832764,1.4263097047805786,1.4256386756896973,-0.0012403565866511146,1
2009-09-04,1.4294085502624512,1.4294085502624512,1.4294085502624512,1.4294085502624512,0.002644340839680126,1
2009-09-07,1.4336917400360107,1.4331985712051392,1.434144139289856,1.4331985712051392,0.002651460943053685,1
2009-09-08,1.4504525661468506,1.450389385223389,1.4512102603912354,1.4504104852676392,0.012009441265369736,1
2009-09-09,1.455561637878418,1.4546935558319092,1.4558159112930298,1.4547992944717407,0.003025908354000739,1
2009-09-10,1.4584063291549685,1.4577046632766724,1.458491325378418,1.4581297636032104,0.002289298011159069,0
2009-09-11,1.4580022096633911,1.4580022096633911,1.4580022096633911,1.4580022096633911,-8.74777698139928e-05,1
2009-09-14,1.4636788368225098,1.4625656604766846,1.4643217325210571,1.4643217325210571,0.004334371248398083,1
2009-09-15,1.4662971496582031,1.466060757637024,1.4674590826034546,1.4670931100845337,0.0018926015382598749,1
2009-09-16,1.4708045721054075,1.4706099033355713,1.4719085693359375,1.47119402885437,0.002795268235974424,1
2009-09-17,1.4740999937057495,1.473101258277893,1.4744043350219729,1.4732965230941772,0.0014291073771177665,0
2009-09-18,1.4716053009033203,1.4716053009033203,1.4716053009033203,1.4716053009033203,-0.0011479170447677989,0
2009-09-21,1.4684934616088867,1.4682347774505615,1.4695078134536743,1.468407154083252,-0.0021732368170359617,1
2009-09-22,1.4797276258468628,1.4797276258468628,1.483745574951172,1.4811961650848389,0.00870944476538682,0
2009-09-23,1.4713022708892822,1.4706963300704956,1.4729058742523191,1.4726022481918335,-0.005802011303825627,0
2009-09-24,1.4656953811645508,1.4628009796142578,1.4661037921905518,1.4650940895080566,-0.005098565273138678,1
2009-09-25,1.4684934616088867,1.4684934616088867,1.4684934616088867,1.4684934616088867,0.0023202414951872807,0
2009-09-28,1.4628437757492063,1.462159276008606,1.4635074138641355,1.462159276008606,-0.00431339040035017,0
2009-09-29,1.458895564079285,1.458299994468689,1.459704875946045,1.4591723680496216,-0.0020428061484094595,1
2009-09-30,1.4641073942184448,1.4641073942184448,1.4656953811645508,1.465502142906189,0.004337921273158463,0
2009-10-01,1.4543339014053345,1.4513788223266602,1.4543339014053345,1.4515894651412964,-0.009493454398710632,1
2009-10-02,1.4580022096633911,1.4580022096633911,1.4590020179748535,1.4590020179748535,0.0051065077362184574,1
2009-10-05,1.464986801147461,1.464986801147461,1.466275691986084,1.465996265411377,0.004793857273913682,1
2009-10-06,1.4718002080917358,1.4717570543289185,1.473708987236023,1.4721685647964478,0.004210310442597676,0
2009-10-07,1.4689680337905884,1.4689680337905884,1.4718002080917358,1.4711507558822632,-0.0006913671019224132,1
2009-10-08,1.477803349494934,1.4764506816864014,1.4783931970596311,1.4781310558319092,0.004744789017533391,0
2009-10-09,1.473405122756958,1.473405122756958,1.473405122756958,1.473405122756958,-0.0031972354929592495,1
2009-10-12,1.4783495664596558,1.4783495664596558,1.4799906015396118,1.4792898893356323,0.0039939908500270516,1
2009-10-13,1.4848030805587769,1.4840757846832275,1.485398530960083,1.4846047163009644,0.0035928231536275224,1
2009-10-14,1.4930051565170288,1.4929383993148804,1.4938973188400269,1.4932059049606323,0.005793588397791538,1
2009-10-15,1.4942322969436646,1.4934512376785278,1.495796799659729,1.4955954551696775,0.0016002817837157401,0
2009-10-16,1.4908016920089722,1.4908016920089722,1.4908016920089722,1.4908016920089722,-0.0032052538967909383,1
2009-10-19,1.4964011907577517,1.496199607849121,1.4977010488510132,1.496490716934204,0.003816084295937161,0
2009-10-20,1.4936072826385498,1.4924482107162476,1.4936072826385498,1.4934512376785278,-0.0020310712397221264,1
2009-10-21,1.5017945766448977,1.500690221786499,1.502200722694397,1.500690221786499,0.004847151299846697,1
2009-10-22,1.502990961074829,1.502990961074829,1.5043928623199463,1.504189133644104,0.002331535054209688,0
2009-10-23,1.5010056495666504,1.5010056495666504,1.5010056495666504,1.5010056495666504,-0.0021164120962243738,0
2009-10-26,1.499497652053833,1.4846928119659424,1.5059107542037964,1.4861712455749512,-0.009882976786917519,0
2009-10-27,1.4857738018035889,1.4774104356765747,1.4926042556762695,1.4817010164260864,-0.0030078829490038927,0
2009-10-28,1.4824038743972778,1.4695078134536743,1.4840097427368164,1.4718002080917358,-0.006682055438034129,1
2009-10-29,1.4719085693359375,1.468709111213684,1.4859503507614136,1.4840097427368164,0.008295646771860898,0
2009-10-30,1.4840978384017944,1.4705017805099487,1.4859061241149902,1.4732965230941772,-0.007219103307827157,1
2009-11-02,1.47119402885437,1.47119402885437,1.4842300415039062,1.4774104356765747,0.002792318123277404,0
2009-11-03,1.4773448705673218,1.4629079103469849,1.48060405254364,1.473101258277893,-0.0029167097338853587,1
2009-11-04,1.4727107286453247,1.4704583883285522,1.4900908470153809,1.4869003295898438,0.009367361024511078,1
2009-11-05,1.486303687095642,1.4813936948776243,1.4916023015975952,1.4878073930740356,0.0006100365075862868,0
2009-11-06,1.4874091148376465,1.4813936948776243,1.491290807723999,1.4848912954330444,-0.0019599967405499186,1
2009-11-09,1.486303687095642,1.4855530261993408,1.5019299983978271,1.5008028745651243,0.010715652506697149,0
2009-11-10,1.5005100965499878,1.4942991733551023,1.5019526481628418,1.4989807605743408,-0.0012140928176935795,0
2009-11-11,1.5001050233840942,1.4956402778625488,1.5048003196716309,1.4983967542648315,-0.0003896022716699532,0
2009-11-12,1.4984415769577026,1.4825797080993652,1.5016368627548218,1.4856854677200315,-0.008483258194880827,1
2009-11-13,1.4858399629592896,1.4833053350448608,1.4934957027435305,1.490890622138977,0.0035035372775997775,1
2009-11-16,1.496199607849121,1.4886490106582642,1.5015466213226318,1.498374342918396,0.005019630996593305,0
2009-11-17,1.4983068704605105,1.4811961650848389,1.4997899532318115,1.4876967668533323,-0.007126107114372338,1
2009-11-18,1.4876303672790527,1.4870109558105469,1.4990030527114868,1.495394229888916,0.005174080637322831,0
2009-11-19,1.495796799659729,1.4846047163009644,1.495796799659729,1.4916245937347412,-0.002520831014878766,0
2009-11-20,1.4916023015975952,1.48069167137146,1.4936072826385498,1.4863920211791992,-0.0035079688130111863,1
2009-11-23,1.487210035324097,1.487210035324097,1.4997899532318115,1.496199607849121,0.006598250347267909,1
2009-11-24,1.495796799659729,1.4890037775039673,1.498711109161377,1.496669888496399,0.0003143167828749682,1
2009-11-25,1.49671471118927,1.496199607849121,1.5145319700241089,1.5127906799316406,0.01077110694826433,0
2009-11-26,1.5126075744628906,1.4955060482025146,1.5136377811431885,1.4972974061965942,-0.010241518499933155,1
2009-11-27,1.4974095821380615,1.483393311500549,1.4997899532318115,1.4990930557250977,0.001199260428203619,1
2009-11-30,1.5000824928283691,1.4974992275238037,1.5084093809127808,1.5038950443267822,0.003203262521526362,1
2009-12-01,1.5034430027008057,1.497588872909546,1.511807203292847,1.5090012550354004,0.0033953238478181547,0
2009-12-02,1.5090694427490234,1.5033977031707764,1.5110077857971191,1.5069773197174072,-0.0013412416399518623,0
2009-12-03,1.5067049264907837,1.504098653793335,1.51377534866333,1.506545901298523,-0.00028628063159252815,0
2009-12-04,1.5062963962554932,1.4824038743972778,1.509297251701355,1.485707402229309,-0.01383197090195043,0
2009-12-07,1.4874753952026367,1.476581335067749,1.4904017448425293,1.484119892120361,-0.001068521370066522,0
2009-12-08,1.483393311500549,1.4677391052246094,1.48659086227417,1.4697020053863523,-0.009714772243507919,1
2009-12-09,1.4693998098373413,1.4678038358688354,1.477803349494934,1.4737958908081057,0.0027855207428102435,0
2009-12-10,1.4738175868988037,1.4689033031463623,1.4759929180145264,1.4729492664337158,-0.0005744515775014669,0
2009-12-11,1.4729926586151123,1.4591084718704224,1.4776942729949951,1.461902737617493,-0.007499598980057587,1
2009-12-14,1.4628009796142578,1.461091160774231,1.4684934616088867,1.4656953811645508,0.002594320025174124,0
2009-12-15,1.4656095504760742,1.450810194015503,1.4659103155136108,1.4542070627212524,-0.007838135120662226,0
2009-12-16,1.4539955854415894,1.450894474983215,1.4588104486465454,1.452601671218872,-0.001103963488786941,0
2009-12-17,1.4524328708648682,1.430922269821167,1.4534038305282593,1.4346996545791626,-0.012324105771328142,1
2009-12-18,1.4345967769622805,1.4264724254608154,1.4407975673675537,1.4349054098129272,0.00014341345459167876,0
2009-12-21,1.4334040880203247,1.4267982244491575,1.43709135055542,1.428673505783081,-0.004343076545135216,0
2009-12-22,1.4287755489349363,1.422191858291626,1.4331985712051392,1.4254355430603027,-0.0022664119616353506,1
2009-12-23,1.4255776405334473,1.423933506011963,1.4365959167480469,1.4336096048355105,0.005734431006019891,1
2009-12-24,1.4336917400360107,1.433301329612732,1.441794753074646,1.4384970664978027,0.0034091998587391092,1
2009-12-25,1.4384970664978027,1.4363069534301758,1.4437931776046753,1.4399055242538452,0.0009791175726701074,0
2009-12-28,1.437483787536621,1.43562650680542,1.4415037631988523,1.437504529953003,-0.0016674665527701693,0
2009-12-29,1.437504529953003,1.4338973760604858,1.4456089735031128,1.434308648109436,-0.002223215146091695,0
2009-12-30,1.4348026514053345,1.4277962446212769,1.4362038373947144,1.4342057704925537,-7.172627524620889e-05,0
2009-12-31,1.4342057704925537,1.4310450553894043,1.4438974857330322,1.4327058792114258,-0.0010457992235053393,1
2010-01-01,1.4327058792114258,1.4327058792114258,1.4401957988739014,1.4389938116073608,0.004388850836150704,1
2010-01-04,1.4310041666030884,1.4262080192565918,1.4451910257339478,1.4423978328704834,0.002365556568530547,0
2010-01-05,1.442710041999817,1.4351937770843506,1.4483097791671753,1.4365959167480469,-0.004022410454465386,1
2010-01-06,1.4365959167480469,1.4291226863861084,1.4434596300125122,1.4404033422470093,0.0026503106785804587,0
2010-01-07,1.4402996301651,1.430206060409546,1.444481372833252,1.4318032264709473,-0.0059706302559989766,1
2010-01-08,1.4320902824401855,1.4271035194396973,1.4436055421829224,1.44110906124115,0.006499381058903797,1
2010-01-11,1.4464871883392334,1.4464871883392334,1.4554345607757568,1.4511260986328125,0.0069509224950923265,0
2010-01-12,1.450894474983215,1.4459643363952637,1.454376220703125,1.447659969329834,-0.0023885789844481087,1
2010-01-13,1.4478065967559814,1.4458597898483276,1.4577046632766724,1.4523905515670776,0.0032677440403587887,0
2010-01-14,1.4524117708206177,1.4462571144104004,1.4552016258239746,1.4499897956848145,-0.0016529685349941925,0
2010-01-15,1.4499057531356812,1.434576153755188,1.4504104852676392,1.4390974044799805,-0.007512046800087768,1
2010-01-18,1.437235951423645,1.4336917400360107,1.4406731128692627,1.4406731128692627,0.0010949282406993444,0
2010-01-19,1.4405070543289185,1.4256997108459473,1.4413999319076538,1.4281021356582642,-0.008725766517542644,0
2010-01-20,1.4284082651138306,1.4087086915969849,1.4290001392364502,1.4110342264175415,-0.011951462584190775,0
2010-01-21,1.411113977432251,1.4030951261520386,1.414027214050293,1.409701585769653,-0.0009444424684664776,1
2010-01-22,1.409840703010559,1.4089070558547974,1.4181982278823853,1.414107084274292,0.0031251284308044802,1
2010-01-25,1.4154081344604492,1.413107991218567,1.4194263219833374,1.4150075912475586,0.0006368025330476534,0
2010-01-26,1.4148073196411133,1.404415488243103,1.417896747589111,1.4082324504852295,-0.004788059657231725,0
2010-01-27,1.408093810081482,1.4001679420471191,1.4097412824630735,1.4030951261520386,-0.003648065581375315,0
2010-01-28,1.4029968976974487,1.3949919939041138,1.404968023300171,1.3968042135238647,-0.004483596664915046,0
2010-01-29,1.3967065811157229,1.386481761932373,1.398699164390564,1.386693239212036,-0.007238648204189513,1
2010-02-01,1.387597680091858,1.385578989982605,1.3937088251113892,1.3926994800567627,0.004331340685081564,1
2010-02-02,1.3921760320663452,1.3889081478118896,1.3976240158081057,1.3976240158081057,0.0035359643784331762,0
2010-02-03,1.3975849151611328,1.3886189460754397,1.4024064540863037,1.3901052474975586,-0.0053796788159795605,0
2010-02-04,1.3901824951171875,1.372005581855774,1.390607833862305,1.3744947910308838,-0.01122969393488471,0
2010-02-05,1.3744759559631348,1.3588064908981323,1.374608278274536,1.368007779121399,-0.004719560926542021,0
2010-02-08,1.364498496055603,1.3625277280807495,1.3714035749435425,1.3654673099517822,-0.0018570575463016104,1
2010-02-09,1.3656724691390991,1.365094542503357,1.3839489221572876,1.378207802772522,0.009330500062421532,0
2010-02-10,1.378207802772522,1.3681387901306152,1.3811010122299194,1.3753266334533691,-0.002090518797932206,0
2010-02-11,1.375005125999451,1.360007643699646,1.3799575567245483,1.3681762218475342,-0.005199064303641587,0
2010-02-12,1.3689440488815308,1.3533082008361816,1.3689440488815308,1.363493800163269,-0.0034223820071527244,0
2010-02-15,1.36280620098114,1.3583080768585205,1.3631964921951294,1.3603036403656006,-0.002339695125336494,1
2010-02-16,1.359730243682861,1.359194278717041,1.377771019935608,1.3767088651657104,0.012059972724693058,0
2010-02-17,1.3765382766723633,1.3592311143875122,1.378872990608215,1.360692262649536,-0.01163397935571997,0
2010-02-18,1.36106276512146,1.3450260162353516,1.3653181791305542,1.3461486101150513,-0.010688421573122886,1
2010-02-19,1.3470553159713743,1.345695734024048,1.3620080947875977,1.3615074157714844,0.011409442866133768,0
2010-02-22,1.3628991842269895,1.357717990875244,1.3652995824813845,1.3605626821517944,-0.000693887972071483,0
2010-02-23,1.360618233680725,1.3497827053070068,1.3692628145217896,1.3527040481567385,-0.00577601759782731,1
2010-02-24,1.352685809135437,1.3502929210662842,1.3621937036514282,1.354316234588623,0.0011918249480227239,0
2010-02-25,1.3544628620147705,1.3452069759368896,1.356999397277832,1.3536012172698977,-0.0005279544765574018,1
2010-02-26,1.353747844696045,1.3536012172698977,1.3678580522537231,1.3631035089492798,0.007020008225574248,0
2010-03-01,1.3642936944961548,1.3462574481964111,1.365392804145813,1.356208086013794,-0.005058620192974983,1
2010-03-02,1.355968952178955,1.3445197343826294,1.3623050451278689,1.3620638847351074,0.0043177730480319365,1
2010-03-03,1.3620080947875977,1.359841227531433,1.3733999729156494,1.3701633214950562,0.005946444106418536,0
2010-03-04,1.3701257705688477,1.3557482957839966,1.3711966276168823,1.3584003448486328,-0.008585090887988533,1
2010-03-05,1.3583080768585205,1.3536561727523804,1.3628991842269895,1.3628991842269895,0.003311865603845998,0
2010-03-08,1.3641074895858765,1.36104416847229,1.370369791984558,1.3616927862167358,-0.0008851703957383217,0
2010-03-09,1.3618227243423462,1.3538578748703003,1.3635867834091189,1.360692262649536,-0.0007347645352369092,1
2010-03-10,1.3609329462051392,1.354866623878479,1.367671012878418,1.3643310070037842,0.002674186114032029,1
2010-03-11,1.364926815032959,1.3623050451278689,1.3687942028045654,1.3685319423675537,0.003079117415204946,1
2010-03-12,1.3684945106506348,1.367353081703186,1.379405498504639,1.376993179321289,0.006182710605276309,0
2010-03-15,1.3773914575576782,1.3645915985107422,1.3773914575576782,1.3677457571029663,-0.0067156630527979155,1
2010-03-16,1.3673717975616455,1.3661015033721924,1.3782837390899658,1.3768794536590576,0.006677919860952342,0
2010-03-17,1.3768984079360962,1.3730982542037964,1.3816543817520142,1.3738338947296145,-0.0022119285180337567,0
2010-03-18,1.373494267463684,1.3591018915176392,1.374003767967224,1.361396312713623,-0.009053191993373622,0
2010-03-19,1.3612295389175415,1.3504936695098877,1.36280620098114,1.353692889213562,-0.005658472428727301,1
2010-03-22,1.3514060974121094,1.3468738794326782,1.3569073677062988,1.356704831123352,0.002224981702858564,0
2010-03-23,1.356704831123352,1.3464930057525637,1.3569073677062988,1.3468012809753418,-0.00729970876554642,0
2010-03-24,1.3470009565353394,1.3307960033416748,1.3485448360443115,1.3331022262573242,-0.010171548625270699,0
2010-03-25,1.3329956531524658,1.3269991874694824,1.3370592594146729,1.3307074308395386,-0.0017964079352781326,1
2010-03-26,1.3307074308395386,1.3302825689315796,1.3424079418182373,1.3410038948059082,0.007737586585710776,1
2010-03-29,1.3448090553283691,1.3421378135681152,1.350511908531189,1.3481086492538452,0.005298086363101362,0
2010-03-30,1.347781538963318,1.3400514125823977,1.3534914255142212,1.3424079418182373,-0.004228670618472097,1
2010-03-31,1.3424079418182373,1.33879554271698,1.3545913696289062,1.3508037328720093,0.006254276954291704,1
2010-04-01,1.3508403301239014,1.3462755680084229,1.3591203689575195,1.3584003448486328,0.0056237718269196435,0
2010-04-02,1.3583265542984009,1.3477997779846191,1.359194278717041,1.3504936695098877,-0.005820578129804743,0
2010-04-05,1.34969162940979,1.3462755680084229,1.3538944721221924,1.34890878200531,-0.0011735615948150757,0
2010-04-06,1.34890878200531,1.3358268737792969,1.3497827053070068,1.3401951789855957,-0.006459742227165721,0
2010-04-07,1.340015530586243,1.3329956531524658,1.3410038948059082,1.3348461389541626,-0.003991239571150995,1
2010-04-08,1.3342050313949585,1.3285682201385498,1.3367018699645996,1.336112380027771,0.0009486045145250532,1
2010-04-09,1.336094617843628,1.3344007730484009,1.350092530250549,1.350092530250549,0.010463304158956799,1
2010-04-12,1.3636983633041382,1.356999397277832,1.3687942028045654,1.3596007823944092,0.007042667025270788,1
2010-04-13,1.3596007823944092,1.354958415031433,1.3621937036514282,1.360858917236328,0.0009253707839906866,1
2010-04-14,1.3616743087768557,1.3602850437164309,1.3678019046783447,1.3655978441238403,0.0034823057904755927,0
2010-04-15,1.3657097816467283,1.3525028228759766,1.3667924404144287,1.3574045896530151,-0.005999756448123228,0
2010-04-16,1.3574045896530151,1.3479633331298828,1.357496738433838,1.3504024744033811,-0.005158458504567087,0
2010-04-19,1.34890878200531,1.3419936895370483,1.3493273258209229,1.348726749420166,-0.0012409078145058094,0
2010-04-20,1.34890878200531,1.3430029153823853,1.352191925048828,1.343508243560791,-0.003869209134925611,0
2010-04-21,1.343562364578247,1.3363981246948242,1.3448090553283691,1.3389928340911863,-0.0033609093887189134,0
2010-04-22,1.338849425315857,1.3268054723739624,1.3419936895370483,1.3269991874694824,-0.008957214942710512,1
2010-04-23,1.326981544494629,1.320916771888733,1.3399975299835205,1.338401436805725,0.008592506645001219,1
2010-04-26,1.3363981246948242,1.3295927047729492,1.3413995504379272,1.3401232957839966,0.0012865041316609815,0
2010-04-27,1.3403747081756592,1.3148033618927002,1.341327667236328,1.3170719146728516,-0.017200940528132147,1
2010-04-28,1.3172974586486816,1.3119055032730105,1.3265942335128784,1.321283221244812,0.0031974765576916475,1
2010-04-29,1.3211959600448608,1.3185480833053589,1.3276686668395996,1.3262951374053955,0.0037932186528952805,1
2010-04-30,1.3265942335128784,1.3228038549423218,1.3342050313949585,1.3298048973083496,0.002646288751250392,0
2010-05-03,1.3323030471801758,1.3159972429275513,1.332693576812744,1.3199926614761353,-0.007378703336162529,0
2010-05-04,1.3199926614761353,1.2963947057724,1.32144033908844,1.2963947057724,-0.017877338558341616,0
2010-05-05,1.2967981100082395,1.27962327003479,1.2994945049285889,1.2814927101135254,-0.01149495257310218,0
2010-05-06,1.2815911769866943,1.2540442943572998,1.2854626178741455,1.263296127319336,-0.014199521113606228,1
2010-05-07,1.2628495693206787,1.2592238187789917,1.2795906066894531,1.2756078243255615,0.009745693618447682,1
2010-05-10,1.2878963947296145,1.2763731479644775,1.3091918230056765,1.2779226303100586,0.0018146690074756222,0
2010-05-11,1.2779226303100586,1.2618932723999023,1.28009831905365,1.262993097305298,-0.011682657972132637,1
2010-05-12,1.2635036706924438,1.2608431577682495,1.273836612701416,1.2639029026031494,0.0007203565085134311,0
2010-05-13,1.263599514961243,1.251830816268921,1.26850426197052,1.2541072368621826,-0.007750330916078685,0
2010-05-14,1.2539026737213137,1.235803723335266,1.257703423500061,1.2360023260116575,-0.014436493402130601,1
2010-05-17,1.2372256517410278,1.2246047258377075,1.2410643100738523,1.2392956018447876,0.0026644576339567294,0
2010-05-18,1.239126682281494,1.2167818546295166,1.244168043136597,1.217893362045288,-0.017269681073378007,1
2010-05-19,1.2185908555984497,1.2145946025848389,1.2433016300201416,1.2393416166305542,0.017610946289457363,1
2010-05-20,1.2390038967132568,1.229906439781189,1.25979483127594,1.2478941679000854,0.006900882819366183,1
2010-05-21,1.24819016456604,1.2477073669433594,1.2672022581100464,1.2567076683044434,0.007062698609441309,0
2010-05-24,1.2533998489379885,1.2333954572677612,1.2545005083084106,1.234994888305664,-0.017277510551100828,0
2010-05-25,1.235193133354187,1.2181010246276855,1.2386049032211304,1.2345983982086182,-0.0003210459418093725,0
2010-05-26,1.2345983982086182,1.215569019317627,1.235803723335266,1.217300295829773,-0.014011116816565194,1
2010-05-27,1.2172558307647705,1.216604232788086,1.2394952774047852,1.2347966432571411,0.014373074160342503,0
2010-05-28,1.2341870069503784,1.226798176765442,1.244725465774536,1.227400541305542,-0.00598973279688364,1
2010-05-31,1.2277169227600098,1.2270991802215576,1.2334866523742676,1.2287880182266235,0.00113041902328459,0
2010-06-01,1.2288031578063965,1.2115044593811035,1.233897686004639,1.2233014106750488,-0.0044650561937387145,1
2010-06-02,1.2237056493759155,1.2181158065795898,1.2272950410842896,1.223900318145752,0.0004895829151154718,0
2010-06-03,1.2237505912780762,1.2154951095581057,1.2324985265731812,1.216944694519043,-0.005683161874855069,0
2010-06-04,1.2170928716659546,1.1958003044128418,1.221672534942627,1.1971030235290527,-0.016304496892385112,0
2010-06-07,1.1944148540496826,1.188198804855347,1.1988970041275024,1.1922929286956787,-0.004018112676045127,1
2010-06-08,1.1923072338104248,1.190504550933838,1.200898289680481,1.197203278541565,0.004118408930981365,1
2010-06-09,1.1971030235290527,1.1925773620605469,1.2073066234588623,1.1991989612579346,0.0016669539351752416,1
2010-06-10,1.1991989612579346,1.1958575248718262,1.2141520977020264,1.2109030485153198,0.009759921110261693,1
2010-06-11,1.2107563018798828,1.2053711414337158,1.2151997089385986,1.2114017009735107,0.0004118021329637678,1
2010-06-14,1.2147272825241089,1.2147272825241089,1.229800581932068,1.221806883811951,0.008589374466024147,1
2010-06-15,1.221567988395691,1.2171964645385742,1.235101580619812,1.2319064140319824,0.008266060990360202,0
2010-06-16,1.2319064140319824,1.226301670074463,1.234903335571289,1.2311935424804688,-0.0005786734636606949,1
2010-06-17,1.2314057350158691,1.2246947288513184,1.2410026788711548,1.238206148147583,0.005695778466305201,1
2010-06-18,1.2382827997207642,1.235696792602539,1.2414957284927368,1.2392956018447876,0.0008798645515002423,0
2010-06-21,1.2408949136734009,1.2306026220321655,1.2468050718307495,1.231602907180786,-0.0062073121639022455,0
2010-06-22,1.231693983078003,1.225805640220642,1.234750747680664,1.2275059223175049,-0.00332654692465717,1
2010-06-23,1.2275059223175049,1.2210757732391355,1.2340651750564575,1.2319064140319824,0.0035849046709033328,1
2010-06-24,1.2319064140319824,1.226602554321289,1.2386661767959597,1.2337453365325928,0.0014927452927140372,1
2010-06-25,1.23350191116333,1.225895881652832,1.2394031286239624,1.2373021841049194,0.002882967389626012,0
2010-06-28,1.238006830215454,1.226798176765442,1.2398948669433594,1.2277017831802368,-0.0077591400451844095,0
2010-06-29,1.227325201034546,1.2154361009597778,1.2289994955062866,1.218635320663452,-0.007384906205234243,1
2010-06-30,1.21873939037323,1.2167818546295166,1.230027437210083,1.223002314567566,0.0035835116790612354,1
2010-07-01,1.2231967449188232,1.2198989391326904,1.2507504224777222,1.2507504224777222,0.02268851626823576,1
2010-07-02,1.2509069442749023,1.2483927011489868,1.2610021829605105,1.257102608680725,0.005078700025876737,0
2010-07-05,1.2555242776870728,1.2511730194091797,1.2557923793792725,1.2536983489990234,-0.0027080205372210786,1
2010-07-06,1.2541072368621826,1.2483770847320557,1.2660791873931885,1.262403130531311,0.006943282280970964,1
2010-07-07,1.261702299118042,1.2561078071594238,1.2660951614379885,1.2633121013641355,0.000720032144123417,1
2010-07-08,1.2634079456329346,1.262403130531311,1.2710840702056885,1.2694060802459717,0.004823811056076988,0
2010-07-09,1.269196629524231,1.2613998651504517,1.2721028327941897,1.2643983364105225,-0.003944950251442703,0
2010-07-12,1.264606237411499,1.2553982734680176,1.264702081680298,1.259001851081848,-0.004268026280384474,1
2010-07-13,1.2590177059173584,1.252536416053772,1.2738852500915527,1.2720866203308103,0.010392970620113795,1
2010-07-14,1.2721675634384155,1.2686008214950562,1.277563452720642,1.274047613143921,0.0015415560401073058,1
2010-07-15,1.2741451263427734,1.2712457180023191,1.2956053018569946,1.2928582429885864,0.014764463785028603,1
2010-07-16,1.2922067642211914,1.28940749168396,1.3004070520401,1.2931926250457764,0.0002586378352023022,1
2010-07-19,1.2902560234069824,1.2874983549118042,1.2990050315856934,1.2939456701278689,0.0005823147051011723,0
2010-07-20,1.2942136526107788,1.284406065940857,1.302677035331726,1.289307713508606,-0.0035843518984878253,0
2010-07-21,1.289324402809143,1.2735933065414429,1.291205644607544,1.276796817779541,-0.00970357626653684,1
2010-07-22,1.2769924402236938,1.2739015817642212,1.2925074100494385,1.2903059720993042,0.010580504377553757,1
2010-07-23,1.2901561260223389,1.2799999713897705,1.2964283227920532,1.291305661201477,0.0007747690267188023,1
2010-07-26,1.2889255285263062,1.288693070411682,1.3004916906356812,1.299899935722351,0.006655492017960896,0
2010-07-27,1.299595832824707,1.2956053018569946,1.3045804500579834,1.2990893125534058,-0.0006236042841981648,1
2010-07-28,1.299595832824707,1.296764612197876,1.3040019273757937,1.2992243766784668,0.00010396831361458858,1
2010-07-29,1.2997984886169434,1.2981956005096436,1.310701847076416,1.307805061340332,0.0066044671081388895,0
2010-07-30,1.307651162147522,1.2982797622680664,1.3093974590301514,1.3039000034332275,-0.0029859632926503288,1
2010-08-02,1.3060115575790403,1.30577290058136,1.319400429725647,1.3175925016403198,0.010501187338783025,1
2010-08-03,1.3175057172775269,1.3149935007095337,1.3261016607284546,1.3225064277648926,0.003729473352690693,0
2010-08-04,1.3225939273834229,1.3136979341506958,1.32397723197937,1.3225064277648926,0.0,0
2010-08-05,1.3161011934280396,1.3122326135635376,1.323556661605835,1.315806865692139,-0.0050658068135640555,1
2010-08-06,1.3179919719696045,1.3159972429275513,1.3329956531524658,1.3181308507919312,0.0017662053302707204,1
2010-08-09,1.3286035060882568,1.323118805885315,1.3304240703582764,1.3285682201385498,0.007918310492731395,0
2010-08-10,1.323101282119751,1.3081471920013428,1.323101282119751,1.3229963779449463,-0.004193869843599374,0
2010-08-11,1.3185653686523438,1.287166953086853,1.3185653686523438,1.3184958696365356,-0.003401754066327367,0
2010-08-12,1.2841421365737915,1.2787070274353027,1.2931926250457764,1.284406065940857,-0.02585507052447278,0
2010-08-13,1.2828571796417236,1.2753475904464722,1.2903891801834106,1.2829889059066772,-0.0011033582538724218,0
2010-08-16,1.2769924402236938,1.2735933065414429,1.28698468208313,1.277090311050415,-0.004597541591440102,1
2010-08-17,1.281295657157898,1.2805408239364624,1.2912222146987915,1.2811970710754397,0.0032157162179444754,1
2010-08-18,1.287697434425354,1.282495141029358,1.291906237602234,1.2879958152770996,0.005306556153732878,0
2010-08-19,1.2855453491210938,1.2780042886734009,1.2900062799453735,1.28564453125,-0.0018255370081259326,0
2010-08-20,1.2809016704559326,1.2665603160858154,1.2833017110824585,1.2808033227920532,-0.003765588652440144,0
2010-08-23,1.2710840702056885,1.2649260759353638,1.2728638648986816,1.2710033655166626,-0.007651414624711861,0
2010-08-24,1.264014720916748,1.2591921091079712,1.271795392036438,1.2635036706924438,-0.005900609729046713,0
2010-08-25,1.2634557485580444,1.261304497718811,1.271876335144043,1.263296127319336,-0.00016426020590365464,1
2010-08-26,1.2660951614379885,1.2651981115341189,1.276356816291809,1.26639986038208,0.0024568531444246755,1
2010-08-27,1.270599603652954,1.2682629823684692,1.2780042886734009,1.2706480026245115,0.0033545030881081406,1
2010-08-30,1.275298833847046,1.267330765724182,1.2757054567337036,1.2753963470458984,0.003736947141599556,0
2010-08-31,1.2662074565887451,1.2628016471862793,1.2741937637329102,1.266592264175415,-0.006903017160803104,1
2010-09-01,1.2686008214950562,1.266784906387329,1.285000205039978,1.268729567527771,0.0016874438703029515,1
2010-09-02,1.280442476272583,1.27790629863739,1.2848845720291138,1.2802950143814087,0.00911576993998331,1
2010-09-03,1.2826104164123535,1.28127920627594,1.2884937524795532,1.2825939655303955,0.001795641725667041,1
2010-09-06,1.28940749168396,1.2869019508361816,1.29163920879364,1.28940749168396,0.005312301739036185,0
2010-09-07,1.2868025302886963,1.270405888557434,1.2868356704711914,1.2868356704711914,-0.0019945759811040853,0
2010-09-08,1.2678931951522827,1.2664159536361694,1.2761938571929932,1.2677966356277466,-0.014795233983895928,1
2010-09-09,1.2732040882110596,1.2668811082839966,1.2763731479644775,1.2732040882110596,0.004265236577659426,0
2010-09-10,1.2689871788024902,1.264702081680298,1.2744373083114624,1.269309401512146,-0.003058964964828159,1
2010-09-13,1.2718924283981323,1.2716983556747437,1.2887927293777466,1.2716983556747437,0.0018820897093740907,1
2010-09-14,1.287166953086853,1.283285140991211,1.3017951250076294,1.287200093269348,0.01218979133332243,1
2010-09-15,1.299106240272522,1.2959243059158323,1.303593993186951,1.2991737127304075,0.009302065408220983,1
2010-09-16,1.3013039827346802,1.2978922128677368,1.3113033771514893,1.3015071153640747,0.001796066692854481,1
2010-09-17,1.307514190673828,1.302592158317566,1.3157029151916504,1.3075997829437256,0.0046812403157292515,0
2010-09-20,1.304206132888794,1.3031013011932373,1.3119227886199951,1.3043931722640991,-0.0024522875588183224,1
2010-09-21,1.3067454099655151,1.305943250656128,1.3148897886276243,1.3066941499710083,0.0017640215817100735,1
2010-09-22,1.325398564338684,1.3252054452896118,1.343706727027893,1.3256973028182983,0.014542923336506641,1
2010-09-23,1.3392258882522583,1.3313274383544922,1.3412017822265625,1.339100360870361,0.01011019485637421,0
2010-09-24,1.331806182861328,1.3288507461547852,1.349199891090393,1.331912636756897,-0.0053675768624186215,1
2010-09-27,1.348199486732483,1.3431833982467651,1.3503658771514893,1.3479087352752686,0.012009870675392609,0
2010-09-28,1.3439956903457642,1.338401436805725,1.3580129146575928,1.3439054489135742,-0.0029699980843856943,1
2010-09-29,1.356999397277832,1.3567785024642944,1.364237904548645,1.3570915460586548,0.009811774448671429,1
2010-09-30,1.36280620098114,1.3565207719802856,1.367708444595337,1.36280620098114,0.004210957572524876,0
2010-10-01,1.3623050451278689,1.3620823621749878,1.377581238746643,1.362212300300598,-0.00043579247006242383,1
2010-10-04,1.377771019935608,1.3669419288635254,1.378435730934143,1.377695083618164,0.011365910669100199,0
2010-10-05,1.3675026893615725,1.363902926445007,1.3847538232803345,1.367409110069275,-0.007466074076330265,1
2010-10-06,1.3836042881011963,1.3804336786270142,1.3928158283233645,1.3833937644958496,0.011689738139718076,1
2010-10-07,1.3924086093902588,1.389970064163208,1.4023081064224243,1.3920016288757324,0.006222280742330666,1
2010-10-08,1.3922922611236572,1.3850990533828735,1.397506833076477,1.3927963972091677,0.0005709535944129485,1
2010-10-11,1.3987383842468262,1.3886960744857788,1.4006190299987793,1.3977607488632202,0.003564305352885766,0
2010-10-12,1.3880984783172607,1.3780179023742676,1.3881947994232178,1.3880213499069214,-0.006967858386508374,1
2010-10-13,1.3916915655136108,1.391207575798035,1.3999327421188354,1.3916915655136108,0.002644206882650213,1
2010-10-14,1.3969016075134275,1.3967065811157229,1.4118908643722534,1.3967260122299194,0.0036175017806123755,1
2010-10-15,1.4070039987564087,1.3993059396743774,1.4148073196411133,1.4072020053863523,0.0075003923924261695,0
2010-10-18,1.397096872329712,1.3837957382202148,1.397409200668335,1.3964334726333618,-0.007652442728031783,0
2010-10-19,1.3937865495681765,1.377353549003601,1.3994038105010986,1.3935922384262085,-0.002034636280807134,0
2010-10-20,1.374003767967224,1.3704450130462646,1.398308038711548,1.3739094734191897,-0.01412376193286402,1
2010-10-21,1.3963944911956787,1.387905836105347,1.4051061868667605,1.3963165283203125,0.016308974742971438,0
2010-10-22,1.3916722536087036,1.386693239212036,1.3968042135238647,1.3916915655136108,-0.0033122595864887305,1
2010-10-25,1.3937475681304932,1.3936116695404053,1.4076972007751465,1.3944084644317627,0.0019522277676153887,1
2010-10-26,1.3935922384262085,1.3839681148529053,1.39819073677063,1.3948947191238403,0.000348717541868826,0
2010-10-27,1.385751724243164,1.376007914543152,1.387694001197815,1.3854252099990845,-0.006788690927659324,0
2010-10-28,1.377695083618164,1.3775053024291992,1.3939614295959473,1.377808928489685,-0.005497432452094886,0
2010-10-29,1.377695083618164,1.377695083618164,1.3941168785095217,1.377808928489685,0.0,1
2010-11-01,1.3937671184539795,1.386616349220276,1.4011685848236084,1.397506833076477,0.014296542996266037,0
2010-11-02,1.391207575798035,1.3883682489395142,1.4047904014587402,1.3910914659500122,-0.004590580149323564,1
2010-11-03,1.4030951261520386,1.399364709854126,1.4059555530548096,1.4036072492599487,0.008997095889298201,1
2010-11-04,1.413207769393921,1.4105168581008911,1.4282041788101196,1.4127286672592163,0.0064985543527769085,1
2010-11-05,1.4228191375732422,1.403311848640442,1.423001408576965,1.422798991203308,0.007128278895641715,0
2010-11-08,1.4075981378555298,1.3893907070159912,1.4081135988235474,1.407578468322754,-0.010697591841614784,0
2010-11-09,1.385809302330017,1.3828389644622805,1.3971943855285645,1.3869625329971311,-0.014646384403839585,0
2010-11-10,1.3770312070846558,1.3675026893615725,1.3820935487747192,1.377201795578003,-0.007037491775668925,1
2010-11-11,1.377201795578003,1.3661761283874512,1.3819025754928589,1.3775622844696045,0.0002617545901835161,0
2010-11-12,1.361655831336975,1.357994556427002,1.377201795578003,1.3621008396148682,-0.011223771896955892,1
2010-11-15,1.3695628643035889,1.359194278717041,1.3747026920318604,1.3693190813064575,0.005299344572484266,0
2010-11-16,1.3576072454452517,1.3542062044143677,1.3653181791305542,1.357478380203247,-0.00864714533292954,0
2010-11-17,1.3493820428848269,1.3465473651885986,1.3553073406219482,1.3490543365478516,-0.006205655852975167,1
2010-11-18,1.3547749519348145,1.3545180559158323,1.3667924404144287,1.355399250984192,0.004703231192730639,1
2010-11-19,1.3659336566925049,1.360970139503479,1.3730982542037964,1.365728497505188,0.0076208146887315475,1
2010-11-22,1.3744947910308838,1.3610072135925293,1.3786447048187256,1.3744381666183472,0.006377306418566597,0
2010-11-23,1.3601926565170288,1.3400874137878418,1.3613591194152832,1.3601926565170288,-0.010364606023978373,0
2010-11-24,1.338777780532837,1.3289920091629028,1.3418855667114258,1.3386342525482178,-0.015849522393404536,0
2010-11-25,1.3357912302017212,1.3289036750793457,1.3375064134597778,1.3357912302017212,-0.0021238230988670503,0
2010-11-26,1.3342229127883911,1.3204457759857178,1.3350600004196167,1.3339736461639404,-0.0013606797205175658,0
2010-11-29,1.324275255203247,1.306796669960022,1.3297518491744995,1.3238019943237305,-0.007625077054153384,0
2010-11-30,1.310152292251587,1.2972524166107178,1.315028190612793,1.3103927373886108,-0.010129352420238491,0
2010-12-01,1.2994945049285889,1.297706961631775,1.313456416130066,1.2992074489593506,-0.008535829076365742,1
2010-12-02,1.3125598430633545,1.3065063953399658,1.3211959600448608,1.312490940093994,0.010224303397647017,1
2010-12-03,1.321300745010376,1.3195048570632937,1.337667465209961,1.3215975761413574,0.006938437263964037,1
2010-12-06,1.341705560684204,1.3250473737716677,1.3419756889343262,1.341597557067871,0.015133185235483904,0
2010-12-07,1.3290449380874634,1.3283741474151611,1.3398001194000244,1.328691840171814,-0.009619663384199395,0
2010-12-08,1.3248717784881592,1.3186001777648926,1.3280036449432373,1.3244681358337402,-0.003178844191236707,1
2010-12-09,1.3245383501052856,1.317401647567749,1.3323030471801758,1.3250824213027954,0.00046379784642280875,0
2010-12-10,1.3240649700164795,1.3183915615081787,1.3281975984573364,1.3242051601409912,-0.0006620427134952367,0
2010-12-13,1.3198705911636353,1.3183915615081787,1.338258147239685,1.319713830947876,-0.0033917170301897004,1
2010-12-14,1.3394052982330322,1.3367018699645996,1.3494184017181396,1.3395488262176514,0.015029769943025517,0
2010-12-15,1.3360053300857544,1.328691840171814,1.3377926349639893,1.336094617843628,-0.0025786356618121564,0
2010-12-16,1.3226288557052612,1.3184610605239868,1.3261016607284546,1.3224014043807983,-0.010248685444844918,1
2010-12-17,1.324099898338318,1.3143022060394287,1.3360053300857544,1.323994755744934,0.0012048923714518267,0
2010-12-20,1.3163783550262451,1.3098949193954468,1.3182003498077393,1.3164995908737185,-0.005661023080864469,0
2010-12-21,1.3119227886199951,1.3118022680282593,1.3199926614761353,1.3118022680282593,-0.00356803973052644,0
2010-12-22,1.309174656867981,1.3079931735992432,1.3179919719696045,1.3090033531188965,-0.0021336408524204042,1
2010-12-23,1.311595797538757,1.3058068752288818,1.3152011632919312,1.3115441799163818,0.0019410391817802353,1
2010-12-24,1.3123704195022583,1.309963583946228,1.3146650791168213,1.31271493434906,0.0008926534466822122,0
2010-12-27,1.3081984519958496,1.307976007461548,1.3169851303100586,1.307976007461548,-0.0036100197868640382,1
2010-12-28,1.3188958168029783,1.314198613166809,1.327439546585083,1.3189654350280762,0.0084018571471014,0
2010-12-29,1.3086949586868286,1.3086265325546265,1.3156336545944214,1.3086265325546265,-0.00783864550114588,1
2010-12-30,1.3221042156219482,1.3221042156219482,1.33109712600708,1.3224539756774902,0.010566378396646536,1
2010-12-31,1.330105543136597,1.3289920091629028,1.342371940612793,1.3301233053207395,0.005799316864180781,1
2011-01-03,1.335594892501831,1.3252933025360107,1.3365052938461304,1.3357912302017212,0.004261202595510438,0
2011-01-04,1.3360053300857544,1.3318239450454712,1.3430931568145752,1.3356841802597046,-8.013972512788126e-05,0
2011-01-05,1.3323917388916016,1.3129045963287354,1.3323917388916016,1.3321077823638916,-0.002677577490749039,0
2011-01-06,1.3161011934280396,1.303373098373413,1.3170371055603027,1.3156856298446655,-0.012327945783849548,0
2011-01-07,1.2989037036895752,1.2938953638076782,1.3021341562271118,1.297993302345276,-0.013447230172665359,0
2011-01-10,1.2898067235946655,1.287713885307312,1.2948336601257324,1.289507269859314,-0.006537809147881712,1
2011-01-11,1.2959076166152954,1.2910054922103882,1.2986000776290894,1.2964956760406494,0.005419439149108474,1
2011-01-12,1.2986000776290894,1.2966636419296265,1.3063186407089231,1.2983977794647217,0.0014671112748181336,1
2011-01-13,1.3128011226654053,1.3091918230056765,1.3352917432785034,1.3128355741500854,0.011119700690889855,1
2011-01-14,1.3351134061813354,1.3326047658920288,1.3448994159698486,1.335327386856079,0.017132238910081865,1
2011-01-17,1.3376137018203735,1.3252933025360107,1.3380253314971924,1.3380253314971924,0.002020436836441597,0
2011-01-18,1.3283741474151611,1.3255919218063354,1.3461124897003174,1.3283917903900146,-0.007199819674862384,1
2011-01-19,1.3381685018539429,1.337810516357422,1.3536745309829712,1.337810516357422,0.007090322324742937,1
2011-01-20,1.3453155755996704,1.3403029441833496,1.351807951927185,1.3452069759368896,0.0055287796657530475,1
2011-01-21,1.3465656042099,1.3450984954833984,1.3588987588882446,1.3468012809753418,0.001185174524791499,1
2011-01-24,1.3621937036514282,1.3547013998031616,1.368007779121399,1.361952543258667,0.011249812795212755,1
2011-01-25,1.364405393600464,1.3575890064239502,1.3684009313583374,1.364405393600464,0.0018009807712744408,1
2011-01-26,1.3687942028045654,1.365019917488098,1.3717608451843262,1.3686069250106812,0.003079386397857764,1
2011-01-27,1.3708019256591797,1.3642936944961548,1.375629425048828,1.3710086345672607,0.0017548570832788268,1
2011-01-28,1.372495174407959,1.3616001605987549,1.3747026920318604,1.3723068237304688,0.0009468862051460469,0
2011-01-31,1.3576072454452517,1.3572757244110107,1.3737962245941162,1.3572757244110107,-0.010953162266290839,1
2011-02-01,1.3714975118637085,1.3704825639724731,1.3793293237686155,1.3713847398757937,0.010395098955229276,1
2011-02-02,1.3827816247940063,1.3781508207321167,1.386001467704773,1.382991909980774,0.008463832043246633,0
2011-02-03,1.381577968597412,1.3618968725204468,1.382456660270691,1.3817880153656006,-0.0008705001139088786,0
2011-02-04,1.3628991842269895,1.3545913696289062,1.3647592067718506,1.362453579902649,-0.013992331130355029,0
2011-02-07,1.3575152158737185,1.3510043621063232,1.36263906955719,1.357496738433838,-0.003638172736252221,1
2011-02-08,1.3594160079956057,1.3574045896530151,1.367465257644653,1.359194278717041,0.0012504930841761297,1
2011-02-09,1.362323522567749,1.3612109422683716,1.3718926906585691,1.3626948595046997,0.0025754822856987047,1
2011-02-10,1.3718926906585691,1.3581420183181765,1.3728156089782717,1.372099757194519,0.0069016901503817785,0
2011-02-11,1.360544204711914,1.3509862422943115,1.3621565103530884,1.3601926565170288,-0.00867801383613409,0
2011-02-14,1.351515769958496,1.3431652784347534,1.3558955192565918,1.3510043621063232,-0.006755141903378226,0
2011-02-15,1.348308563232422,1.346203088760376,1.3547013998031616,1.3481086492538452,-0.002143377870344798,1
2011-02-16,1.3496005535125732,1.3465473651885986,1.3567968606948853,1.3498555421829224,0.001295810193076008,1
2011-02-17,1.3576626777648926,1.3538944721221924,1.36106276512146,1.357533574104309,0.005688039706063686,1
2011-02-18,1.362212300300598,1.3547931909561155,1.364517092704773,1.3626019954681396,0.003733551390929346,1
2011-02-21,1.3713659048080444,1.3650014400482178,1.3713659048080444,1.3713470697402954,0.006417922695872269,0
2011-02-22,1.3681200742721558,1.3527954816818235,1.3700506687164309,1.3682323694229126,-0.002271270625876398,0
2011-02-23,1.367409110069275,1.3673717975616455,1.3783977031707764,1.3673717975616455,-0.0006289661613765318,1
2011-02-24,1.3757808208465576,1.3708019256591797,1.3816925287246704,1.3764055967330933,0.006606688237652092,1
2011-02-25,1.382208228111267,1.37247633934021,1.3837957382202148,1.381998062133789,0.00406309405742733,0
2011-02-28,1.373607516288757,1.371309518814087,1.3853293657302856,1.373437762260437,-0.006194147522996518,1
2011-03-01,1.3827433586120603,1.378834843635559,1.3852909803390503,1.3821508884429932,0.006344026953369886,0
2011-03-02,1.376955270767212,1.3744571208953855,1.3890045881271362,1.3771828413009644,-0.003594431826199118,1
2011-03-03,1.3867510557174685,1.3834511041641235,1.397506833076477,1.3866548538208008,0.006877817698402788,1
2011-03-04,1.3959071636199951,1.3947001695632937,1.4006974697113037,1.3958877325057983,0.006658382696715925,1
2011-03-07,1.3988752365112305,1.3958877325057983,1.4036072492599487,1.3990709781646729,0.0022804453286227044,0
2011-03-08,1.3964920043945312,1.3868086338043213,1.3989927768707275,1.3963944911956787,-0.0019130458788482185,0
2011-03-09,1.3894485235214231,1.385905385017395,1.3940778970718384,1.3897961378097534,-0.004725278871785976,1
2011-03-10,1.3904725313186646,1.3795006275177002,1.3925055265426636,1.3902212381362915,0.0003058724333542262,0
2011-03-11,1.3803004026412964,1.375421166419983,1.3842363357543943,1.3801289796829224,-0.007259462146398166,1
2011-03-14,1.3934756517410278,1.390665888786316,1.3979365825653076,1.3934563398361206,0.00965660481693531,1
2011-03-15,1.3990318775177002,1.385809302330017,1.40001118183136,1.3992079496383667,0.004127585226618935,0
2011-03-16,1.3985623121261597,1.3914979696273804,1.4000699520111084,1.3986209630966189,-0.0004195134410861501,0
2011-03-17,1.388406753540039,1.388406753540039,1.4046916961669922,1.3884838819503784,-0.007247911631323212,1
2011-03-18,1.4035087823867798,1.3983275890350342,1.4145472049713137,1.4032920598983765,0.010664998089280786,1
2011-03-21,1.4167917966842651,1.414587140083313,1.4201923608779907,1.4170527458190918,0.009806002837151162,1
2011-03-22,1.4218480587005615,1.4180777072906494,1.4248058795928955,1.4217066764831543,0.0032842324873181283,0
2011-03-23,1.4172536134719849,1.4110939502716064,1.421403408050537,1.4168118238449097,-0.003442941303724467,0
2011-03-24,1.410855054855347,1.40559983253479,1.4210197925567627,1.4105963706970217,-0.00438692919079442,1
2011-03-25,1.4169723987579346,1.4113727807998655,1.4193657636642456,1.4171934127807615,0.004676775171681413,0
2011-03-28,1.402504801750183,1.4024064540863037,1.4114325046539309,1.402603268623352,-0.010295097356387783,1
2011-03-29,1.4077171087265017,1.4051061868667605,1.4150075912475586,1.4079747200012207,0.003829629873271845,1
2011-03-30,1.4112931489944458,1.405402421951294,1.4129084348678589,1.411113977432251,0.0022296262755538976,1
2011-03-31,1.412190079689026,1.4118908643722534,1.4233052730560305,1.4121301174163818,0.0007200977386532248,1
2011-04-01,1.4160094261169434,1.406469702720642,1.4215044975280762,1.415869116783142,0.0026477725534252983,1
2011-04-04,1.4223941564559937,1.4194867610931396,1.4268592596054075,1.4223334789276123,0.004565649513676329,0
2011-04-05,1.4219290018081665,1.415608525276184,1.423284888267517,1.422009825706482,-0.0002275508704009388,0
2011-04-06,1.422009825706482,1.4219088554382324,1.4346996545791626,1.4219088554382324,-7.100532389037184e-05,1
2011-04-07,1.4336096048355105,1.4248058795928955,1.4336096048355105,1.4335273504257202,0.00817105466574164,0
2011-04-08,1.4301036596298218,1.4293065071105957,1.4443144798278809,1.430206060409546,-0.0023168654683762835,1
2011-04-11,1.4460898637771606,1.442168951034546,1.4483307600021362,1.446215271949768,0.011193639842106196,0
2011-04-12,1.4434388875961304,1.4380420446395874,1.4516948461532593,1.4437931776046753,-0.0016747813358569674,1
2011-04-13,1.4474921226501465,1.445776104927063,1.4519267082214355,1.447638988494873,0.0026636854570667445,0
2011-04-14,1.4446065425872805,1.4368435144424438,1.451505184173584,1.444210171699524,-0.002368557922658665,0
2011-04-15,1.4486035108566284,1.4394289255142212,1.450494647026062,1.4432096481323242,-0.00069278252348981,0
2011-04-18,1.4416908025741575,1.4165911674499512,1.4420026540756226,1.4412959814071655,-0.0013259797200186885,0
2011-04-19,1.4222726821899414,1.420757293701172,1.432808518409729,1.4223941564559937,-0.013114464478501953,1
2011-04-20,1.4338973760604858,1.4336096048355105,1.4539532661437988,1.433794617652893,0.008014980338012956,1
2011-04-21,1.4513999223709106,1.4508734941482544,1.464793682098389,1.4513999223709106,0.01227881908696049,1
2011-04-22,1.4553074836730957,1.4536997079849243,1.458895564079285,1.455498218536377,0.0028236849832343758,1
2011-04-25,1.455519437789917,1.453044891357422,1.4625656604766846,1.4557099342346191,0.0001454592630523166,1
2011-04-26,1.457789659500122,1.4499688148498535,1.4649009704589844,1.4578959941864014,0.0015017139749970987,1
2011-04-27,1.468989610671997,1.4638073444366455,1.470999240875244,1.4687954187393188,0.007476133137329866,1
2011-04-28,1.477999925613403,1.4778470993041992,1.4882060289382937,1.477999925613403,0.0062667045094575435,1
2011-04-29,1.4842960834503174,1.4804943799972534,1.487895965576172,1.484406352043152,0.004334524189566702,0
2011-05-02,1.480560302734375,1.4771267175674438,1.4902464151382446,1.4793994426727295,-0.0033730045438912226,1
2011-05-03,1.4824918508529663,1.475796818733215,1.48873770236969,1.4823819398880005,0.002016018885259818,1
2011-05-04,1.4835034608840942,1.4778908491134644,1.4938081502914429,1.4833273887634275,0.0006377903359362502,0
2011-05-05,1.4824038743972778,1.4581297636032104,1.489735722541809,1.4829754829406738,-0.0002372408312685259,0
2011-05-06,1.4540168046951294,1.4466965198516846,1.4587039947509766,1.454439640045166,-0.019242289049123396,0
2011-05-09,1.4345967769622805,1.4258012771606443,1.4440432786941528,1.4352967739105225,-0.013161677946325168,1
2011-05-10,1.4375457763671875,1.4274905920028689,1.4394081830978394,1.4376078844070437,0.001610196956149057,1
2011-05-11,1.44110906124115,1.4265742301940918,1.4422314167022705,1.44110906124115,0.0024354184976873583,0
2011-05-12,1.4212822914123535,1.412608981132507,1.4255776405334473,1.4211004972457886,-0.013884142799108545,1
2011-05-13,1.4236091375350952,1.414207100868225,1.4340001344680786,1.423791527748108,0.0018936243478451242,0
2011-05-16,1.407558560371399,1.4050863981246948,1.4246028661727903,1.4077963829040527,-0.011234190211367068,1
2011-05-17,1.415808916091919,1.4125491380691528,1.422292947769165,1.415808916091919,0.005691542672767502,1
2011-05-18,1.4268999099731443,1.4196277856826782,1.428653120994568,1.4268999099731443,0.00783367992330497,0
2011-05-19,1.4256184101104736,1.4211004972457886,1.4305946826934814,1.4255167245864868,-0.0009693639876139359,1
2011-05-20,1.4318032264709473,1.4145071506500244,1.434390902519226,1.4316186904907229,0.004280529157598023,0
2011-05-23,1.4108750820159912,1.3976044654846191,1.413467526435852,1.4105764627456665,-0.014698206921176515,0
2011-05-24,1.4037057161331177,1.4004229307174685,1.4133076667785645,1.403666377067566,-0.004898767178243002,1
2011-05-25,1.4099202156066897,1.40179705619812,1.411671757698059,1.4099003076553345,0.004441176827781446,0
2011-05-26,1.4082324504852295,1.4070239067077637,1.420494794845581,1.4084903001785278,-0.0010000760118645813,1
2011-05-27,1.413107991218567,1.41282856464386,1.430308222770691,1.4135074615478516,0.00356208443088879,1
2011-05-30,1.4294904470443726,1.425984263420105,1.4305537939071655,1.4297356605529783,0.011480801797364437,1
2011-05-31,1.4324184656143188,1.432233810424805,1.4422937631607056,1.432233810424805,0.0017472809420311375,1
2011-06-01,1.44275164604187,1.438807487487793,1.445776104927063,1.4427932500839231,0.007372706594593215,0
2011-06-02,1.4345967769622805,1.4329932928085327,1.4483938217163086,1.434493899345398,-0.005752279987477404,1
2011-06-03,1.448708415031433,1.445985198020935,1.460493564605713,1.4486035108566284,0.009835950865785481,1
2011-06-06,1.4656095504760742,1.4595344066619873,1.4657169580459597,1.465502142906189,0.011665463960920164,0
2011-06-07,1.4581509828567505,1.4567067623138428,1.4691839218139648,1.458299994468689,-0.004914457800257899,1
2011-06-08,1.4687954187393188,1.4572373628616333,1.4690111875534058,1.4686013460159302,0.007063945406510452,0
2011-06-09,1.459896683692932,1.4482049942016602,1.4645577669143677,1.4601950645446775,-0.005724005016104261,0
2011-06-10,1.4512313604354858,1.435708999633789,1.4547992944717407,1.451568365097046,-0.005907908920594562,0
2011-06-13,1.43336284160614,1.4326032400131226,1.4403409957885742,1.4332603216171265,-0.01261259470799736,1
2011-06-14,1.4417531490325928,1.4381040334701538,1.4486035108566284,1.4416908025741575,0.005882030521516812,1
2011-06-15,1.4448988437652588,1.4209591150283811,1.4450031518936155,1.4450031518936155,0.002297544878238744,0
2011-06-16,1.4186408519744873,1.4077963829040527,1.420030951499939,1.4181982278823853,-0.01855007996079694,1
2011-06-17,1.4199906587600708,1.4129482507705688,1.4338356256484983,1.419909954071045,0.0012069724492713707,1
2011-06-20,1.4294085502624512,1.4194263219833374,1.4325006008148191,1.4285101890563965,0.006056887593958837,1
2011-06-21,1.432479977607727,1.4310245513916016,1.4404033422470093,1.4325416088104248,0.0028221148052791634,1
2011-06-22,1.4380213022232056,1.4349054098129272,1.4437931776046753,1.4381660223007202,0.003926178098914601,0
2011-06-23,1.4318032264709473,1.413127899169922,1.4334040880203247,1.4314342737197876,-0.004680786833055173,0
2011-06-24,1.4273072481155396,1.4161096811294556,1.4305946826934814,1.427001714706421,-0.003096585777458083,0
2011-06-27,1.417595148086548,1.4107954502105713,1.4294085502624512,1.4171332120895386,-0.006915550636820811,1
2011-06-28,1.4317007064819336,1.4244202375411987,1.4395946264266968,1.4316802024841309,0.010265083247285478,1
2011-06-29,1.435811996459961,1.4334040880203247,1.4447944164276123,1.4357914924621582,0.002871653858797396,1
2011-06-30,1.4481000900268557,1.4448988437652588,1.4527071714401243,1.4478904008865356,0.008426647245018737,1
2011-07-01,1.4495905637741089,1.4446065425872805,1.454608917236328,1.4496954679489136,0.0012466876369043867,1
2011-07-04,1.454608917236328,1.4498006105422974,1.4577046632766724,1.4539955854415894,0.002966221242837852,1
2011-07-05,1.4553074836730957,1.4445648193359375,1.4553074836730957,1.4553074836730957,0.0009022711242330228,0
2011-07-06,1.4423978328704834,1.4290001392364502,1.4466545581817627,1.4428139925003052,-0.008584777658985021,0
2011-07-07,1.4331985712051392,1.4223334789276123,1.4374011754989624,1.4331575632095337,-0.00669277491136433,1
2011-07-08,1.4366164207458496,1.421403408050537,1.436884880065918,1.4364513158798218,0.0022982488142557767,0
2011-07-11,1.420494794845581,1.3988949060440063,1.4225763082504272,1.4201923608779907,-0.011318834701942171,0
2011-07-12,1.4041393995285034,1.3841979503631592,1.4046916961669922,1.4040604829788208,-0.011358938650533834,0
2011-07-13,1.3969016075134275,1.3967260122299194,1.4192047119140625,1.3969016075134275,-0.005098694502251866,1
2011-07-14,1.4229203462600708,1.4150876998901367,1.4274091720581057,1.4234267473220823,0.01898855271265032,0
2011-07-15,1.415808916091919,1.409641981124878,1.419607639312744,1.4157286882400513,-0.005408117485858344,0
2011-07-18,1.411930799484253,1.40179705619812,1.413207769393921,1.412309646606445,-0.0024150401570632862,0
2011-07-19,1.4110939502716064,1.4073010683059692,1.421464204788208,1.411193609237671,-0.0007902214443240574,1
2011-07-20,1.4173942804336548,1.4134875535964966,1.423791527748108,1.417293906211853,0.004322792375369033,1
2011-07-21,1.4268999099731443,1.4145071506500244,1.4397811889648438,1.427001714706421,0.006849538018910195,1
2011-07-22,1.441794753074646,1.4327058792114258,1.4435222148895264,1.4420026540756226,0.010512208369902298,0
2011-07-25,1.4381660223007202,1.4328700304031372,1.4407145977020264,1.4388489723205566,-0.002187015222303801,0
2011-07-26,1.436781644821167,1.4360594749450684,1.4520952701568604,1.4371533393859863,-0.0011784648473811554,1
2011-07-27,1.4504104852676392,1.4363069534301758,1.4535094499588013,1.450810194015503,0.009502712240401223,0
2011-07-28,1.4375457763671875,1.4258012771606443,1.4400299787521362,1.4372979402542114,-0.009313591686237577,0
2011-07-29,1.4334040880203247,1.4238524436950684,1.4406315088272097,1.4331985712051392,-0.002852135896296626,1
2011-08-01,1.4365339279174805,1.4188220500946045,1.4451284408569336,1.4363688230514526,0.002212011587234386,0
2011-08-02,1.4271239042282104,1.4152878522872925,1.4283469915390017,1.4262080192565918,-0.007073951781600973,0
2011-08-03,1.417595148086548,1.4144872426986694,1.434390902519226,1.417333960533142,-0.006222134922558742,1
2011-08-04,1.4345349073410034,1.4115123748779297,1.4364101886749268,1.4352967739105225,0.012673663284427095,0
2011-08-05,1.406647801399231,1.4057974815368652,1.42253577709198,1.4067071676254272,-0.019918951122005035,1
2011-08-08,1.430062770843506,1.413327693939209,1.4399470090866089,1.4294085502624512,0.01613795902905979,0
2011-08-09,1.4177157878875732,1.4157087802886963,1.4285714626312256,1.417072892189026,-0.008629903655718363,1
2011-08-10,1.4380005598068235,1.416330337524414,1.440050721168518,1.4383108615875244,0.014987210266714568,0
2011-08-11,1.4128683805465698,1.4106560945510864,1.4285918474197388,1.4124692678451538,-0.017966626292349686,1
2011-08-12,1.422191858291626,1.4150876998901367,1.4287959337234497,1.4226369857788086,0.007198540998464731,1
2011-08-15,1.4272868633270264,1.4267370700836182,1.4474921226501465,1.4274091720581057,0.003354465212841884,1
2011-08-16,1.4438347816467283,1.4357914924621582,1.444481372833252,1.4438347816467283,0.011507288806992477,0
2011-08-17,1.4401957988739014,1.4338973760604858,1.4513788223266602,1.439801812171936,-0.0027932347426847803,1
2011-08-18,1.4429389238357544,1.4278982877731323,1.4451075792312622,1.4429181814193726,0.002164443203982014,0
2011-08-19,1.4320697784423828,1.426594614982605,1.445170283317566,1.4324390888214111,-0.00726243021461781,1
2011-08-22,1.4369467496871948,1.4350084066390991,1.4433971643447876,1.4369261264801023,0.0031324456960910574,0
2011-08-23,1.436100721359253,1.4355852603912354,1.4498006105422974,1.436100721359253,-0.000574424186211453,1
2011-08-24,1.4437098503112793,1.4389524459838867,1.4480791091918943,1.4437098503112793,0.005298464682076398,0
2011-08-25,1.44110906124115,1.43336284160614,1.4473036527633667,1.44123375415802,-0.0017150926501785513,0
2011-08-26,1.4374011754989624,1.4332191944122314,1.4474921226501465,1.4372979402542114,-0.002730864367042174,1
2011-08-29,1.4496746063232422,1.4466965198516846,1.4546935558319092,1.449506402015686,0.008494036914375114,1
2011-08-30,1.452601671218872,1.4388697147369385,1.4532349109649658,1.4524328708648682,0.0020189416515252745,0
2011-08-31,1.4434596300125122,1.439801812171936,1.4468011856079102,1.4433138370513916,-0.006278454582239301,0
2011-09-01,1.437504529953003,1.422960877418518,1.4377937316894531,1.4374631643295288,-0.00405363862776742,0
2011-09-02,1.4262080192565918,1.419305443763733,1.4287959337234497,1.4262080192565918,-0.007829866776577044,0
2011-09-05,1.4155683517456057,1.406588435173035,1.4171934127807615,1.41576886177063,-0.007319519554660148,0
2011-09-06,1.4069050550460815,1.3975263833999634,1.4236901998519895,1.4063115119934082,-0.006680009733646797,0
2011-09-07,1.400383710861206,1.400207281112671,1.4130680561065674,1.4003249406814575,-0.004256931171291445,1
2011-09-08,1.4083911180496216,1.3943500518798828,1.4090063571929932,1.4085696935653689,0.005887742654857808,0
2011-09-09,1.390395164489746,1.364908218383789,1.393805980682373,1.390414476394653,-0.012889115287409991,0
2011-09-12,1.3596007823944092,1.3514974117279053,1.3687005043029783,1.3600815534591677,-0.021815741601122207,1
2011-09-13,1.3658030033111572,1.355913758277893,1.372099757194519,1.3660268783569336,0.004371300296401204,1
2011-09-14,1.3681013584136963,1.3593051433563232,1.3748539686203003,1.3686069250106812,0.0018887231976363328,1
2011-09-15,1.3748350143432615,1.3704074621200562,1.3927576541900637,1.374608278274536,0.004385008693279735,1
2011-09-16,1.386731743812561,1.37589430809021,1.3880984783172607,1.3869048357009888,0.00894549932573363,0
2011-09-19,1.3703510761260986,1.3591388463974,1.3706891536712646,1.370144605636597,-0.012084628759637006,0
2011-09-20,1.3604146242141724,1.3599522113800049,1.3726646900177002,1.3605626821517944,-0.006993366572684123,1
2011-09-21,1.3690941333770752,1.363754153251648,1.3730982542037964,1.369394063949585,0.006490977529843178,0
2011-09-22,1.3584741353988647,1.3392080068588257,1.3586033582687378,1.3586033582687378,-0.007879912703670389,0
2011-09-23,1.3479087352752686,1.3421016931533811,1.356594443321228,1.348090410232544,-0.007738055387696452,1
2011-09-26,1.3544996976852417,1.3367018699645996,1.3547013998031616,1.3547013998031616,0.004903966025155082,0
2011-09-27,1.3520090579986572,1.3480722904205322,1.3655046224594116,1.351807951927185,-0.0021358565632226822,1
2011-09-28,1.3584926128387451,1.3545913696289062,1.3684009313583374,1.3582342863082886,0.004753881179602404,0
2011-09-29,1.3545546531677246,1.352100491523743,1.367708444595337,1.3537662029266355,-0.00328962641180075,1
2011-09-30,1.3581973314285278,1.341525673866272,1.3598966598510742,1.3585848808288574,0.003559460925974367,0
2011-10-03,1.336094617843628,1.3245033025741575,1.3380789756774902,1.336094617843628,-0.01655418318177404,0
2011-10-04,1.3194178342819214,1.314941644668579,1.3298933506011963,1.3195048570632937,-0.012416606248372597,1
2011-10-05,1.332746982574463,1.326611876487732,1.337238073348999,1.3330134153366089,0.010237596474923283,1
2011-10-06,1.3340448141098022,1.3242928981781006,1.3432915210723877,1.333991527557373,0.0007337602228985052,1
2011-10-07,1.3426964282989502,1.3403927087783811,1.3521736860275269,1.3428946733474731,0.0066740647194381,0
2011-10-10,1.3385984897613523,1.3380969762802124,1.3690004348754885,1.3385984897613523,-0.003199196237342772,1
2011-10-11,1.3633079528808594,1.356999397277832,1.367409110069275,1.3635495901107788,0.01863971948293086,1
2011-10-12,1.364405393600464,1.3586403131484983,1.3815971612930298,1.3645730018615725,0.0007505497110014137,1
2011-10-13,1.378872990608215,1.3686069250106812,1.3823038339614868,1.379196286201477,0.01071638110966222,0
2011-10-14,1.374306082725525,1.37247633934021,1.389294147491455,1.3735508918762207,-0.004093249366850182,1
2011-10-17,1.38825261592865,1.374098300933838,1.39130437374115,1.387905836105347,0.010450973687271103,0
2011-10-18,1.374343752861023,1.3654487133026123,1.3786828517913818,1.3744003772735596,-0.00973081781231322,0
2011-10-19,1.3733999729156494,1.3726459741592407,1.386693239212036,1.374003767967224,-0.00028856897370943546,1
2011-10-20,1.3764055967330933,1.3659336566925049,1.384006381034851,1.376500368118286,0.0018170256947371843,1
2011-10-21,1.3779988288879397,1.3710086345672607,1.3897961378097534,1.377903938293457,0.001019665673674952,1
2011-10-24,1.3847922086715698,1.3823038339614868,1.3954007625579834,1.384773015975952,0.004985164416470456,1
2011-10-25,1.3924086093902588,1.3850032091140747,1.395634412765503,1.3922340869903564,0.005387937899083095,0
2011-10-26,1.390395164489746,1.3804908990859983,1.3966870307922363,1.3904531002044678,-0.0012792294072749844,0
2011-10-27,1.3872126340866089,1.3868086338043213,1.418298840522766,1.387694001197815,-0.0019843164837757277,1
2011-10-28,1.4174946546554563,1.41392719745636,1.4200913906097412,1.4173942804336548,0.02140261412833344,0
2011-10-31,1.414207100868225,1.3935922384262085,1.4169524908065796,1.4140071868896484,-0.0023896622067433038,0
2011-11-01,1.3864625692367554,1.3611923456192017,1.386981725692749,1.386001467704773,-0.0198059242163251,0
2011-11-02,1.3658030033111572,1.3655978441238403,1.382590413093567,1.3655978441238403,-0.014721213545842105,1
2011-11-03,1.3693190813064575,1.3657844066619873,1.382533073425293,1.3690004348754885,0.0024916491822899456,1
2011-11-04,1.3822846412658691,1.3717608451843262,1.3865010738372805,1.382991909980774,0.010220212316118138,0
2011-11-07,1.3795197010040283,1.3683634996414185,1.38119637966156,1.3789299726486206,-0.002937065143215345,0
2011-11-08,1.376007914543152,1.373192548751831,1.3842554092407229,1.376007914543152,-0.002119076503831363,1
2011-11-09,1.3827050924301147,1.3556013107299805,1.3856940269470217,1.3826478719711304,0.004825522700705465,0
2011-11-10,1.3527406454086304,1.348599553108215,1.3649641275405884,1.3526674509048462,-0.02168333794456534,1
2011-11-11,1.3611923456192017,1.3581973314285278,1.374192714691162,1.3610072135925293,0.006165419802261374,1
2011-11-14,1.378796935081482,1.3621008396148682,1.378796935081482,1.3787018060684204,0.013001101169173301,0
2011-11-15,1.3626948595046997,1.351278305053711,1.3641074895858765,1.362416386604309,-0.011812140516847314,0
2011-11-16,1.3508766889572144,1.343075156211853,1.3553258180618286,1.350712537765503,-0.008590507978237794,0
2011-11-17,1.3443028926849363,1.3425341844558716,1.3534914255142212,1.3441040515899658,-0.004892592606321355,1
2011-11-18,1.345496654510498,1.3448452949523926,1.3613035678863523,1.3458044528961182,0.0012650816014883048,1
2011-11-21,1.3536012172698977,1.3432915210723877,1.3540045022964478,1.3529969453811646,0.005344381547830679,0
2011-11-22,1.3486357927322388,1.347127914428711,1.3568705320358276,1.348435878753662,-0.0033710842016849707,1
2011-11-23,1.3514426946640017,1.3352560997009275,1.3531067371368408,1.352191925048828,0.0027854837996728055,0
2011-11-24,1.33470356464386,1.3320190906524658,1.3412017822265625,1.3352025747299194,-0.012564303930667986,0
2011-11-25,1.332800269126892,1.3218421936035156,1.3334044218063354,1.3331022262573242,-0.0015730560383468983,0
2011-11-28,1.331026315689087,1.3278273344039917,1.33969247341156,1.3313452005386353,-0.0013179977379692565,1
2011-11-29,1.330760478973389,1.3289036750793457,1.343742847442627,1.3316997289657593,0.000266293390309702,1
2011-11-30,1.3323917388916016,1.326435923576355,1.3523930311203003,1.3324095010757446,0.0005329820938964058,1
2011-12-01,1.3442305326461792,1.3419936895370483,1.352100491523743,1.3443931341171265,0.00899395646136325,1
2011-12-02,1.3467469215393066,1.3419756889343262,1.3538029193878174,1.346692442893982,0.0017102949416396562,0
2011-12-05,1.3417415618896484,1.3401411771774292,1.3483994007110596,1.3419036865234375,-0.0035559391424619946,0
2011-12-06,1.3384730815887451,1.3340270519256592,1.3424980640411377,1.3386701345443726,-0.0024096751589097742,1
2011-12-07,1.3412017822265625,1.3353630304336548,1.3452612161636353,1.3412017822265625,0.0018911661781799705,0
2011-12-08,1.340105414390564,1.33109712600708,1.345695734024048,1.3403747081756592,-0.0006166663822428919,0
2011-12-09,1.3345433473587036,1.3286035060882568,1.3430029153823853,1.3345433473587036,-0.004350545247822857,1
2011-12-12,1.337095022201538,1.3211086988449097,1.3377926349639893,1.3371665477752686,0.0019656164947783328,0
2011-12-13,1.3165690898895264,1.3099979162216189,1.3231713771820068,1.3171066045761108,-0.015001828480179058,0
2011-12-14,1.3027958869934082,1.2954038381576538,1.305909276008606,1.3019137382507324,-0.011535031615962477,0
2011-12-15,1.2987350225448608,1.29629385471344,1.3049037456512451,1.2988024950027466,-0.002389746076545851,1
2011-12-16,1.302999496459961,1.3006945848464966,1.3084039688110352,1.302965521812439,0.0032052808842837344,1
2011-12-19,1.303593993186951,1.2984988689422607,1.304103970527649,1.3036959171295166,0.0005605638099015486,0
2011-12-20,1.3007960319519043,1.2996971607208252,1.3131976127624512,1.3007792234420776,-0.0022372499975769067,1
2011-12-21,1.3087977170944214,1.3028467893600464,1.3194178342819214,1.3087977170944214,0.006164377096311124,0
2011-12-22,1.303797960281372,1.3023545742034912,1.3119055032730105,1.3040019273757937,-0.0036642711520574744,1
2011-12-23,1.3057047128677368,1.3033052682876587,1.3093974590301514,1.3056023120880127,0.0012272870757481513,0
2011-12-26,1.3043931722640991,1.3043931722640991,1.3084039688110352,1.304495334625244,-0.0008478672659505415,1
2011-12-27,1.3050060272216797,1.304495334625244,1.3085922002792358,1.3050570487976074,0.000430598835774898,1
2011-12-28,1.3071041107177734,1.294732928276062,1.307958960533142,1.307206630706787,0.0016471171977960886,0
2011-12-29,1.292574167251587,1.2861239910125732,1.2943978309631348,1.292724609375,-0.011078601493902274,1
2011-12-30,1.2952193021774292,1.2906056642532349,1.299595832824707,1.2956053018569946,0.0022283883675637828,1
2012-01-02,1.2960082292556765,1.2922568321228027,1.2963947057724,1.2960082292556765,0.00031099548458501935,0
2012-01-03,1.2936275005340576,1.2936275005340576,1.3065917491912842,1.2940963506698608,-0.0014752055910275397,1
2012-01-04,1.305397868156433,1.2902060747146606,1.3073946237564087,1.3056023120880127,0.008891116501639207,0
2012-01-05,1.2930923700332642,1.2785271406173706,1.2942973375320437,1.2931424379348757,-0.009543391611500973,0
2012-01-06,1.2792959213256836,1.270405888557434,1.281295657157898,1.279606819152832,-0.010467229583509652,0
2012-01-09,1.2679574489593506,1.2679574489593506,1.2784944772720337,1.2680377960205078,-0.009041076492530387,1
2012-01-10,1.2775959968566897,1.2745510339736938,1.2817062139511108,1.2775959968566897,0.007537788594455419,0
2012-01-11,1.2754288911819458,1.26739501953125,1.27883780002594,1.2751848697662354,-0.0018872375120041474,0
2012-01-12,1.272394061088562,1.270099401473999,1.2829065322875977,1.272394061088562,-0.002188552220028228,1
2012-01-13,1.2825446128845217,1.2651821374893188,1.2874983549118042,1.2820513248443604,0.0075898371826228495,0
2012-01-16,1.2648460865020752,1.2628655433654783,1.268295168876648,1.264702081680298,-0.013532409216275743,1
2012-01-17,1.2667367458343506,1.2666724920272827,1.2803605794906616,1.2667046785354614,0.0015834534347429763,1
2012-01-18,1.274827241897583,1.2737231254577637,1.284406065940857,1.27459979057312,0.0062327961453387815,1
2012-01-19,1.2863060235977173,1.284505009651184,1.2921065092086792,1.286603927612305,0.009417965645347692,1
2012-01-20,1.2961595058441162,1.2887760400772097,1.2984483242034912,1.2964956760406494,0.007688262266307255,0
2012-01-23,1.2890418767929075,1.2883775234222412,1.30451238155365,1.2884771823883057,-0.006184743844909191,1
2012-01-24,1.3025072813034058,1.295823574066162,1.3056364059448242,1.3026939630508425,0.011033785352865033,1
2012-01-25,1.303593993186951,1.2933766841888428,1.3050060272216797,1.304103970527649,0.001082378146210372,1
2012-01-26,1.3107362985610962,1.309483289718628,1.3179919719696045,1.3107362985610962,0.005085735634072108,0
2012-01-27,1.3089176416397097,0.7605719566345215,1.3159972429275513,1.3092775344848633,-0.0011129348274204753,1
2012-01-30,1.3206549882888794,1.3083868026733398,1.3208470344543457,1.3207945823669434,0.008796490872816642,0
2012-01-31,1.3138878345489502,1.3086949586868286,1.3213530778884888,1.3139568567276,-0.005176978866077486,0
2012-02-01,1.3138878345489502,1.3046995401382446,1.3213530778884888,1.3077024221420288,-0.004759999960080807,1
2012-02-02,1.3171759843826294,1.3092947006225586,1.3196094036102295,1.317002534866333,0.00711179590007216,0
2012-02-03,1.3135426044464111,1.3078563213348389,1.3187392950057983,1.3137152194976809,-0.002496058497704956,0
2012-02-06,1.312508225440979,1.303441047668457,1.3128528594970703,1.31271493434906,-0.0007614170360326078,0
2012-02-07,1.3118194341659546,1.3093974590301514,1.324327826499939,1.3121638298034668,-0.00041982042800980945,1
2012-02-08,1.3248542547225952,1.3238019943237305,1.3287270069122314,1.3248542547225952,0.009671372301909287,0
2012-02-09,1.3250298500061035,1.323101282119751,1.3319002389907837,1.3248542547225952,0.0,1
2012-02-10,1.3278449773788452,1.316482424736023,1.3289036750793457,1.3278449773788452,0.0022573974802051477,0
2012-02-13,1.3229262828826904,1.3211086988449097,1.3281975984573364,1.3236793279647827,-0.0031371504091429747,0
2012-02-14,1.3154432773590088,1.3131976127624512,1.3213530778884888,1.3157894611358645,-0.00596055756272118,0
2012-02-15,1.3129734992980957,1.3064996004104614,1.318913221359253,1.3133701086044312,-0.0018387079414246,0
2012-02-16,1.3058239221572876,1.297993302345276,1.3058239221572876,1.3058068752288818,-0.005758645888161662,1
2012-02-17,1.3130252361297607,1.311681866645813,1.3199002742767334,1.31268048286438,0.005263877657477822,1
2012-02-20,1.3224539756774902,1.3183915615081787,1.3276686668395996,1.3227163553237915,0.007645327701919058,0
2012-02-21,1.3204805850982666,1.318913221359253,1.329203963279724,1.3204805850982666,-0.0016902869738671944,1
2012-02-22,1.3248542547225952,1.3213530778884888,1.3263795375823977,1.324327826499939,0.002913516067626354,1
2012-02-23,1.3257324695587158,1.3234516382217407,1.3340002298355105,1.325574278831482,0.0009411962103349492,1
2012-02-24,1.3374348878860474,1.3358803987503052,1.3477089405059814,1.337363362312317,0.008893566863131364,1
2012-02-27,1.346982717514038,1.337019920349121,1.346982717514038,1.3467106819152832,0.0069893641970306675,0
2012-02-28,1.3410218954086304,1.3395847082138062,1.346293568611145,1.3406623601913452,-0.0044911812204059265,1
2012-02-29,1.3478904962539673,1.335505723953247,1.348617672920227,1.3477997779846191,0.005323799642033,0
2012-03-01,1.3326226472854614,1.3285505771636963,1.3357020616531372,1.3320900201797483,-0.011655854275597122,1
2012-03-02,1.331894874572754,1.3191741704940796,1.3331555128097534,1.3322675228118896,0.00013325122886009844,0
2012-03-05,1.3185653686523438,1.3162293434143066,1.3238019943237305,1.318617582321167,-0.010245645305466122,1
2012-03-06,1.3222966194152832,1.3114582300186155,1.3227514028549194,1.3225764036178589,0.00300225125902176,0
2012-03-07,1.3120088577270508,1.3099807500839231,1.3161357641220093,1.312335968017578,-0.007742793211997889,1
2012-03-08,1.3140604496002195,1.3136979341506958,1.32722806930542,1.3139914274215698,0.0012614600562177447,1
2012-03-09,1.32722806930542,1.310760259628296,1.327492356300354,1.327492356300354,0.010274746544790547,0
2012-03-12,1.3121638298034668,1.308215618133545,1.314659833908081,1.312508225440979,-0.01128754586665559,1
2012-03-13,1.3171759843826294,1.30532968044281,1.318913221359253,1.3168290853500366,0.0032920631088662056,0
2012-03-14,1.30804443359375,1.301591873168945,1.3089004755020142,1.30804443359375,-0.00667106449425936,0
2012-03-15,1.3022359609603882,1.3004916906356812,1.3082892894744873,1.3022528886795044,-0.004427636222061548,1
2012-03-16,1.3078734874725342,1.3050570487976074,1.318426251411438,1.3078734874725342,0.004316057842443488,1
2012-03-19,1.3176966905593872,1.314405918121338,1.3264797925949097,1.3177140951156616,0.007524128088370663,1
2012-03-20,1.3229262828826904,1.3175230026245115,1.324940204620361,1.3229262828826904,0.003955476978161343,1
2012-03-21,1.32397723197937,1.3182698488235474,1.3285505771636963,1.323766827583313,0.0006353677536672375,0
2012-03-22,1.3218071460723877,1.31410014629364,1.325556755065918,1.3218770027160645,-0.001427611591309219,0
2012-03-23,1.3204805850982666,1.3192437887191772,1.328570008277893,1.3204805850982666,-0.0010563899779848507,1
2012-03-26,1.3283741474151611,1.3199577331542969,1.3336997032165527,1.328303575515747,0.005924350956586277,1
2012-03-27,1.3360053300857544,1.332178831100464,1.3383405208587646,1.3360053300857544,0.005798188540610427,0
2012-03-28,1.332800269126892,1.3280211687088013,1.3372559547424316,1.3328713178634644,-0.0023458081728527924,0
2012-03-29,1.3326226472854614,1.3257324695587158,1.334359884262085,1.3326226472854614,-0.00018656758133372975,0
2012-03-30,1.3313806056976318,1.331238865852356,1.3369001150131226,1.3313806056976318,-0.0009320279753308736,1
2012-04-02,1.3358268737792969,1.3280495405197144,1.3379000425338743,1.3358268737792969,0.0033395920465095763,0
2012-04-03,1.3331555128097534,1.3303179740905762,1.3366892337799072,1.3333333730697632,-0.001866634635429354,0
2012-04-04,1.322383999824524,1.3108307123184204,1.3234516382217407,1.3225239515304563,-0.008107065912870803,0
2012-04-05,1.314405918121338,1.303730010986328,1.316600322723389,1.314405918121338,-0.006138288383907176,0
2012-04-06,1.3064039945602417,1.305483102798462,1.3113033771514893,1.3065063953399658,-0.006009956796803495,1
2012-04-09,1.3085066080093384,1.303797960281372,1.3085066080093384,1.3079075813293457,0.0010724677616409384,1
2012-04-10,1.311131477355957,1.3056296110153198,1.314405918121338,1.311131477355957,0.0024649264769416313,0
2012-04-11,1.3075313568115234,1.3066771030426023,1.3153568506240845,1.3073604106903076,-0.0028761926098015422,1
2012-04-12,1.3119055032730105,1.3103927373886108,1.3186992406845093,1.311991572380066,0.0035423756539429974,1
2012-04-13,1.318913221359253,1.3070870637893677,1.3199577331542969,1.318913221359253,0.005275680976083219,0
2012-04-16,1.30565345287323,1.2996903657913208,1.3085237741470337,1.30565345287323,-0.010053556421519283,1
2012-04-17,1.31268048286438,1.3091061115264893,1.316482424736023,1.31268048286438,0.005382002380253548,1
2012-04-18,1.3135426044464111,1.3060098886489868,1.3142330646514893,1.3135426044464111,0.0006567642265464801,0
2012-04-19,1.311991572380066,1.307160496711731,1.3156994581222534,1.311991572380066,-0.001180800730098075,1
2012-04-20,1.314405918121338,1.3131976127624512,1.322469711303711,1.314578652381897,0.0019718724237975938,1
2012-04-23,1.320899248123169,1.310787796974182,1.3210039138793943,1.3204805850982666,0.004489600303242414,0
2012-04-24,1.3152703046798706,1.314699649810791,1.3214927911758425,1.3152011632919312,-0.003998106345457941,1
2012-04-25,1.3196094036102295,1.3183046579360962,1.323619723320007,1.3197835683822632,0.00348418570347242,1
2012-04-26,1.323276400566101,1.3202539682388306,1.3259503841400146,1.323276400566101,0.002646518919855456,0
2012-04-27,1.3192611932754517,1.3159972429275513,1.3268758058547974,1.319087266921997,-0.0031657283711187256,1
2012-04-30,1.3241524696350098,1.3210039138793943,1.3264693021774292,1.3241524696350098,0.003839929957653254,0
2012-05-01,1.323994755744934,1.3205991983413696,1.328091740608215,1.32397723197937,-0.00013233948480884106,0
2012-05-02,1.32397723197937,1.3130252361297607,1.3241699934005735,1.32397723197937,0.0,0
2012-05-03,1.3149243593215942,1.3099498748779297,1.3180196285247805,1.3147515058517456,-0.006968190921101902,1
2012-05-04,1.3156163692474363,1.3086093664169312,1.3175925016403198,1.3156163692474363,0.0006578151018206135,0
2012-05-07,1.29629385471344,1.29629385471344,1.3058239221572876,1.297033667564392,-0.014124711517289779,1
2012-05-08,1.306165099143982,1.298380970954895,1.306165099143982,1.306165099143982,0.007040242522568629,0
2012-05-09,1.299291968345642,1.2913223505020142,1.300390124320984,1.299545168876648,-0.005068218613154207,0
2012-05-10,1.2936609983444214,1.292574167251587,1.2978501319885254,1.2936609983444214,-0.00452786919081305,0
2012-05-11,1.29339337348938,1.2909055948257446,1.2954694032669067,1.2934937477111816,-0.0001292847457361468,0
2012-05-14,1.2901561260223389,1.2828242778778076,1.2904890775680542,1.289989709854126,-0.002708971622983114,0
2012-05-15,1.283202886581421,1.275650143623352,1.2869797945022583,1.283202886581421,-0.005261145279579438,0
2012-05-16,1.273560881614685,1.268295168876648,1.275830864906311,1.273560881614685,-0.0075140143990971575,0
2012-05-17,1.273382544517517,1.2669453620910645,1.275022268295288,1.273074507713318,-0.0003819007857326362,0
2012-05-18,1.269841194152832,1.26455819606781,1.2739827632904053,1.269841194152832,-0.0025397677362134496,1
2012-05-21,1.277302384376526,1.273074507713318,1.2812299728393557,1.277302384376526,0.005875687651377248,1
2012-05-22,1.2813942432403564,1.274047613143921,1.2813942432403564,1.281065821647644,0.002946394931341967,0
2012-05-23,1.2664639949798584,1.2570078372955322,1.268391728401184,1.2664639949798584,-0.01139818612052701,0
2012-05-24,1.2561235427856443,1.2519201040267944,1.2609800100326538,1.2561235427856443,-0.008164821293935476,0
2012-05-25,1.2537612915039062,1.2506800889968872,1.25979483127594,1.2536041736602783,-0.0020056698561503605,1
2012-05-28,1.256691813468933,1.2526618242263794,1.2618694305419922,1.2569130659103394,0.002639503217670258,0
2012-05-29,1.25250506401062,1.2475003004074097,1.2573871612548828,1.25250506401062,-0.003507006187835948,0
2012-05-30,1.2478163242340088,1.2391574382781982,1.2485953569412231,1.2478163242340088,-0.0037434896762791325,0
2012-05-31,1.237470626831055,1.234229564666748,1.242919921875,1.237470626831055,-0.008291041880145844,0
2012-06-01,1.2360938787460327,1.2297006845474243,1.2446696758270264,1.2362467050552368,-0.0009890511736446728,1
2012-06-04,1.2399410009384155,1.2388503551483154,1.2507003545761108,1.2402331829071045,0.003224662064267747,1
2012-06-05,1.2510946989059448,1.2412338256835938,1.2540128231048584,1.2509382963180542,0.008631532810513098,0
2012-06-06,1.2462612390518188,1.2444993257522583,1.2528095245361328,1.2462612390518188,-0.003738839301667851,1
2012-06-07,1.2575610876083374,1.2545477151870728,1.262148141860962,1.2573871612548828,0.008927439813123605,0
2012-06-08,1.256897211074829,1.244400143623352,1.257228970527649,1.257071018218994,-0.0002514285540925476,1
2012-06-11,1.2645422220230105,1.248769998550415,1.26479971408844,1.2645422220230105,0.0059433426558521685,0
2012-06-12,1.2478163242340088,1.2450354099273682,1.252770185470581,1.2478163242340088,-0.013226840114712535,1
2012-06-13,1.2504688501358032,1.2476606369018557,1.2606000900268557,1.2504688501358032,0.002125734252933942,1
2012-06-14,1.2575610876083374,1.2543588876724243,1.261670470237732,1.2573871612548828,0.005532573736905411,1
2012-06-15,1.262785792350769,1.2594902515411377,1.2648621797561646,1.262785792350769,0.0042935312704308615,1
2012-06-18,1.27048659324646,1.2563492059707642,1.2724264860153198,1.27048659324646,0.006098263808745674,0
2012-06-19,1.2596521377563477,1.257228970527649,1.2700024843215942,1.2597631216049194,-0.008440444549783876,1
2012-06-20,1.2680699825286863,1.2663357257843018,1.2724264860153198,1.2680699825286863,0.006593986425943443,0
2012-06-21,1.2682307958602903,1.257071018218994,1.270099401473999,1.2680699825286863,0.0,0
2012-06-22,1.255020022392273,1.2526932954788208,1.258130669593811,1.255177617073059,-0.010166919518052375,0
2012-06-25,1.2539185285568235,1.2475050687789917,1.2545477151870728,1.2537612915039062,-0.0011283865724561748,0
2012-06-26,1.250296950340271,1.2450973987579346,1.2526618242263794,1.2504688501358032,-0.0026260512191708107,0
2012-06-27,1.248751163482666,1.2448649406433103,1.250781774520874,1.248751163482666,-0.001373634099682386,0
2012-06-28,1.2471938133239746,1.2408487796783447,1.2523481845855713,1.2473493814468384,-0.0011225471309417312,0
2012-06-29,1.244090557098389,1.2436264753341677,1.2691595554351809,1.244090557098389,-0.0026125994824878207,1
2012-07-02,1.2656625509262085,1.257228970527649,1.2666244506835938,1.2655184268951416,0.01722372191838617,0
2012-07-03,1.2579724788665771,1.2564393281936646,1.2624667882919312,1.2581782341003418,-0.005800146911182025,1
2012-07-04,1.2605571746826172,1.2510900497436523,1.2607160806655884,1.2605571746826172,0.0018907818604703142,0
2012-07-05,1.251877784729004,1.236567735671997,1.2537612915039062,1.2516272068023682,-0.007084143472109838,0
2012-07-06,1.2391574382781982,1.2283955812454224,1.2401301860809326,1.2391574382781982,-0.009962845531320319,0
2012-07-09,1.227144479751587,1.227144479751587,1.2315407991409302,1.227144479751587,-0.009694457020169467,1
2012-07-10,1.231800198554993,1.223690629005432,1.2332006692886353,1.2318304777145386,0.003818619600440387,0
2012-07-11,1.2256402969360352,1.2233299016952517,1.2295993566513062,1.2256402969360352,-0.005025188847403994,0
2012-07-12,1.2247397899627686,1.2173298597335815,1.2247397899627686,1.2247247695922852,-0.000746978820816091,0
2012-07-13,1.2190662622451782,1.2163097858428955,1.225144863128662,1.2192742824554443,-0.004450377155885699,1
2012-07-16,1.2248897552490234,1.217730164527893,1.227400541305542,1.2248897552490234,0.004605586187113264,1
2012-07-17,1.2268433570861816,1.2192147970199585,1.2312238216400146,1.2268433570861816,0.001594920545940015,1
2012-07-18,1.2295585870742798,1.2219994068145752,1.2306177616119385,1.2295585870742798,0.0022131839182362167,0
2012-07-19,1.227747082710266,1.223199725151062,1.2321598529815674,1.227747082710266,-0.0014732965009209842,0
2012-07-20,1.227747082710266,1.2148010730743408,1.2278977632522583,1.2276867628097534,-4.9130559023002895e-05,0
2012-07-23,1.2128562927246094,1.207292079925537,1.2134449481964111,1.2127091884613037,-0.012199833705277663,0
2012-07-24,1.2124298810958862,1.205990433692932,1.2137985229492188,1.212415099143982,-0.0002425060518382871,0
2012-07-25,1.2061853408813477,1.205545425415039,1.2167004346847534,1.2061853408813477,-0.005138304749778166,1
2012-07-26,1.2140341997146606,1.2121212482452393,1.2323496341705322,1.2140341997146606,0.006507174782590219,1
2012-07-27,1.2280486822128296,1.224589705467224,1.237700343132019,1.2280486822128296,0.011543729576533268,1
2012-07-30,1.2303149700164795,1.223199725151062,1.2306177616119385,1.230466365814209,0.0019687196740629798,0
2012-07-31,1.2260912656784058,1.2253400087356567,1.2324893474578855,1.2259409427642822,-0.003677811255679675,1
2012-08-01,1.2294074296951294,1.2281843423843384,1.233500361442566,1.2294074296951294,0.002827613313110211,0
2012-08-02,1.2241400480270386,1.2137999534606934,1.2378382682800293,1.2241400480270386,-0.004284488234626238,0
2012-08-03,1.218026876449585,1.2169891595840454,1.2391574382781982,1.218026876449585,-0.004993849835487563,1
2012-08-06,1.2428536415100098,1.2344155311584473,1.2428536415100098,1.2428536415100098,0.02038277277820999,0
2012-08-07,1.2390038967132568,1.2377402782440186,1.244090557098389,1.2390038967132568,-0.0030975045396943734,0
2012-08-08,1.2386969327926636,1.23310649394989,1.240079402923584,1.2386969327926636,-0.000247750569152827,0
2012-08-09,1.2372409105300903,1.2269939184188845,1.2386969327926636,1.237332820892334,-0.0011012474998659538,0
2012-08-10,1.2294074296951294,1.2247397899627686,1.2315999269485474,1.2294074296951294,-0.006405221831494723,0
2012-08-13,1.227596402168274,1.2263919115066528,1.2371643781661987,1.2277169227600098,-0.001375058336469337,1
2012-08-14,1.2327415943145752,1.231800198554993,1.2385435104370115,1.2327415943145752,0.004092695524037904,0
2012-08-15,1.2325897216796875,1.2267695665359497,1.2344155311584473,1.2325897216796875,-0.0001231990837237129,0
2012-08-16,1.2289540767669678,1.2258793115615845,1.2371001243591309,1.2289540767669678,-0.0029495985961698334,1
2012-08-17,1.2357884645462036,1.22933030128479,1.2383394241333008,1.2357884645462036,0.005561141712646656,0
2012-08-20,1.2333498001098633,1.2297006845474243,1.2368431091308594,1.233258605003357,-0.0020471622898468045,1
2012-08-21,1.2351778745651243,1.2347966432571411,1.248751163482666,1.2353304624557495,0.0016799862121270603,1
2012-08-22,1.2476606369018557,1.2434996366500854,1.2483599185943604,1.2476606369018557,0.009981276120718974,1
2012-08-23,1.2534469366073608,1.2527559995651243,1.2589004039764404,1.2534469366073608,0.004637719211751046,1
2012-08-24,1.2561235427856443,1.2489196062088013,1.256754994392395,1.2561235427856443,0.0021353964815837845,0
2012-08-27,1.2504533529281616,1.249156832695007,1.253619909286499,1.250437617301941,-0.004526565492988022,0
2012-08-28,1.250156283378601,1.2468360662460327,1.257228970527649,1.250156283378601,-0.0002249883716285428,1
2012-08-29,1.257228970527649,1.2522101402282717,1.257228970527649,1.257228970527649,0.005657442387869693,0
2012-08-30,1.2531328201293943,1.249531388282776,1.2563997507095337,1.2531328201293943,-0.003258078277129983,0
2012-08-31,1.2510946989059448,1.2496875524520874,1.2629005908966064,1.2510946989059448,-0.0016264207518233986,1
2012-09-03,1.257703423500061,1.2561235427856443,1.260299801826477,1.257703423500061,0.00528235360592233,1
2012-09-04,1.2586532831192017,1.2559658288955688,1.26262629032135,1.2586532831192017,0.0007552333892018037,0
2012-09-05,1.2537612915039062,1.2504688501358032,1.262148141860962,1.2534469366073608,-0.004136442165342369,1
2012-09-06,1.2602394819259644,1.2564393281936646,1.264222502708435,1.2602394819259644,0.005419092839293649,1
2012-09-07,1.263264298439026,1.262785792350769,1.2801966667175293,1.263264298439026,0.0024001918337290817,1
2012-09-10,1.2795906066894531,1.277302384376526,1.2804096937179563,1.2795906066894531,0.01292390537008048,0
2012-09-11,1.2761613130569458,1.2760310173034668,1.2870012521743774,1.2761613130569458,-0.002679992815342369,1
2012-09-12,1.2851818799972534,1.2846039533615112,1.2936609983444214,1.2851818799972534,0.007068516219708609,1
2012-09-13,1.2903226613998413,1.2887096405029297,1.293159246444702,1.2903226613998413,0.0040000419260493025,1
2012-09-14,1.299376368522644,1.2985326051712036,1.3168100118637085,1.299376368522644,0.007016622581037746,1
2012-09-17,1.3116475343704224,1.3087891340255735,1.3166210651397705,1.3116475343704224,0.009443888733893457,0
2012-09-18,1.3109596967697144,1.30430805683136,1.3114066123962402,1.3110111951828003,-0.0004851449577324418,0
2012-09-19,1.3046314716339111,1.2997140884399414,1.3085579872131348,1.3046314716339111,-0.004866261685888662,1
2012-09-20,1.3058239221572876,1.2923102378845217,1.3059945106506348,1.3058239221572876,0.000914013305139072,0
2012-09-21,1.2973533868789673,1.2961763143539429,1.304495334625244,1.2973533868789673,-0.006486736178279329,0
2012-09-24,1.2968990802764893,1.2894906997680664,1.2980270385742188,1.2968486547470093,-0.000389047530967801,0
2012-09-25,1.2941633462905884,1.2888091802597046,1.2970504760742188,1.2941633462905884,-0.002070641355559566,0
2012-09-26,1.289989709854126,1.284092664718628,1.2913223505020142,1.2900062799453735,-0.0032121651081604696,0
2012-09-27,1.2881617546081543,1.2836641073226929,1.2901561260223389,1.2881617546081543,-0.001429857641698673,1
2012-09-28,1.2913223505020142,1.2842097282409668,1.2958402633666992,1.2913223505020142,0.0024535706657595746,0
2012-10-01,1.2806720733642578,1.2806720733642578,1.2934937477111816,1.2809016704559326,-0.008069774399885876,1
2012-10-02,1.2888258695602417,1.2884937524795532,1.2959192991256714,1.2888258695602417,0.0061864226482650775,1
2012-10-03,1.2914891242980957,1.2881617546081543,1.2938284873962402,1.2916558980941772,0.0021958191566260332,1
2012-10-04,1.2924906015396118,1.2913223505020142,1.300980567932129,1.2923235893249512,0.0005169265527755762,1
2012-10-05,1.301574945449829,1.2997140884399414,1.3071895837783811,1.3017443418502808,0.007289778352069343,0
2012-10-08,1.301574945449829,1.2940493822097778,1.301574945449829,1.301574945449829,-0.00013013031438324774,0
2012-10-09,1.2976900339126587,1.2868356704711914,1.2993003129959106,1.2976900339126587,-0.00298477744270631,0
2012-10-10,1.2858428955078125,1.2839772701263428,1.291205644607544,1.2858428955078125,-0.009129405401323676,0
2012-10-11,1.2860082387924194,1.2830382585525513,1.2951691150665283,1.2858428955078125,0.0,1
2012-10-12,1.293326497077942,1.2924906015396118,1.299038648605347,1.293326497077942,0.005819996825641605,1
2012-10-15,1.2941633462905884,1.289823293685913,1.2980270385742188,1.2943308353424072,0.0007765543091666771,1
2012-10-16,1.2968486547470093,1.2953367233276367,1.3061991930007937,1.2968486547470093,0.001945267265409667,1
2012-10-17,1.310787796974182,1.3087291717529297,1.3137807846069336,1.310787796974182,0.010748472596358472,1
2012-10-18,1.3116475343704224,1.3082600831985474,1.312899470329285,1.3116475343704224,0.0006558936528284764,0
2012-10-19,1.3070186376571655,1.301608681678772,1.3079007863998413,1.306916117668152,-0.0036072318044964025,0
2012-10-22,1.3022528886795044,1.3022528886795044,1.30804443359375,1.3022528886795044,-0.003568116519190201,1
2012-10-23,1.3070186376571655,1.295350193977356,1.3071895837783811,1.3070186376571655,0.0036596186647692708,0
2012-10-24,1.2973533868789673,1.292370319366455,1.299899935722351,1.2973533868789673,-0.007394883668624064,0
2012-10-25,1.2965123653411863,1.2944146394729614,1.3022003173828125,1.2965123653411863,-0.0006482594074110892,0
2012-10-26,1.2938284873962402,1.2891747951507568,1.2956725358963013,1.2938284873962402,-0.0020700750850454197,0
2012-10-29,1.2923235893249512,1.2889920473098757,1.2936946153640747,1.2924071550369265,-0.0010985477388691933,0
2012-10-30,1.2908222675323486,1.2887760400772097,1.2983640432357788,1.2908222675323486,-0.001226306662262755,1
2012-10-31,1.2962435483932495,1.294732928276062,1.3019137382507324,1.2962603569030762,0.004212887790604469,1
2012-11-01,1.2965123653411863,1.2928247451782229,1.29830002784729,1.2965123653411863,0.00019441189940594406,0
2012-11-02,1.2948336601257324,1.283779501914978,1.295400619506836,1.2948336601257324,-0.0012947853490098415,0
2012-11-05,1.2825446128845217,1.2769924402236938,1.284300446510315,1.2827913761138916,-0.009300255610185104,0
2012-11-06,1.2802459001541138,1.2768000364303589,1.2819000482559204,1.2802459001541138,-0.0019843257502160094,1
2012-11-07,1.2809016704559326,1.2738691568374634,1.2876193523406982,1.2808033227920532,0.0004354027908797242,0
2012-11-08,1.2755590677261353,1.2724006175994873,1.2775993347167969,1.2759984731674194,-0.003751434384289043,0
2012-11-09,1.2743724584579468,1.2693400382995603,1.2789359092712402,1.274534821510315,-0.0011470637997483824,0
2012-11-12,1.2724264860153198,1.270147681236267,1.274047613143921,1.272394061088562,-0.00167964059170711,0
2012-11-13,1.2709709405899048,1.2666566371917725,1.2721998691558838,1.2709709405899048,-0.0011184589288634195,0
2012-11-14,1.2711325883865356,1.2706480026245115,1.2757998704910278,1.2709709405899048,0.0,1
2012-11-15,1.2729448080062866,1.2720056772232056,1.2802459001541138,1.273236632347107,0.001782646388555964,1
2012-11-16,1.2782820463180542,1.2693737745285034,1.2784454822540283,1.2784454822540283,0.0040910305080676945,0
2012-11-19,1.2759984731674194,1.2747459411621094,1.281850814819336,1.2759497165679932,-0.0019521878098665013,1
2012-11-20,1.2766826152801514,1.2766826152801514,1.2823965549468994,1.276943564414978,0.0007789083175300249,1
2012-11-21,1.2813942432403564,1.2742505073547363,1.2829904556274414,1.281443476676941,0.0035239711349535074,1
2012-11-22,1.2865046262741089,1.2837135791778564,1.289899826049805,1.2865046262741089,0.0039495691298789826,1
2012-11-23,1.2874983549118042,1.2869184017181396,1.2968504428863523,1.2875149250030518,0.000785305165881045,1
2012-11-26,1.2973196506500244,1.2946659326553345,1.2980270385742188,1.2965964078903198,0.007053497175767864,1
2012-11-27,1.299038648605347,1.2921065092086792,1.3005592823028564,1.298701286315918,0.0016233875188833569,0
2012-11-28,1.2938284873962402,1.288259744644165,1.2939958572387695,1.2938284873962402,-0.0037520552039342903,1
2012-11-29,1.2953367233276367,1.2939958572387695,1.301100730895996,1.2953367233276367,0.001165715507185805,1
2012-11-30,1.2973533868789673,1.2970168590545654,1.3028602600097656,1.2973533868789673,0.00155686433883373,1
2012-12-03,1.2997140884399414,1.299511432647705,1.3075997829437256,1.299680233001709,0.001793533008257242,1
2012-12-05,1.3099292516708374,1.3063528537750244,1.312508225440979,1.3099292516708374,0.00788580022138019,0
2012-12-06,1.3070186376571655,1.2979427576065063,1.3084791898727417,1.3070186376571655,-0.0022219627586446133,0
2012-12-07,1.2963443994522097,1.28823983669281,1.2974039316177368,1.2963443994522097,-0.00816685997996891,0
2012-12-10,1.2906556129455566,1.2888258695602417,1.2942638397216797,1.2906056642532349,-0.004426860023771351,1
2012-12-11,1.2938284873962402,1.2929919958114624,1.3007994890213013,1.2938284873962402,0.002497140088773886,1
2012-12-12,1.301236271858215,1.2996971607208252,1.305200219154358,1.3013207912445068,0.005790801424804259,1
2012-12-13,1.3066771030426023,1.3045207262039185,1.3100991249084473,1.3066771030426023,0.004116057957525676,1
2012-12-14,1.3078734874725342,1.3068478107452393,1.3120002746582031,1.3078734874725342,0.0009155930161675041,1
2012-12-17,1.3166556358337402,1.3147515058517456,1.3179693222045898,1.3165863752365112,0.006661873527855189,0
2012-12-18,1.316482424736023,1.3157376050949097,1.3213896751403809,1.316482424736023,-7.895456192119621e-05,1
2012-12-19,1.323101282119751,1.3225239515304563,1.3306896686553955,1.323101282119751,0.005027683818152884,0
2012-12-20,1.3213530778884888,1.3206027746200562,1.3294336795806885,1.3215277194976809,-0.0011892986903837555,1
2012-12-21,1.3238019943237305,1.3169001340866089,1.3238019943237305,1.323766827583313,0.0016943330454568528,0
2012-12-24,1.3182177543640137,1.317210674285889,1.3234516382217407,1.3182003498077393,-0.004205028906590691,0
2012-12-25,1.3183915615081787,1.317401647567749,1.3203063011169434,1.3180439472198486,-0.00011864857107146687,0
2012-12-26,1.3182177543640137,1.3175230026245115,1.3252054452896118,1.3180439472198486,0.0,1
2012-12-27,1.3227514028549194,1.3214927911758425,1.3285505771636963,1.3225764036178589,0.003438774866020733,1
2012-12-28,1.3248542547225952,1.3166383504867554,1.3257324695587158,1.3250298500061035,0.0018550507793222426,0
2012-12-31,1.3227514028549194,1.3176966905593872,1.3234516382217407,1.3227688074111938,-0.001706408798940795,0
2013-01-01,1.32013201713562,1.319591999053955,1.3224014043807983,1.32013201713562,-0.001993387098940147,0
2013-01-02,1.3197835683822632,1.3194352388381958,1.3298048973083496,1.3197835683822632,-0.0002639499298811021,0
2013-01-03,1.3183915615081787,1.3089004755020142,1.318913221359253,1.3182177543640137,-0.0011864172700444264,0
2013-01-04,1.3031013011932373,1.3000519275665283,1.306380033493042,1.3032711744308472,-0.011338475668139947,1
2013-01-07,1.3068478107452393,1.302059531211853,1.3099292516708374,1.3067454099655151,0.002665781000017242,1
2013-01-08,1.312335968017578,1.306762456893921,1.3138188123703003,1.312508225440979,0.004410052204136594,0
2013-01-09,1.3083868026733398,1.3039000034332275,1.3095004558563232,1.308232665061951,-0.003257549397522097,0
2013-01-10,1.3053637742996216,1.304103970527649,1.3215975761413574,1.305483102798462,-0.002101737968267847,1
2013-01-11,1.327316164970398,1.3252054452896118,1.3362106084823608,1.327316164970398,0.016724124674715624,1
2013-01-14,1.3360053300857544,1.333840250968933,1.3403029441833496,1.3362016677856443,0.006694337829785013,1
2013-01-15,1.3377926349639893,1.331079363822937,1.3394052982330322,1.3377926349639893,0.0011906639669005958,0
2013-01-16,1.331026315689087,1.326084017753601,1.3327007293701172,1.330849051475525,-0.005190328685470202,0
2013-01-17,1.32908034324646,1.3271048069000244,1.3376137018203735,1.32908034324646,-0.0013290073935161573,1
2013-01-18,1.3372559547424316,1.329734206199646,1.3397642374038696,1.3372559547424316,0.006151329780411663,0
2013-01-21,1.331912636756897,1.3301303386688232,1.3331555128097534,1.3320013284683228,-0.003929409516161719,0
2013-01-22,1.331026315689087,1.3271805047988892,1.3373006582260132,1.3311502933502195,-0.0006389146166106974,1
2013-01-23,1.3315579891204834,1.327400803565979,1.335800051689148,1.331398367881775,0.00018636102384128606,0
2013-01-24,1.330849051475525,1.3288700580596924,1.3377926349639893,1.330849051475525,-0.00041258605951566274,1
2013-01-25,1.3368983268737793,1.335327386856079,1.3479105234146118,1.3369340896606443,0.004572297796187286,1
2013-01-28,1.346619963645935,1.3427594900131226,1.347550868988037,1.3466018438339231,0.007231287053001134,0
2013-01-29,1.3448090553283691,1.3417415618896484,1.3491816520690918,1.3446282148361206,-0.0014656366370205953,1
2013-01-30,1.34916353225708,1.348363161087036,1.3576995134353638,1.34916353225708,0.003372915554588518,1
2013-01-31,1.3568521738052368,1.354400634765625,1.359000325202942,1.3568336963653564,0.005685125579583783,1
2013-02-01,1.3610997200012207,1.3588895797729492,1.3693002462387085,1.3610997200012207,0.003144102071825028,1
2013-02-04,1.3647218942642212,1.354830026626587,1.3648709058761597,1.3648709058761597,0.002770690361273198,0
2013-02-05,1.3510775566101074,1.3464386463165283,1.3569073677062988,1.3511687517166138,-0.01003915762329921,1
2013-02-06,1.3583265542984009,1.35023832321167,1.359619379043579,1.3581420183181765,0.005160914647192261,0
2013-02-07,1.3522651195526123,1.3373703956604004,1.3575594425201416,1.3523930311203003,-0.004232979408880455,0
2013-02-08,1.3385447263717651,1.3365410566329956,1.342799186706543,1.3389389514923096,-0.009948350308227716,0
2013-02-11,1.3367197513580322,1.3360053300857544,1.3411099910736084,1.3368269205093384,-0.001577391546206952,1
2013-02-12,1.3403029441833496,1.3368269205093384,1.3473457098007202,1.340356707572937,0.0026404218896591836,1
2013-02-13,1.3451708555221558,1.3431200981140137,1.351809859275818,1.3452069759368896,0.0036186399758728616,0
2013-02-14,1.3444474935531616,1.3320298194885254,1.345532774925232,1.3444474935531616,-0.0005645840359986831,0
2013-02-15,1.3352917432785034,1.3309376239776611,1.3389999866485596,1.3352917432785034,-0.006810046743038645,0
2013-02-18,1.3342229127883911,1.332549810409546,1.3374348878860474,1.3344007730484009,-0.000667247614304145,1
2013-02-19,1.334935188293457,1.3331555128097534,1.3372005224227903,1.3347214460372925,0.0002403123524570283,1
2013-02-20,1.3395847082138062,1.3365052938461304,1.3433998823165894,1.3395847082138062,0.0036436532813288736,0
2013-02-21,1.327316164970398,1.3171707391738892,1.3289036750793457,1.327316164970398,-0.009158467671497195,0
2013-02-22,1.3194352388381958,1.3149001598358154,1.3243296146392822,1.3194352388381958,-0.0059374897557868955,1
2013-02-25,1.3194352388381958,1.3182872533798218,1.3312033414840698,1.319591999053955,0.00011880857138346634,0
2013-02-26,1.3065063953399658,1.3020002841949463,1.311595797538757,1.3065063953399658,-0.009916401223537763,1
2013-02-27,1.3069332838058472,1.304291009902954,1.3126115798950195,1.3065917491912842,6.532983812612692e-05,1
2013-02-28,1.3150973320007324,1.3059945106506348,1.3160008192062378,1.3150973320007324,0.006509747834174462,0
2013-03-01,1.306165099143982,1.2970504760742188,1.3099995851516724,1.3059945106506348,-0.006921785276720938,0
2013-03-04,1.3017443418502808,1.2983640432357788,1.3029316663742063,1.3016934394836426,-0.00329333020308753,1
2013-03-05,1.303593993186951,1.3014055490493774,1.3073604106903076,1.3036110401153564,0.0014731584054650249,1
2013-03-06,1.3048017024993896,1.298999905586243,1.3070391416549685,1.3048527240753174,0.0009524957381850108,0
2013-03-07,1.297858476638794,1.2976733446121216,1.311320662498474,1.297858476638794,-0.00536018150360984,1
2013-03-08,1.311131477355957,1.2959998846054075,1.3134305477142334,1.311131477355957,0.010226847499996694,0
2013-03-11,1.2988699674606323,1.2985326051712036,1.3024225234985352,1.2988024950027466,-0.009403315049741012,1
2013-03-12,1.3032373189926147,1.2993797063827517,1.3073005676269531,1.3032711744308472,0.003440615062947794,0
2013-03-13,1.3029316663742063,1.2925074100494385,1.3065063953399658,1.3029316663742063,-0.0002605045391179672,0
2013-03-14,1.2958402633666992,1.2912806272506714,1.2980101108551023,1.2958402633666992,-0.005442651514673047,1
2013-03-15,1.301236271858215,1.300390124320984,1.3104099035263062,1.301236271858215,0.004164100039226071,0
2013-03-18,1.289823293685913,1.2882447242736816,1.2973601818084717,1.2892745733261108,-0.009192564633187295,1
2013-03-19,1.2944984436035156,1.2889920473098757,1.2965123653411863,1.2944984436035156,0.0040517903520955745,0
2013-03-20,1.2865046262741089,1.2863887548446655,1.2972304821014404,1.2863887548446655,-0.006264734267485861,1
2013-03-21,1.2939958572387695,1.288500428199768,1.2956725358963013,1.2941633462905884,0.00604373399304281,0
2013-03-22,1.2904890775680542,1.2889920473098757,1.300390124320984,1.2904890775680542,-0.002839107391710338,1
2013-03-25,1.3024225234985352,1.2867363691329956,1.3048017024993896,1.302405595779419,0.009234110089348047,0
2013-03-26,1.2860082387924194,1.2834597826004028,1.2886996269226074,1.2858428955078125,-0.012717006380561946,1
2013-03-27,1.286041259765625,1.2756305932998655,1.2868356704711914,1.2860082387924194,0.00012858746988819725,0
2013-03-28,1.2774654626846311,1.275835633277893,1.284521460533142,1.277791976928711,-0.006388965183787398,1
2013-03-29,1.2813942432403564,1.2794922590255735,1.2835322618484497,1.2815911769866943,0.0029732539619751197,0
2013-04-01,1.2805572748184204,1.277432918548584,1.2866535186767578,1.2805737257003784,-0.0007938969186009892,1
2013-04-02,1.2850167751312256,1.2814303636550903,1.2878299951553345,1.2850167751312256,0.003469577222831921,0
2013-04-03,1.2820513248443604,1.2792631387710571,1.2863390445709229,1.2820513248443604,-0.0023077132876825335,1
2013-04-04,1.2850167751312256,1.274980068206787,1.2880804538726809,1.2850167751312256,0.0023130511465485615,1
2013-04-05,1.292657732963562,1.2901394367218018,1.304121017456055,1.2928247451782229,0.006076161959986726,1
2013-04-08,1.2992074489593506,1.2969160079956057,1.3034002780914309,1.2992074489593506,0.004937021668971697,1
2013-04-09,1.3029316663742063,1.3009297847747805,1.309800624847412,1.3029316663742063,0.0028665302202806053,1
2013-04-10,1.30804443359375,1.30565345287323,1.311991572380066,1.3080273866653442,0.003910965112482234,0
2013-04-11,1.3053126335144043,1.3046314716339111,1.3140000104904177,1.3055341243743896,-0.0019061239209301473,1
2013-04-12,1.311475396156311,1.3040393590927124,1.31268048286438,1.311475396156311,0.004550836068546671,0
2013-04-15,1.3096890449523926,1.3056193590164185,1.3109596967697144,1.3099292516708374,-0.0011789351824709193,0
2013-04-16,1.305193305015564,1.303118348121643,1.3147342205047607,1.3054660558700562,-0.003407203705916406,1
2013-04-17,1.3178702592849731,1.3039000034332275,1.319710373878479,1.3178702592849731,0.009501743349925595,0
2013-04-18,1.303441047668457,1.3024225234985352,1.3087806701660156,1.3034920692443848,-0.010910171118353795,1
2013-04-19,1.3053126335144043,1.3051422834396362,1.3117094039916992,1.3053126335144043,0.001396682275999428,1
2013-04-22,1.3058239221572876,1.30180025100708,1.3084039688110352,1.3055682182312012,0.00019580344986680487,1
2013-04-23,1.3059945106506348,1.29743754863739,1.308215618133545,1.306165099143982,0.00045718094577207324,0
2013-04-24,1.299376368522644,1.2961997985839844,1.3030997514724731,1.2994438409805298,-0.0051457952504296856,1
2013-04-25,1.3017443418502808,1.2993255853652954,1.309260368347168,1.3017443418502808,0.0017703734453156095,0
2013-04-26,1.3007283210754397,1.299349308013916,1.3046314716339111,1.3007283210754397,-0.0007805071565718524,1
2013-04-29,1.304291009902954,1.303441047668457,1.3115270137786863,1.3042571544647217,0.0027129672907901803,1
2013-04-30,1.3095861673355105,1.305977463722229,1.3186001777648926,1.3095861673355105,0.004085860562502264,1
2013-05-01,1.3168984651565552,1.3162050247192385,1.3241524696350098,1.3168290853500366,0.005530692210397037,1
2013-05-02,1.3182177543640137,1.3044612407684326,1.3217006921768188,1.3182177543640137,0.00105455524139475,0
2013-05-03,1.3065063953399658,1.3037469387054443,1.3150973320007324,1.3065063953399658,-0.008884237058161992,1
2013-05-06,1.312335968017578,1.305680751800537,1.3138878345489502,1.312335968017578,0.004461954949784408,0
2013-05-07,1.3075313568115234,1.3068478107452393,1.3133012056350708,1.3070186376571655,-0.004051805703721434,1
2013-05-08,1.3077024221420288,1.3075313568115234,1.3189705610275269,1.3077024221420288,0.0005231635304672189,1
2013-05-09,1.3161357641220093,1.308910846710205,1.317800760269165,1.3161357641220093,0.006448976339866741,0
2013-05-10,1.303441047668457,1.2937798500061035,1.3051422834396362,1.303441047668457,-0.009645446009151515,0
2013-05-13,1.2968990802764893,1.2944196462631226,1.2995991706848145,1.2965291738510132,-0.005302789742434144,1
2013-05-14,1.298751950263977,1.2948001623153689,1.302592158317566,1.2988024950027466,0.0017533898947919013,0
2013-05-15,1.2936946153640747,1.284422516822815,1.294196844100952,1.2937111854553225,-0.003920002900374309,0
2013-05-16,1.2883940935134888,1.2848351001739502,1.2927396297454834,1.2882447242736816,-0.004225410774134186,1
2013-05-17,1.2883278131484983,1.2799999713897705,1.289000391960144,1.2883278131484983,6.449774119077212e-05,0
2013-05-20,1.2830052375793457,1.2821663618087769,1.287700653076172,1.2835652828216553,-0.003696675860163312,1
2013-05-21,1.2891913652420044,1.284505009651184,1.2916992902755735,1.2891082763671875,0.00431843523638098,1
2013-05-22,1.2920230627059937,1.2866899967193604,1.2997006177902222,1.291906237602234,0.0021704625486786977,0
2013-05-23,1.2843894958496094,1.282450795173645,1.295199275016785,1.2842081785202026,-0.0059586824941095795,1
2013-05-24,1.2924405336380005,1.2906056642532349,1.2990050315856934,1.2925074100494385,0.006462528169536297,1
2013-05-27,1.2936946153640747,1.2916558980941772,1.295199275016785,1.2937781810760498,0.000983182778474534,0
2013-05-28,1.2936946153640747,1.285490870475769,1.2946995496749878,1.29339337348938,-0.00029742933703647,0
2013-05-29,1.284703016281128,1.2839707136154177,1.2968990802764893,1.2846370935440063,-0.006770005262784595,1
2013-05-30,1.294766545295715,1.2935941219329834,1.3061002492904663,1.294783353805542,0.007898152958937699,1
2013-05-31,1.30430805683136,1.2946794033050537,1.3049379587173462,1.3043931722640991,0.007421950884920259,0
2013-06-03,1.299511432647705,1.295706033706665,1.310360074043274,1.299646496772766,-0.003638991365689348,1
2013-06-04,1.3072919845581057,1.304479956626892,1.3098194599151611,1.3072919845581057,0.0058827441187467855,1
2013-06-05,1.3072919845581057,1.3056875467300415,1.3112106323242188,1.307343363761902,3.9302010876873794e-05,1
2013-06-06,1.309311866760254,1.3076168298721311,1.327199935913086,1.3093289136886597,0.0015187669756813182,1
2013-06-07,1.3243805170059204,1.3194701671600342,1.3275099992752075,1.3245558738708496,0.011629591329570754,0
2013-06-10,1.3224014043807983,1.3180596828460691,1.3240596055984497,1.3224014043807983,-0.0016265599153285626,0
2013-06-11,1.3224014043807983,1.3180596828460691,1.331611156463623,1.3224014043807983,0.0,0
2013-06-12,1.3224014043807983,1.3180596828460691,1.3359695672988892,1.3224014043807983,0.0,1
2013-06-13,1.3339380025863647,1.3281199932098389,1.3388994932174685,1.3339558839797974,0.008737497979601105,1
2013-06-14,1.336755394935608,1.3299287557601929,1.337095022201538,1.3367911577224731,0.00212546290077964,0
2013-06-17,1.3350956439971924,1.3319693803787231,1.3360999822616575,1.3348639011383057,-0.0014417035698014447,1
2013-06-18,1.3363444805145264,1.3328534364700315,1.3412556648254397,1.336308836936951,0.0010824592660068078,1
2013-06-19,1.33879554271698,1.3386164903640747,1.3413403034210205,1.3389928340911863,0.0020085156066074195,0
2013-06-20,1.3287447690963743,1.3164701461791992,1.330105543136597,1.329186201095581,-0.00732388758619551,0
2013-06-21,1.3236967325210571,1.3111608028411863,1.325398564338684,1.323556661605835,-0.004235327966168989,0
2013-06-24,1.3104099035263062,1.306299924850464,1.312299728393555,1.3105300664901731,-0.009842113672607788,1
2013-06-25,1.313094139099121,1.3067795038223269,1.314941644668579,1.313232183456421,0.0020618504186511455,0
2013-06-26,1.30804443359375,1.298709750175476,1.308746337890625,1.307976007461548,-0.004002472724235706,0
2013-06-27,1.301456332206726,1.3004307746887207,1.3049992322921753,1.301337718963623,-0.005075237206230043,1
2013-06-28,1.303475022315979,1.2992581129074097,1.3099979162216189,1.303593993186951,0.0017338114391434178,0
2013-07-01,1.3013885021209717,1.3008298873901367,1.3065695762634275,1.3014055490493774,-0.0016787774023285795,1
2013-07-02,1.306916117668152,1.2994945049285889,1.3078100681304932,1.306762456893921,0.004116247889411895,0
2013-07-03,1.2978248596191406,1.292669415473938,1.3030096292495728,1.2978922128677368,-0.006787954443738808,1
2013-07-04,1.3009145259857178,1.2886996269226074,1.3023037910461426,1.30108380317688,0.0024590565206423776,0
2013-07-05,1.2906056642532349,1.28109872341156,1.2908055782318115,1.2907721996307373,-0.007925395367281318,0
2013-07-08,1.2827913761138916,1.281320333480835,1.287697434425354,1.2829065322875977,-0.006093768788473897,1
2013-07-09,1.2870012521743774,1.2762998342514038,1.2896901369094849,1.2871006727218628,0.0032692486387035924,0
2013-07-10,1.2783310413360596,1.2767152786254885,1.2860000133514404,1.278183937072754,-0.006927768618326113,1
2013-07-11,1.317644476890564,1.3008891344070437,1.3187741041183472,1.3187741041183472,0.03175612356587054,0
2013-07-12,1.3097920417785645,1.3000603914260864,1.3101009130477903,1.3097747564315796,-0.006824025175095505,0
2013-07-15,1.3060967922210691,1.2997479438781738,1.308112859725952,1.3059945106506348,-0.0028861800568243945,0
2013-07-16,1.3061139583587646,1.3054488897323608,1.3152892589569092,1.3058750629425049,-9.14611104072538e-05,1
2013-07-17,1.3153048753738403,1.308749794960022,1.3172800540924072,1.3151146173477173,0.007075373952231789,0
2013-07-18,1.3116302490234375,1.307172417640686,1.3125253915786743,1.3116990327835083,-0.002597176336688767,0
2013-07-19,1.310994029045105,1.3090547323226929,1.3149296045303345,1.3110626935958862,-0.00048512591053129217,1
2013-07-22,1.315598964691162,1.3144991397857666,1.321880578994751,1.3159972429275513,0.0037637783118753543,1
2013-07-23,1.3190349340438845,1.316482424736023,1.3226988315582275,1.3190349340438845,0.0023082807602055055,1
2013-07-24,1.3222615718841553,1.3191393613815308,1.32550048828125,1.3223315477371216,0.0024992618528536514,0
2013-07-25,1.3190523386001587,1.3168394565582275,1.3239001035690308,1.319087266921997,-0.002453454899927654,1
2013-07-26,1.3275980949401855,1.32538104057312,1.3297996520996094,1.3274219036102295,0.006318487712856813,1
2013-07-29,1.3286564350128174,1.3241596221923828,1.329700589179993,1.3287447690963743,0.0009965674685243897,0
2013-07-30,1.326400637626648,1.3237897157669067,1.3300206661224363,1.3263654708862305,-0.0017906359938199001,1
2013-07-31,1.3266470432281494,1.3218002319335938,1.3299003839492798,1.3264886140823364,9.284258283925872e-05,1
2013-08-01,1.330105543136597,1.319849729537964,1.33109712600708,1.3301409482955933,0.002753385271824227,0
2013-08-02,1.3212658166885376,1.3191741704940796,1.3294000625610352,1.3211959600448608,-0.006724842402750064,1
2013-08-05,1.3279154300689695,1.3237406015396118,1.3301993608474731,1.3278977870941162,0.005072545823579189,0
2013-08-06,1.3259083032608032,1.3247401714324951,1.3322906494140625,1.3257501125335691,-0.001617349303101756,1
2013-08-07,1.3306188583374023,1.3267173767089844,1.3332995176315308,1.3308136463165283,0.003819372697078327,1
2013-08-08,1.3338313102722168,1.3329956531524658,1.339699625968933,1.334098219871521,0.0024680942850892063,1
2013-08-09,1.3379000425338743,1.3334897756576538,1.3392008543014526,1.3380074501037598,0.002930241697358227,0
2013-08-12,1.3339380025863647,1.3278801441192627,1.334115982055664,1.3339380025863647,-0.0030414236610412093,0
2013-08-13,1.3293983936309814,1.3234305381774902,1.3316093683242798,1.3292922973632812,-0.003482699506330844,0
2013-08-14,1.3266997337341309,1.323949098587036,1.3280000686645508,1.326559066772461,-0.002056154689410117,0
2013-08-15,1.3265942335128784,1.3209097385406494,1.3307074308395386,1.3264182806015017,-0.00010612883699312459,1
2013-08-16,1.3350956439971924,1.3319392204284668,1.3380002975463867,1.33539879322052,0.006770498228466648,0
2013-08-19,1.3329956531524658,1.3316820859909058,1.3373990058898926,1.332906723022461,-0.0018661617868090952,1
2013-08-20,1.3336000442504885,1.3324273824691772,1.3450206518173218,1.3333866596221924,0.00036006765622964565,1
2013-08-21,1.3421016931533811,1.3358608484268188,1.3426964282989502,1.3421016931533811,0.006536013742374003,0
2013-08-22,1.3342584371566772,1.3301764726638794,1.336683988571167,1.334294080734253,-0.005817452178890847,1
2013-08-23,1.3356306552886963,1.333653450012207,1.3410003185272217,1.335505723953247,0.0009080780889976214,1
2013-08-26,1.3388673067092896,1.3358893394470217,1.339209794998169,1.33865225315094,0.002356058189237009,0
2013-08-27,1.3377926349639893,1.3326705694198608,1.3399975299835205,1.3379179239273071,-0.0005485586132651932,1
2013-08-28,1.3392080068588257,1.330829620361328,1.3397642374038696,1.3392080068588257,0.0009642466914050463,0
2013-08-29,1.3335822820663452,1.3221217393875122,1.334098219871521,1.3334933519363403,-0.004267189931076776,0
2013-08-30,1.3237143754959106,1.3179206848144531,1.3253458738327026,1.3236267566680908,-0.007399058460938246,0
2013-09-02,1.3207945823669434,1.318634867668152,1.3229000568389893,1.3208295106887815,-0.002113319306381145,0
2013-09-03,1.3190349340438845,1.314300537109375,1.3196965456008911,1.319000244140625,-0.0013849376723893414,0
2013-09-04,1.3172974586486816,1.3160908222198486,1.3218107223510742,1.317401647567749,-0.001211975949191313,1
2013-09-05,1.3200970888137815,1.3112002611160278,1.3220866918563845,1.320062279701233,0.002019605894979737,0
2013-09-06,1.3119227886199951,1.3106194734573364,1.318704605102539,1.3118367195129397,-0.006231190993621127,1
2013-09-09,1.317210674285889,1.316759705543518,1.3263003826141355,1.3174188137054443,0.0042551745270380525,1
2013-09-10,1.3255919218063354,1.3231993913650513,1.327800750732422,1.3258028030395508,0.006363951422953429,1
2013-09-11,1.3268582820892334,1.3246804475784302,1.331419587135315,1.326629400253296,0.0006234692005855358,1
2013-09-12,1.3315047025680542,1.3269498348236084,1.3323917388916016,1.3315579891204834,0.003715121092783269,0
2013-09-13,1.3299994468688965,1.3257008790969849,1.3319499492645264,1.3298933506011963,-0.001250143465690634,1
2013-09-16,1.3357733488082886,1.3341693878173828,1.3386002779006958,1.3359339237213137,0.004542148524456335,0
2013-09-17,1.3334755897521973,1.332693576812744,1.3370002508163452,1.3337956666946411,-0.0016005709479375296,1
2013-09-18,1.3357375860214231,1.3339896202087402,1.3366999626159668,1.3357912302017212,0.0014961538389350881,1
2013-09-19,1.352338194847107,1.351607084274292,1.356999397277832,1.3523015975952148,0.012359990858002767,1
2013-09-20,1.3534914255142212,1.350001335144043,1.3550007343292236,1.353417992591858,0.0008255517841790905,1
2013-09-23,1.3533813953399658,1.3482195138931274,1.3546005487442017,1.3534547090530396,2.712869297050169e-05,0
2013-09-24,1.3497644662857056,1.3466018438339231,1.3518006801605225,1.349892020225525,-0.002632292609190734,0
2013-09-25,1.347400188446045,1.3463118076324463,1.353500485420227,1.347182273864746,-0.002007380086835431,1
2013-09-26,1.3514974117279053,1.347970485687256,1.353000521659851,1.351698398590088,0.003352274456808413,0
2013-09-27,1.3487995862960815,1.347545504570007,1.3565999269485474,1.348617672920227,-0.002279151675458224,1
2013-09-30,1.3496005535125732,1.3480504751205444,1.3555792570114136,1.349545955657959,0.0006883216469510955,1
2013-10-01,1.3525028228759766,1.3518701791763306,1.3588008880615234,1.3525211811065674,0.002204612177995724,0
2013-10-02,1.3523930311203003,1.3509496450424194,1.360540509223938,1.352338194847107,-0.0001352927126144765,1
2013-10-03,1.3590834140777588,1.358105182647705,1.3646008968353271,1.3591018915176392,0.005001483132181184,1
2013-10-04,1.3623607158660889,1.358105182647705,1.3633079528808594,1.362416386604309,0.002438739219889463,0
2013-10-07,1.3569625616073608,1.3545491695404053,1.3591997623443604,1.356999397277832,-0.003976015981412506,1
2013-10-09,1.360063076019287,1.350160002708435,1.360063076019287,1.3598041534423828,0.0020668809213748585,0
2013-10-10,1.3519359827041626,1.3489506244659424,1.3544501066207886,1.352027416229248,-0.0057190126927085805,1
2013-10-11,1.3527040481567385,1.3520822525024414,1.3583006858825684,1.3526674509048462,0.00047338882918745995,1
2013-10-14,1.3556196689605713,1.354699730873108,1.3598004579544067,1.3556748628616333,0.0022233195267435946,1
2013-10-15,1.3557482957839966,1.348210334777832,1.357500433921814,1.3558586835861206,0.0001355935184188528,0
2013-10-16,1.3520822525024414,1.347559928894043,1.356899976730347,1.3521736860275269,-0.002717833062695907,1
2013-10-17,1.3522467613220217,1.3517348766326904,1.3682005405426023,1.3522467613220217,5.404283136845045e-05,1
2013-10-18,1.3669979572296145,1.366045594215393,1.3703999519348145,1.366698980331421,0.010687560453293221,1
2013-10-21,1.3681200742721558,1.365329384803772,1.3687005043029783,1.3681949377059937,0.0010945770766654928,0
2013-10-22,1.3672970533370972,1.366400122642517,1.3785003423690796,1.36759614944458,-0.00043764835325110774,1
2013-10-23,1.3780938386917114,1.3743400573730469,1.3793483972549438,1.3778469562530518,0.007495492593069031,1
2013-10-24,1.3779419660568235,1.3768794536590576,1.3822999000549316,1.3780938386917114,0.00017917987011495384,1
2013-10-25,1.380167007446289,1.3775907754898071,1.3829996585845947,1.380395531654358,0.001670200459521487,1
2013-10-28,1.3806052207946775,1.3777103424072266,1.3818072080612185,1.3805290460586548,9.672184619202717e-05,0
2013-10-29,1.3791011571884155,1.3755006790161133,1.3814005851745603,1.3789299726486206,-0.0011583047923543477,0
2013-10-30,1.3743627071380615,1.3733999729156494,1.377630591392517,1.374306082725525,-0.0033532449180245782,0
2013-10-31,1.372457504272461,1.358861804008484,1.374003767967224,1.3724011182785034,-0.001386128222065075,0
2013-11-01,1.3579760789871216,1.3481395244598389,1.3580129146575928,1.3579760789871216,-0.010510804093103787,0
2013-11-04,1.3493638038635254,1.3445016145706177,1.3520090579986572,1.349400281906128,-0.0063151311821266765,1
2013-11-05,1.351607084274292,1.344971776008606,1.3523930311203003,1.351698398590088,0.001703065217026456,0
2013-11-06,1.3472912311553955,1.3468738794326782,1.354699730873108,1.3473094701766968,-0.0032469731546393987,1
2013-11-07,1.3517714738845823,1.3305799961090088,1.353099346160889,1.351807951927185,0.0033388630081390147,0
2013-11-08,1.3408960103988647,1.3321309089660645,1.3436291217803955,1.3409138917922974,-0.008058881529256268,0
2013-11-11,1.3345433473587036,1.3345433473587036,1.341270089149475,1.3347926139831543,-0.004565004394846861,1
2013-11-12,1.3408780097961426,1.336389183998108,1.345496654510498,1.3409318923950195,0.004599424920059381,1
2013-11-13,1.343833088874817,1.3392601013183594,1.345406174659729,1.3439956903457642,0.0022848274160087723,1
2013-11-14,1.348435878753662,1.342200756072998,1.3495094776153564,1.3489633798599243,0.0036962094073993423,0
2013-11-15,1.3447729349136353,1.3434702157974243,1.3503295183181765,1.3448994159698486,-0.0030126569414342663,1
2013-11-18,1.3483266830444336,1.347563624382019,1.3542062044143677,1.3483994007110596,0.0026024137564868433,1
2013-11-19,1.3502565622329712,1.3490360975265503,1.354169487953186,1.350438952445984,0.0015125724127800222,1
2013-11-20,1.3562999963760376,1.3459293842315674,1.3567416667938232,1.3567416667938232,0.004667159767883788,0
2013-11-21,1.3433637619018557,1.339999437332153,1.3474892377853394,1.3433817625045776,-0.00984705092813798,1
2013-11-22,1.347218632698059,1.3463480472564695,1.353830337524414,1.347182273864746,0.0028290627923091005,1
2013-11-25,1.355233907699585,1.3490725755691528,1.355546236038208,1.355233907699585,0.0059766476972271665,0
2013-11-26,1.3533082008361816,1.3523491621017456,1.3567802906036377,1.3527590036392212,-0.0018261822157067398,1
2013-11-27,1.3569073677062988,1.3559322357177734,1.3612998723983765,1.3567785024642944,0.00297133400277505,1
2013-11-28,1.3574230670928955,1.356594443321228,1.3617002964019775,1.357367753982544,0.0004343019270862669,1
2013-11-29,1.3603591918945312,1.360007643699646,1.362212300300598,1.360396146774292,0.002231077600644893,0
2013-12-02,1.3586586713790894,1.3528138399124146,1.361459255218506,1.3585110902786257,-0.001385667329429019,0
2013-12-03,1.3542611598968506,1.35255765914917,1.359397530555725,1.3542062044143677,-0.0031688264417297773,1
2013-12-04,1.3591018915176392,1.3530298471450806,1.3599891662597656,1.3590649366378784,0.003587882116971919,0
2013-12-05,1.35869562625885,1.3545308113098145,1.366639256477356,1.3586403131484983,-0.00031243796961644144,1
2013-12-06,1.367091417312622,1.3632298707962036,1.3694990873336792,1.3669979572296145,0.006151476590406935,1
2013-12-09,1.3708207607269287,1.369510293006897,1.373090744018555,1.3706516027450562,0.002672751262076556,1
2013-12-10,1.3737962245941162,1.3736263513565063,1.3793293237686155,1.3740227222442627,0.002459501373255568,1
2013-12-11,1.376595139503479,1.37444007396698,1.379799485206604,1.37644362449646,0.0017619084553732733,1
2013-12-12,1.378530740737915,1.3748294115066528,1.3805004358291626,1.3786067962646484,0.0015715658307327018,0
2013-12-13,1.375080704689026,1.3710838556289673,1.3768415451049805,1.375080704689026,-0.0025577210160114827,0
2013-12-16,1.3738150596618652,1.3738150596618652,1.379900336265564,1.3739283084869385,-0.0008380571395976144,1
2013-12-17,1.3761783838272097,1.372700572013855,1.3782095909118652,1.3762919902801514,0.0017203821906952577,1
2013-12-18,1.37710702419281,1.373479247093201,1.3780994415283203,1.3771259784698486,0.0006059674804381743,0
2013-12-19,1.3683072328567505,1.3651131391525269,1.369394063949585,1.3684945106506348,-0.0062677401734911875,0
2013-12-20,1.3655978441238403,1.3625833988189695,1.3708696365356443,1.3655791282653809,-0.002130357383653525,1
2013-12-23,1.3678767681121826,1.3674297332763672,1.3715990781784058,1.3678393363952637,0.0016551279110086359,1
2013-12-24,1.3698254823684692,1.3655791282653809,1.3699944019317627,1.3699944019317627,0.001575525340701489,0
2013-12-25,1.3681949377059937,1.366400122642517,1.3707079887390137,1.3681949377059937,-0.001313482904186869,0
2013-12-26,1.367708444595337,1.3667362928390503,1.3700695037841797,1.3668484687805176,-0.0009841206748898434,1
2013-12-27,1.3695628643035889,1.369394063949585,1.3883509635925293,1.3696191310882568,0.0020270442342531503,1
2013-12-30,1.3751943111419678,1.3730002641677856,1.3811582326889038,1.3750240802764893,0.003946315486947016,1
2013-12-31,1.3807768821716309,1.376119613647461,1.3812536001205444,1.3810056447982788,0.0043501525592095636,0
2014-01-01,1.3744947910308838,1.3744003772735596,1.377903938293457,1.3744947910308838,-0.004714574333507526,1
2014-01-02,1.376595139503479,1.3632707595825195,1.377467393875122,1.3766709566116333,0.0015832476011912178,0
2014-01-03,1.366624355316162,1.3601703643798828,1.3672970533370972,1.3666616678237915,-0.007270647165011357,0
2014-01-06,1.3595823049545288,1.3572793006896973,1.364610195159912,1.3596007823944092,-0.005166520431224009,1
2014-01-07,1.36306631565094,1.3598780632019043,1.3657993078231812,1.3631964921951294,0.0026446805910098625,0
2014-01-08,1.3616927862167358,1.3572019338607788,1.3636053800582886,1.3616372346878052,-0.0011438244715649137,0
2014-01-09,1.3572572469711304,1.3554892539978027,1.3632800579071045,1.3572019338607788,-0.003257329275402232,1
2014-01-10,1.360710859298706,1.357810139656067,1.3687005043029783,1.360710859298706,0.0025854114633814262,1
2014-01-13,1.3672221899032593,1.3639309406280518,1.3684757947921753,1.36718487739563,0.00475782055583851,0
2014-01-14,1.367091417312622,1.3650293350219729,1.3698593378067017,1.3669979572296145,-0.00013671901226097738,0
2014-01-15,1.3668110370635986,1.358260154724121,1.367353081703186,1.3668484687805176,-0.00010935528345623613,0
2014-01-16,1.3601185083389282,1.3588064908981323,1.364790916442871,1.359933614730835,-0.005058976329579523,1
2014-01-17,1.3615630865097046,1.355693221092224,1.3621008396148682,1.3618041276931765,0.0013754443173401576,0
2014-01-20,1.3528321981430054,1.3509314060211182,1.356640338897705,1.3527590036392212,-0.0066420154484898575,1
2014-01-21,1.3545364141464231,1.351862907409668,1.356399416923523,1.3549033403396606,0.0015851579584174047,1
2014-01-22,1.3557482957839966,1.3535407781600952,1.3580868244171145,1.355913758277893,0.0007457490937907707,0
2014-01-23,1.3545180559158323,1.353363037109375,1.3685506582260132,1.354224443435669,-0.0012458866442727201,1
2014-01-24,1.3690004348754885,1.366493582725525,1.373494267463684,1.3689066171646118,0.010841758026235437,0
2014-01-27,1.368812918663025,1.3655400276184082,1.3714994192123413,1.3687942028045654,-8.211981638250876e-05,0
2014-01-28,1.36759614944458,1.3631796836853027,1.368940353393555,1.367465257644653,-0.0009708874841736215,0
2014-01-29,1.3654299974441528,1.3604499101638794,1.36859929561615,1.3655046224594116,-0.0014337733074246684,1
2014-01-30,1.3659149408340454,1.3560609817504885,1.36621356010437,1.365859031677246,0.00025954450245380123,0
2014-01-31,1.3558586835861206,1.3481086492538452,1.3562393188476562,1.3558770418167114,-0.0073082138266326035,0
2014-02-03,1.3488178253173828,1.3479305505752563,1.3519597053527832,1.3488178253173828,-0.005206383972598316,1
2014-02-04,1.3522833585739136,1.3495640754699707,1.3540045022964478,1.3525028228759766,0.002732020210161945,0
2014-02-05,1.3516618013381958,1.3500396013259888,1.3553000688552856,1.3515887260437012,-0.0006758557666679543,1
2014-02-06,1.3534914255142212,1.3491089344024658,1.3620080947875977,1.3535096645355225,0.001421244831957269,1
2014-02-07,1.358972668647766,1.3555792570114136,1.3642098903656006,1.3592127561569214,0.004213558108102644,1
2014-02-10,1.3620266914367676,1.361933946609497,1.365200757980347,1.361933946609497,0.002002034221831206,1
2014-02-11,1.3645915985107422,1.3631296157836914,1.3684009313583374,1.364610195159912,0.0019650354975566664,0
2014-02-12,1.363902926445007,1.3562999963760376,1.3655009269714355,1.363902926445007,-0.0005182935884647799,0
2014-02-13,1.3588987588882446,1.35869562625885,1.3691710233688354,1.3590095043182373,-0.00358780821705873,1
2014-02-14,1.367764592170715,1.3674839735031128,1.3715990781784058,1.3678767681121826,0.006524798955246158,1
2014-02-17,1.3702572584152222,1.369281530380249,1.3726081848144531,1.3699944019317627,0.0015481173954745575,1
2014-02-18,1.3707079887390137,1.3696191310882568,1.376900315284729,1.3704450130462646,0.0003289145662688231,1
2014-02-19,1.3761025667190552,1.3742002248764038,1.3773345947265625,1.376197338104248,0.004197413981022802,0
2014-02-20,1.373173713684082,1.3690191507339478,1.3764055967330933,1.373041749000549,-0.0022929771889007577,0
2014-02-21,1.372062087059021,1.3703510761260986,1.3756691217422483,1.372118592262268,-0.0006723442597087459,1
2014-02-24,1.374003767967224,1.3710105419158936,1.376900315284729,1.3737962245941162,0.001222658406721422,0
2014-02-25,1.373513102531433,1.371870040893555,1.376500368118286,1.373607516288757,-0.00013736266120167873,1
2014-02-26,1.3746459484100342,1.3665794134140017,1.3757997751235962,1.374608278274536,0.0007285647274868357,0
2014-02-27,1.3681949377059937,1.364498496055603,1.3696004152297974,1.3681949377059937,-0.004665576855533371,1
2014-02-28,1.3707455396652222,1.369529128074646,1.3823399543762207,1.3707455396652222,0.001864209469671696,1
2014-03-03,1.377543330192566,1.374986171722412,1.379599690437317,1.377695083618164,0.005069900832680663,0
2014-03-04,1.373645305633545,1.3722316026687622,1.377890706062317,1.373701810836792,-0.0028985171166356904,1
2014-03-05,1.374306082725525,1.3710838556289673,1.3746006488800049,1.374117136001587,0.00030234011596874666,0
2014-03-06,1.373249053955078,1.3722691535949707,1.384999394416809,1.3734188079833984,-0.0005082012296422356,1
2014-03-07,1.3864625692367554,1.3854252099990845,1.3915308713912964,1.3863087892532349,0.00938532456007568,1
2014-03-10,1.3877516984939575,1.386328101158142,1.3898154497146606,1.3878673315048218,0.0011242388879511012,1
2014-03-11,1.387694001197815,1.383527755737305,1.3878865242004397,1.3878865242004397,1.382891230461425e-05,0
2014-03-12,1.385751724243164,1.3844892978668213,1.3905401229858398,1.385809302330017,-0.0014966799044462409,1
2014-03-13,1.390395164489746,1.3898926973342896,1.3965407609939575,1.3904531002044678,0.003350964571130266,0
2014-03-14,1.3865779638290403,1.3849802017211914,1.3933204412460327,1.3865394592285156,-0.0028146515516248583,1
2014-03-17,1.391072154045105,1.3882139921188354,1.3949005603790283,1.39130437374115,0.0034365516833436693,1
2014-03-18,1.39271879196167,1.3882602453231812,1.393805980682373,1.3926606178283691,0.0009748004195317961,1
2014-03-19,1.3929710388183594,1.3901052474975586,1.393301010131836,1.3930875062942505,0.00030652727621971465,0
2014-03-20,1.3818453550338743,1.375269889831543,1.3844088315963743,1.381921648979187,-0.008015187319255879,0
2014-03-21,1.378207802772522,1.3768301010131836,1.3811391592025757,1.378207802772522,-0.002687450630365684,1
2014-03-24,1.379747986793518,1.376197338104248,1.3823496103286743,1.3795576095581057,0.0009793927903094524,1
2014-03-25,1.3837192058563232,1.3775509595870972,1.384899616241455,1.3838915824890137,0.00314156719580283,0
2014-03-26,1.382055401802063,1.378129959106445,1.3823038339614868,1.3819025754928589,-0.0014372563727698129,0
2014-03-27,1.3787018060684204,1.3741793632507324,1.3795197010040283,1.378207802772522,-0.0026736853855411358,0
2014-03-28,1.374192714691162,1.3708508014678955,1.3771296739578247,1.3741360902786257,-0.0029543530995146394,1
2014-03-31,1.3754968643188477,1.3738603591918943,1.3805996179580688,1.3752131462097168,0.0007838058680729176,1
2014-04-01,1.3775053024291992,1.3771448135375977,1.3812918663024902,1.3775053024291992,0.0016667643308965197,1
2014-04-02,1.3793483972549438,1.375519633293152,1.381999969482422,1.379481554031372,0.0014346598874703798,0
2014-04-03,1.376822590827942,1.3699606657028198,1.3799384832382202,1.376822590827942,-0.0019275090671996287,0
2014-04-04,1.372118592262268,1.367629885673523,1.3730002641677856,1.3723821640014648,-0.003225126356916297,0
2014-04-07,1.3704074621200562,1.3697879314422607,1.3748916387557983,1.3704074621200562,-0.001438886290718755,1
2014-04-08,1.374306082725525,1.373947262763977,1.380900740623474,1.374306082725525,0.002844862358993172,1
2014-04-09,1.3793293237686155,1.3780994415283203,1.38277006149292,1.3793293237686155,0.003655110827370134,1
2014-04-10,1.3852909803390503,1.3837709426879885,1.3899602890014648,1.3855020999908447,0.0044752011835460515,1
2014-04-11,1.3889081478118896,1.3865586519241333,1.390607833862305,1.3886381387710571,0.002263467359763016,0
2014-04-14,1.3847347497940063,1.3809999227523804,1.3862895965576172,1.3846195936203003,-0.002893874968977306,0
2014-04-15,1.3818072080612185,1.3792704343795776,1.3832405805587769,1.381711721420288,-0.0021001235381979955,0
2014-04-16,1.381043791770935,1.3804794549942017,1.38520085811615,1.38119637966156,-0.00037297342907272046,1
2014-04-17,1.3823992013931274,1.3823992013931274,1.3865606784820557,1.3827050924301147,0.0010923231415682633,0
2014-04-18,1.3812155723571775,1.3809484243392944,1.3823038339614868,1.3812155723571775,-0.0010772507319831703,1
2014-04-21,1.3815207481384275,1.3788918256759644,1.3830493688583374,1.3815207481384275,0.00022094724918941822,0
2014-04-22,1.3792723417282104,1.378669500350952,1.3824700117111206,1.3795006275177002,-0.0014622441417904142,1
2014-04-23,1.380738615989685,1.3801099061965942,1.38554048538208,1.3810056447982788,0.0010909870213591244,1
2014-04-24,1.3818072080612185,1.3792152404785156,1.3841999769210815,1.381921648979187,0.0006632877891254996,1
2014-04-25,1.3830493688583374,1.382877230644226,1.384907364845276,1.3832024335861206,0.0009268141995457668,1
2014-04-28,1.38410222530365,1.381711721420288,1.3880001306533811,1.384063959121704,0.0006228484816570568,1
2014-04-29,1.3852909803390503,1.3807406425476074,1.3878999948501587,1.3852909803390503,0.0008865350544384754,0
2014-04-30,1.3813872337341309,1.3786600828170776,1.3876997232437134,1.3813681602478027,-0.002831766139333003,1
2014-05-01,1.386866331100464,1.3863991498947144,1.3891011476516724,1.386924147605896,0.004022090213152474,1
2014-05-02,1.3870972394943235,1.381348967552185,1.3870991468429563,1.3870972394943235,0.00012480270729020582,1
2014-05-05,1.387270450592041,1.3865971565246582,1.3888001441955566,1.387270450592041,0.00012487307507047518,1
2014-05-06,1.387694001197815,1.3873474597930908,1.395169019699097,1.387597680091858,0.0002358801051931536,1
2014-05-07,1.3929904699325562,1.391259789466858,1.393790364265442,1.3930680751800537,0.003942349548922364,0
2014-05-08,1.391207575798035,1.38517963886261,1.399110198020935,1.3911689519882202,-0.0013632666096292656,0
2014-05-09,1.3843512535095217,1.3755403757095337,1.3845045566558838,1.3844279050827026,-0.004845599016484292,0
2014-05-12,1.376159429550171,1.3750240802764893,1.3776001930236816,1.376064658164978,-0.006040940728672339,0
2014-05-13,1.3756482601165771,1.369990587234497,1.3773990869522097,1.3756672143936155,-0.0002888263781823941,0
2014-05-14,1.3708958625793457,1.3699193000793457,1.3729795217514038,1.3709522485733032,-0.0034274029147307594,1
2014-05-15,1.3718926906585691,1.3650591373443604,1.373049259185791,1.372005581855774,0.0007683223712326992,0
2014-05-16,1.3717044591903689,1.3686106204986572,1.372800350189209,1.3716480731964111,-0.0002605737644880701,0
2014-05-19,1.3703886270523071,1.3701257705688477,1.3734301328659058,1.3703323602676392,-0.0009592204840895846,1
2014-05-20,1.371328353881836,1.368149995803833,1.3714975118637085,1.3713847398757937,0.0007679739884045578,0
2014-05-21,1.370463728904724,1.3654392957687378,1.3721994161605835,1.3704074621200562,-0.0007126211392917137,0
2014-05-22,1.3683072328567505,1.364779710769653,1.368730545043945,1.3681762218475342,-0.001628158291746451,0
2014-05-23,1.3655046224594116,1.3616186380386353,1.3655046224594116,1.3654487133026123,-0.0019935359943902276,0
2014-05-26,1.36280620098114,1.3616743087768557,1.3655997514724731,1.3628805875778198,-0.0018807925188057961,1
2014-05-27,1.3652995824813845,1.3614296913146973,1.366923213005066,1.3651318550109863,0.0016518449625637643,0
2014-05-28,1.3635681867599487,1.359190583229065,1.363902926445007,1.3636983633041382,-0.001050075640375847,0
2014-05-29,1.359397530555725,1.3588802814483645,1.3626019954681396,1.359342098236084,-0.00319444914306366,1
2014-05-30,1.360322117805481,1.359933614730835,1.365094542503357,1.360451579093933,0.0008161895811868991,1
2014-06-02,1.36284339427948,1.359469652175903,1.3637299537658691,1.36280620098114,0.0017307649337838793,0
2014-06-03,1.359767198562622,1.3594603538513184,1.3646008968353271,1.3598966598510742,-0.002134963230994269,1
2014-06-04,1.3621937036514282,1.3601185083389282,1.3637503385543823,1.3621008396148682,0.00162084357500758,0
2014-06-05,1.3603407144546509,1.350679636001587,1.3637913465499878,1.3604146242141724,-0.0012379519574868825,1
2014-06-06,1.3660829067230225,1.3621751070022583,1.3675774335861206,1.3661948442459106,0.0042488664329649595,0
2014-06-09,1.3645356893539429,1.3583265542984009,1.3669008016586304,1.3642936944961548,-0.0013915656011754818,0
2014-06-10,1.3592681884765625,1.3537899255752563,1.3602999448776243,1.3592681884765625,-0.0036835954310030505,0
2014-06-11,1.3540228605270386,1.3523015975952148,1.3558990955352783,1.3540961742401123,-0.0038049991019408758,0
2014-06-12,1.3536561727523804,1.3513001203536987,1.356208086013794,1.3537112474441528,-0.0002842684318014044,1
2014-06-13,1.3550686836242676,1.3523601293563845,1.3580996990203855,1.3554543256759644,0.0012876292747825424,0
2014-06-16,1.353692889213562,1.3513604402542114,1.358105182647705,1.3538029193878174,-0.0012183415234765516,1
2014-06-17,1.3576995134353638,1.3538578748703003,1.35869562625885,1.357717990875244,0.002891906518562415,0
2014-06-18,1.354976773262024,1.3542006015777588,1.3582711219787598,1.3547931909561155,-0.0021542028158902937,1
2014-06-19,1.3591018915176392,1.3585480451583862,1.3645002841949463,1.3590649366378784,0.003153061079933739,1
2014-06-20,1.3608219623565674,1.3565300703048706,1.3634008169174194,1.361136794090271,0.0015244727433834093,0
2014-06-23,1.359194278717041,1.3575999736785889,1.3615074157714844,1.3593051433563232,-0.0013456771882887075,1
2014-06-24,1.360063076019287,1.3583818674087524,1.362999439239502,1.3601926565170288,0.0006529167972646466,1
2014-06-25,1.3607479333877563,1.3601001501083374,1.365200757980347,1.3605812788009644,0.0002857112057423894,1
2014-06-26,1.36286199092865,1.3576995134353638,1.3642005920410156,1.3628991842269895,0.0017036140818194045,0
2014-06-27,1.3611738681793213,1.36104416847229,1.3639699220657349,1.3613035678863523,-0.0011707515560237525,1
2014-06-30,1.3644241094589231,1.3641393184661863,1.3696998357772827,1.3644425868988037,0.002305892004180299,1
2014-07-01,1.369187831878662,1.3676691055297852,1.3698067665100098,1.3693565130233765,0.003601416557761805,0
2014-07-02,1.3681575059890747,1.364470601081848,1.3683072328567505,1.3680826425552368,-0.0009302694046615656,0
2014-07-03,1.3653554916381836,1.359933614730835,1.3664991855621338,1.3652995824813845,-0.002034277745571189,0
2014-07-04,1.3609145879745483,1.3586199283599854,1.3613035678863523,1.3610072135925293,-0.0031439025866059067,0
2014-07-07,1.3589541912078855,1.3577308654785156,1.3606997728347778,1.3588433265686035,-0.0015899159110361882,1
2014-07-08,1.360673904418945,1.358972668647766,1.3618004322052002,1.360618233680725,0.00130618966691598,1
2014-07-09,1.361748456954956,1.3602850437164309,1.3642005920410156,1.3617113828659058,0.0008034209435980877,1
2014-07-10,1.364349603652954,1.3590095043182373,1.3650591373443604,1.3642936944961548,0.0018963722142164574,0
2014-07-11,1.3605812788009644,1.3593605756759644,1.3624721765518188,1.360507249832153,-0.0027753882314908163,0
2014-07-14,1.3603591918945312,1.3598780632019043,1.363999605178833,1.360377550125122,-9.533187496579831e-05,1
2014-07-15,1.362212300300598,1.3562631607055664,1.362839698791504,1.3621751070022583,0.0013213661729207793,0
2014-07-16,1.3572019338607788,1.3526400327682495,1.3572019338607788,1.3572019338607788,-0.0036509059047658,0
2014-07-17,1.3529053926467896,1.3518993854522705,1.354019045829773,1.3529969453811646,-0.003098277695237628,0
2014-07-18,1.351807951927185,1.349269151687622,1.353637933731079,1.3518811464309692,-0.0008246869691793668,1
2014-07-21,1.3531982898712158,1.351470112800598,1.3549199104309082,1.3532166481018066,0.000987883938142975,0
2014-07-22,1.3522833585739136,1.346166729927063,1.353033423423767,1.3527040481567385,-0.00037880109277932394,0
2014-07-23,1.346819519996643,1.3455908298492432,1.3475091457366943,1.3468012809753418,-0.004363679689907141,0
2014-07-24,1.346203088760376,1.3441762924194336,1.3485703468322754,1.346293568611145,-0.00037697644884115977,1
2014-07-25,1.346619963645935,1.3429001569747925,1.3476998805999756,1.3464748859405518,0.0001346788944358579,0
2014-07-28,1.3429127931594849,1.3427324295043943,1.3445992469787598,1.3428946733474731,-0.002658952372942114,1
2014-07-29,1.3439054489135742,1.3409894704818726,1.3443931341171265,1.3439054489135742,0.0007526841726026579,0
2014-07-30,1.3411476612091064,1.3368805646896362,1.341705560684204,1.3411117792129517,-0.0020787695316519805,0
2014-07-31,1.3395488262176514,1.3372291326522827,1.3402005434036257,1.3396027088165283,-0.0011252383431521462,0
2014-08-01,1.3389928340911863,1.3379608392715454,1.3445992469787598,1.3389928340911863,-0.00045526537183615545,1
2014-08-04,1.3428946733474731,1.3412107229232788,1.3432915210723877,1.3428946733474731,0.002914010558491942,0
2014-08-05,1.3422459363937378,1.3361481428146362,1.3426063060760498,1.342209815979004,-0.0005099859148015584,0
2014-08-06,1.3371665477752686,1.3334044218063354,1.3374992609024048,1.337238073348999,-0.0037041471242545976,1
2014-08-07,1.3382043838500977,1.3339380025863647,1.339297652244568,1.3382940292358398,0.0007896543688710178,0
2014-08-08,1.3360053300857544,1.334507703781128,1.343010187149048,1.3358268737792969,-0.0018435077812846146,1
2014-08-11,1.3405005931854248,1.3380969762802124,1.3408960103988647,1.3405184745788574,0.0035121323665896487,0
2014-08-12,1.3382760286331177,1.333749532699585,1.3385089635849,1.3384909629821775,-0.0015124831437454134,0
2014-08-13,1.3365768194198608,1.3345005512237549,1.3414806127548218,1.3366124629974363,-0.001403446146962306,1
2014-08-14,1.3366659879684448,1.3349494934082031,1.340689182281494,1.3367911577224731,0.00013369224811521363,0
2014-08-15,1.3363981246948242,1.3358982801437378,1.3409498929977417,1.3363981246948242,-0.0002940122885900509,1
2014-08-18,1.3392080068588257,1.3354896306991575,1.3400999307632446,1.339046597480774,0.001981799238572446,0
2014-08-19,1.3360588550567627,1.3314799070358276,1.336112380027771,1.336112380027771,-0.002191273596096832,0
2014-08-20,1.3321433067321775,1.3276492357254028,1.332196593284607,1.332196593284607,-0.002930731577446055,0
2014-08-21,1.325996160507202,1.3242928981781006,1.3290996551513672,1.3260489702224731,-0.004614651541013481,1
2014-08-22,1.3279507160186768,1.322499394416809,1.3299003839492798,1.3279330730438232,0.0014208395494126336,0
2014-08-25,1.3198009729385376,1.318610668182373,1.3210301399230957,1.3198705911636353,-0.006071451975894759,0
2014-08-26,1.3187566995620728,1.3185653686523438,1.3217006921768188,1.3188958168029783,-0.0007385378287712019,0
2014-08-27,1.3169331550598145,1.3156163692474363,1.3209795951843262,1.3170199394226074,-0.0014223089924707555,1
2014-08-28,1.319330811500549,1.316250205039978,1.3218997716903689,1.319087266921997,0.0015697009874398038,0
2014-08-29,1.3184958696365356,1.3144301176071167,1.3196808099746704,1.3184958696365356,-0.0004483382565290128,0
2014-09-01,1.312766671180725,1.312026023864746,1.314699649810791,1.3127838373184204,-0.0043322337594351445,1
2014-09-02,1.3131976127624512,1.3111796379089355,1.3137307167053225,1.3131976127624512,0.0003151893192683275,0
2014-09-03,1.313094139099121,1.312404751777649,1.3160994052886963,1.3131976127624512,0.0,1
2014-09-04,1.3149243593215942,1.2924203872680664,1.3155003786087036,1.3150973320007324,0.0014466362258189758,0
2014-09-05,1.2930420637130735,1.2926744222640991,1.2988194227218628,1.2932761907577517,-0.01659279561443794,1
2014-09-08,1.295202612876892,1.2931692600250244,1.295873999595642,1.2953367233276367,0.0015932656803012701,0
2014-09-09,1.28940749168396,1.2861074209213257,1.2924906015396118,1.2891082763671875,-0.004808361291918528,1
2014-09-10,1.2939958572387695,1.289889931678772,1.2962805032730105,1.294196844100952,0.003947354793271796,0
2014-09-11,1.2917560338974,1.2899596691131592,1.295209288597107,1.2917059659957886,-0.0019246516606163944,1
2014-09-12,1.2924739122390747,1.2913206815719604,1.2960201501846311,1.2923569679260254,0.0005039861604532181,1
2014-09-15,1.296075463294983,1.2912389039993286,1.2968990802764893,1.2960082292556765,0.002825273063301159,0
2014-09-16,1.2939623594284058,1.2924203872680664,1.29781973361969,1.2939791679382324,-0.001565623791300652,1
2014-09-17,1.2959076166152954,1.294089674949646,1.2979999780654907,1.2959076166152954,0.0014903243613539896,0
2014-09-18,1.2850167751312256,1.285000205039978,1.2926894426345823,1.285000205039978,-0.008416812614934543,1
2014-09-19,1.2921398878097534,1.283202886581421,1.2929586172103882,1.2920063734054563,0.005452270231552481,0
2014-09-22,1.2840760946273804,1.281952738761902,1.286900281906128,1.2841421365737915,-0.006086840586502995,1
2014-09-23,1.2852975130081177,1.284589171409607,1.289929747581482,1.285148859024048,0.0007839649689733719,1
2014-09-24,1.2850992679595947,1.277550458908081,1.2863903045654297,1.2853965759277344,0.00019275347127845066,0
2014-09-25,1.27790629863739,1.2705398797988892,1.2784944772720337,1.2778083086013794,-0.005903444484343767,0
2014-09-26,1.2757054567337036,1.2681503295898438,1.2760473489761353,1.2757054567337036,-0.0016456708361659578,0
2014-09-29,1.2676360607147217,1.2665106058120728,1.2714558839797974,1.2673146724700928,-0.006577368011809304,1
2014-09-30,1.2690999507904053,1.257390379905701,1.2701992988586426,1.269083857536316,0.0013960108761108536,0
2014-10-01,1.2629133462905884,1.2585740089416504,1.2639987468719482,1.262833595275879,-0.004925019117783647,0
2014-10-02,1.2624987363815308,1.26160991191864,1.2690500020980835,1.2624191045761108,-0.00032822273759469667,1
2014-10-03,1.266993522644043,1.2501593828201294,1.2670577764511108,1.2670577764511108,0.003674430985863175,0
2014-10-06,1.2515017986297607,1.2513607740402222,1.2593204975128174,1.2513607740402222,-0.012388545102382187,1
2014-10-07,1.2643983364105225,1.258469581604004,1.266430377960205,1.264606237411499,0.010584847828106092,1
2014-10-08,1.266800880432129,1.2624493837356567,1.2690999507904053,1.266800880432129,0.0017354358658883129,1
2014-10-09,1.2738852500915527,1.2677806615829468,1.2793008089065552,1.2743074893951416,0.005925642363346029,0
2014-10-10,1.2689067125320437,1.2610498666763306,1.271601319313049,1.2689067125320437,-0.004238205384527238,0
2014-10-13,1.2640947103500366,1.2635036706924438,1.269999384880066,1.263982892036438,-0.0038803644483687005,1
2014-10-14,1.272248387336731,1.264080286026001,1.2732040882110596,1.272394061088562,0.006654495962815199,0
2014-10-15,1.2644143104553225,1.2626103162765503,1.2840431928634644,1.2639029026031494,-0.006673371673982964,1
2014-10-16,1.2820513248443604,1.2710679769515991,1.284438967704773,1.2821663618087769,0.014450049262496156,0
2014-10-17,1.2807542085647583,1.2746502161026,1.283489465713501,1.280442476272583,-0.0013445100320381709,0
2014-10-20,1.2748922109603882,1.2732398509979248,1.2788541316986084,1.274957299232483,-0.0042838137141995025,1
2014-10-21,1.2795250415802002,1.271709680557251,1.2839277982711792,1.2795250415802002,0.0035826630040607377,0
2014-10-22,1.2714234590530396,1.2651101350784302,1.2739096879959106,1.2714719772338867,-0.006293791902945545,0
2014-10-23,1.2645422220230105,1.261702299118042,1.2675796747207642,1.2641425132751465,-0.005764550135572533,1
2014-10-24,1.2650701999664309,1.2635835409164429,1.2695107460021973,1.2654062509536743,0.0009996797554523429,1
2014-10-27,1.2676842212677002,1.2667094469070437,1.2721998691558838,1.2676681280136108,0.001787471065700652,1
2014-10-28,1.270244598388672,1.2686975002288818,1.2762998342514038,1.270147681236267,0.001955995554247858,1
2014-10-29,1.2738043069839478,1.2725075483322144,1.2769794464111328,1.273836612701416,0.0029043327163014165,0
2014-10-30,1.2632323503494265,1.2558696269989014,1.2634079456329346,1.2632802724838257,-0.008287044125073084,0
2014-10-31,1.2610021829605105,1.249125599861145,1.2613362073898315,1.2613362073898315,-0.0015389024402097107,0
2014-11-03,1.2503281831741333,1.2442917823791504,1.2511416673660278,1.250312566757202,-0.008739652891945116,0
2014-11-04,1.2492660284042358,1.2492660284042358,1.2568103075027466,1.2495938539505005,-0.0005748265080350867,1
2014-11-05,1.2553982734680176,1.245969295501709,1.2567076683044434,1.255256414413452,0.004531520737757866,0
2014-11-06,1.2477695941925049,1.2402100563049316,1.2533605098724363,1.2480031251907349,-0.00577833272901962,0
2014-11-07,1.238175392150879,1.236390471458435,1.2442995309829712,1.238006830215454,-0.008009831685119373,1
2014-11-10,1.2461835145950315,1.2430498600006104,1.2508692741394043,1.246137022972107,0.006567163086844907,0
2014-11-11,1.242714524269104,1.2396397590637207,1.2441989183425903,1.242992639541626,-0.0025233047189155977,1
2014-11-12,1.2478007078170776,1.2431780099868774,1.25,1.2475829124450684,0.003692920422389001,0
2014-11-13,1.243193507194519,1.242992639541626,1.2490195035934448,1.242992639541626,-0.0036793329386390905,1
2014-11-14,1.2475050687789917,1.2399563789367676,1.2493003606796265,1.2475982904434204,0.0037052921757387836,1
2014-11-17,1.2521443367004397,1.2448292970657349,1.2575926780700684,1.251846432685852,0.0034050561586789208,0
2014-11-18,1.2451130151748655,1.2448959350585938,1.2535696029663086,1.2448959350585938,-0.005552196695840617,1
2014-11-19,1.2533998489379885,1.251392126083374,1.2570995092391968,1.253337025642395,0.006780559198632075,1
2014-11-20,1.2542959451675415,1.2506800889968872,1.2575294971466064,1.2540757656097412,0.0005894184502908129,1
2014-11-21,1.2543588876724243,1.2406902313232422,1.2567235231399536,1.2545005083084106,0.00033868982267026837,0
2014-11-24,1.237424612045288,1.237424612045288,1.2440301179885864,1.2375012636184692,-0.01355060805265318,1
2014-11-25,1.2435954809188845,1.2406023740768433,1.247889518737793,1.2433171272277832,0.004699682966228469,1
2014-11-26,1.2478941679000854,1.2444404363632202,1.2524595260620115,1.24806547164917,0.0038190935501500878,1
2014-11-27,1.2505470514297483,1.246618628501892,1.252097249031067,1.2505940198898315,0.0020259740358976597,0
2014-11-28,1.2458264827728271,1.2431100606918335,1.248953938484192,1.246199131011963,-0.0035142410790159895,0
2014-12-01,1.2437965869903564,1.2422822713851929,1.250589370727539,1.2438275814056396,-0.0019030262076955573,1
2014-12-02,1.247007131576538,1.2395721673965454,1.2478007078170776,1.247007131576538,0.002556262795929687,0
2014-12-03,1.2388043403625488,1.2302998304367063,1.2392956018447876,1.2388503551483154,-0.00654108242180651,0
2014-12-04,1.2312238216400146,1.229770302772522,1.2431780099868774,1.231663703918457,-0.005801064834015435,1
2014-12-05,1.2385741472244265,1.2275059223175049,1.2392494678497314,1.2386661767959597,0.005685377311375417,0
2014-12-08,1.2296946048736572,1.2247997522354126,1.2303906679153442,1.2294074296951294,-0.007474771875001673,1
2014-12-09,1.2314057350158691,1.2293771505355835,1.2447998523712158,1.2315119504928589,0.0017118172112002839,1
2014-12-10,1.238712191581726,1.236292600631714,1.2435954809188845,1.2394952774047852,0.006482541163105537,1
2014-12-11,1.2480031251907349,1.2374200820922852,1.2495938539505005,1.2473959922790527,0.006374138746869429,0
2014-12-12,1.239126682281494,1.2386692762374878,1.2477073669433594,1.2394952774047852,-0.006333766440785649,1
2014-12-15,1.2464786767959597,1.2417100667953491,1.248000144958496,1.2463544607162476,0.0055338519125494035,0
2014-12-16,1.2443537712097168,1.2436264753341677,1.2565702199935913,1.2443537712097168,-0.001605233157653263,1
2014-12-17,1.2513765096664429,1.239009976387024,1.2515957355499268,1.2512043714523315,0.005505347756494361,0
2014-12-18,1.2338062524795532,1.226670265197754,1.2351473569869995,1.233897686004639,-0.013832021244941761,0
2014-12-19,1.2291052341461182,1.2254902124404907,1.23099946975708,1.229044795036316,-0.003932976796509502,0
2014-12-22,1.2224938869476318,1.2223594188690186,1.2280004024505615,1.2225985527038574,-0.005244920574492218,0
2014-12-23,1.2224639654159546,1.216570258140564,1.2249993085861206,1.2223743200302124,-0.00018340662447957623,0
2014-12-24,1.2175966501235962,1.2170928716659546,1.2221053838729858,1.217492938041687,-0.0039933610421435395,1
2014-12-25,1.2198543548583984,1.2191553115844729,1.2255953550338743,1.2198543548583984,0.0019395733173694918,1
2014-12-26,1.2211055755615234,1.2169995307922363,1.222299575805664,1.2210012674331665,0.0009402045172033358,0
2014-12-29,1.2169595956802368,1.216944694519043,1.2219994068145752,1.216944694519043,-0.003322333090326257,0
2014-12-30,1.2154951095581057,1.2124900817871094,1.2189993858337402,1.215347409248352,-0.001312537272963099,1
2014-12-31,1.2162047624588013,1.21053946018219,1.2169743776321411,1.2162047624588013,0.0007054387938174589,0
2015-01-01,1.2098628282546997,1.2098628282546997,1.2098628282546997,1.2098628282546997,-0.0052145283424808175,0
2015-01-02,1.2088682651519775,1.2010799646377563,1.208956003189087,1.2089413404464722,-0.0007616465162061381,0
2015-01-05,1.195500135421753,1.1889094114303589,1.197590470314026,1.194643259048462,-0.011826943888551211,0
2015-01-06,1.1938302516937256,1.1886931657791138,1.1969999074935913,1.193901538848877,-0.0006208717070699254,0
2015-01-07,1.1874792575836182,1.1804006099700928,1.1900001764297483,1.1875356435775757,-0.005332010274012311,0
2015-01-08,1.1838942766189575,1.1756006479263306,1.184805989265442,1.1836000680923462,-0.003314069355740079,0
2015-01-09,1.1794260740280151,1.176830530166626,1.1838297843933103,1.1796069145202637,-0.003373735503850117,1
2015-01-12,1.1870139837265017,1.1788004636764526,1.1872000694274902,1.187070369720459,0.006327069728334633,0
2015-01-13,1.1832358837127686,1.1756504774093628,1.1859019994735718,1.1831519603729248,-0.0033009073829860514,0
2015-01-14,1.17767596244812,1.173060417175293,1.184356927871704,1.1778285503387451,-0.004499345994830373,1
2015-01-15,1.178383708000183,1.159229397773743,1.1788560152053833,1.178592085838318,0.0006482569125645377,0
2015-01-16,1.1639004945755005,1.1464300155639648,1.1650002002716064,1.1637378931045532,-0.012603336567629575,0
2015-01-19,1.156376838684082,1.155401587486267,1.1638705730438232,1.1566041707992554,-0.006130007751373401,1
2015-01-20,1.1597026586532593,1.1569199562072754,1.1615993976593018,1.1597968339920044,0.0027603766901020954,0
2015-01-21,1.1546677350997925,1.1543744802474976,1.1663997173309326,1.154694437980652,-0.0043993877736240306,1
2015-01-22,1.1616965532302856,1.1414000988006592,1.1642893552780151,1.161534547805786,0.005923740168954028,0
2015-01-23,1.1346487998962402,1.11217999458313,1.1373976469039917,1.1346745491027832,-0.023124580111493875,0
2015-01-26,1.1140819787979126,1.1125450134277344,1.1283994913101196,1.1125450134277344,-0.019502980561736605,1
2015-01-27,1.1250998973846436,1.1226003170013428,1.14199960231781,1.1247708797454834,0.01098909812204485,1
2015-01-28,1.1366994380950928,1.1307804584503174,1.138200283050537,1.1367381811141968,0.010639768137864047,0
2015-01-29,1.1284770965576172,1.126405119895935,1.1368002891540527,1.1281461715698242,-0.007558477129668395,1
2015-01-30,1.133735418319702,1.1285994052886963,1.1363998651504517,1.13355553150177,0.004794910507402328,0
2015-02-02,1.130467176437378,1.1292927265167236,1.13599956035614,1.1309019327163696,-0.002340951732540897,1
2015-02-03,1.1336969137191772,1.1317901611328125,1.1450005769729614,1.1341726779937744,0.002892156413198954,1
2015-02-04,1.1456853151321411,1.1404199600219729,1.1484194993972778,1.145737886428833,0.010197043765431069,0
2015-02-05,1.131721019744873,1.1316953897476196,1.1460003852844238,1.131874680519104,-0.012099805787988194,1
2015-02-06,1.147091507911682,1.132002830505371,1.147599697113037,1.147196888923645,0.013537018424613745,0
2015-02-09,1.1314777135849,1.127169489860535,1.13599956035614,1.1314393281936646,-0.013735707342063086,1
2015-02-10,1.1326054334640503,1.127559781074524,1.1350003480911257,1.1326953172683716,0.0011100808001009987,0
2015-02-11,1.1319515705108645,1.128860592842102,1.133195877075195,1.1321951150894165,-0.00044160346681876295,0
2015-02-12,1.130825161933899,1.1306205987930298,1.1398193836212158,1.131196141242981,-0.000882333648256961,1
2015-02-13,1.1404849290847778,1.138200283050537,1.1450005769729614,1.140393853187561,0.008130961209320775,0
2015-02-16,1.1397050619125366,1.1397050619125366,1.1435000896453855,1.1400039196014404,-0.00034192887398565297,0
2015-02-17,1.1333627700805664,1.1325156688690186,1.1442302465438845,1.1334012746810913,-0.005791773876231532,1
2015-02-18,1.1404979228973389,1.1347800493240356,1.1415003538131714,1.1404719352722168,0.0062384441848408745,0
2015-02-19,1.1400818824768066,1.135620355606079,1.1450005769729614,1.1400039196014404,-0.0004103701777322666,0
2015-02-20,1.1366735696792605,1.1282098293304443,1.1375994682312012,1.1366735696792605,-0.0029213495365386644,1
2015-02-23,1.1379412412643433,1.1296601295471191,1.1393024921417236,1.1381484270095823,0.0012975205632150821,0
2015-02-24,1.1334141492843628,1.1290695667266846,1.134740114212036,1.1332985162734983,-0.004261228694772967,1
2015-02-25,1.1340696811676023,1.1337804794311523,1.1388003826141355,1.1339025497436523,0.0005329870828210126,1
2015-02-26,1.1362732648849487,1.1202698945999146,1.1378804445266724,1.1363636255264282,0.0021704473487005327,0
2015-02-27,1.120360255241394,1.117680549621582,1.1249998807907104,1.1205360889434814,-0.013928232325823187,0
2015-03-02,1.117093801498413,1.1161960363388062,1.1240400075912476,1.1161960363388062,-0.003873193061338487,1
2015-03-03,1.1176680326461792,1.115599513053894,1.1214005947113037,1.1179054975509644,0.0015315062556262582,1
2015-03-04,1.11840558052063,1.1062803268432615,1.118806004524231,1.118217945098877,0.000279493703713829,0
2015-03-05,1.1079963445663452,1.1010500192642212,1.1108901500701904,1.1082050800323486,-0.008954305473646285,0
2015-03-06,1.103399634361267,1.0852224826812744,1.103399634361267,1.1032048463821411,-0.004512011125288762,0
2015-03-09,1.0845634937286377,1.0837758779525757,1.0910003185272217,1.0845986604690552,-0.016865576664300552,0
2015-03-10,1.083576202392578,1.0705904960632324,1.0837054252624512,1.0833414793014526,-0.0011591210771538796,0
2015-03-11,1.070939064025879,1.0561401844024658,1.0714553594589231,1.0708701610565186,-0.011511899510185497,0
2015-03-12,1.0549412965774536,1.0501554012298584,1.0681501626968384,1.0548745393753052,-0.014937031829733827,1
2015-03-13,1.062597632408142,1.0486302375793457,1.0629997253417969,1.0626314878463743,0.0073534322628194815,0
2015-03-16,1.0484488010406494,1.0481630563735962,1.0613998174667358,1.0481630563735962,-0.013615662285804353,1
2015-03-17,1.057283639907837,1.055297613143921,1.064900279045105,1.0572947263717651,0.008712070075969303,1
2015-03-18,1.0595914125442505,1.0580499172210691,1.064599871635437,1.0598047971725464,0.002374050241785275,1
2015-03-19,1.0843987464904783,1.0621405839920044,1.091405153274536,1.0849988460540771,0.02377234840675002,0
2015-03-20,1.067270040512085,1.065719723701477,1.0814902782440186,1.066894292831421,-0.01668624191490975,1
2015-03-23,1.082602620124817,1.0769503116607666,1.094369649887085,1.0826611518859863,0.014778276686364,1
2015-03-24,1.094798564910889,1.089330554008484,1.1030004024505615,1.094499111175537,0.010934131393676827,0
2015-03-25,1.0910598039627075,1.0902034044265747,1.1012972593307495,1.0902034044265747,-0.003924815200944898,1
2015-03-26,1.0966475009918213,1.0912598371505735,1.104519605636597,1.0960465669631958,0.005359699403703955,0
2015-03-27,1.0885539054870603,1.0805296897888184,1.089538335800171,1.0886367559432983,-0.006760489237631284,0
2015-03-30,1.08819842338562,1.0811103582382202,1.0884946584701538,1.0884946584701538,-0.00013052790324119545,0
2015-03-31,1.0829074382781982,1.071765422821045,1.0843517780303955,1.0830246210098269,-0.005025323200037457,0
2015-04-01,1.0741022825241089,1.072129726409912,1.0800302028656006,1.073814034461975,-0.008504503378015227,1
2015-04-02,1.0769827365875244,1.0752688646316528,1.0896902084350586,1.0769942998886108,0.002961653810223508,1
2015-04-03,1.0870983600616455,1.0865904092788696,1.1021955013275146,1.087074637413025,0.009359694406420482,1
2015-04-06,1.1001462936401367,1.0968520641326904,1.103594422340393,1.100134253501892,0.012013541333229849,0
2015-04-07,1.0934817790985107,1.0837700366973877,1.095554232597351,1.0934817790985107,-0.006046965979111696,0
2015-04-08,1.0824971199035645,1.078950047492981,1.088999629020691,1.0824151039123535,-0.010120584903829721,0
2015-04-09,1.0784345865249634,1.067000150680542,1.0790047645568848,1.078527569770813,-0.003591537227713437,0
2015-04-10,1.0667235851287842,1.0571495294570925,1.068349838256836,1.0669056177139282,-0.010775757970984845,0
2015-04-13,1.0608278512954712,1.0521597862243652,1.0619995594024658,1.060985445976257,-0.0055489179542951295,0
2015-04-14,1.0574960708618164,1.0532501935958862,1.0706901550292969,1.0572947263717651,-0.0034785770327848686,1
2015-04-15,1.0647926330566406,1.0574603080749512,1.0668703317642212,1.0647132396697998,0.007016504587601835,1
2015-04-16,1.0677144527435305,1.0627998113632202,1.0762397050857544,1.0676802396774292,0.0027866658336563876,1
2015-04-17,1.0759977102279663,1.073509693145752,1.0846904516220093,1.0755579471588137,0.007378339683203672,1
2015-04-20,1.0810226202011108,1.0716196298599243,1.0818647146224976,1.0810226202011108,0.005080779754110587,0
2015-04-21,1.074818134307861,1.06615948677063,1.076500415802002,1.0747487545013428,-0.005803639611723255,0
2015-04-22,1.073825478553772,1.0710101127624512,1.079999923706055,1.074171543121338,-0.0005370663400049436,0
2015-04-23,1.0725010633468628,1.0671299695968628,1.0818202495574951,1.0725815296173096,-0.0014802230744337397,1
2015-04-24,1.0815136432647705,1.078771948814392,1.0897995233535769,1.0815019607543943,0.008316786081769889,1
2015-04-27,1.0867438316345217,1.082390546798706,1.0904899835586548,1.086897373199463,0.004988814297946398,1
2015-04-28,1.0877013206481934,1.0861797332763672,1.0988999605178833,1.087795972824097,0.0008267566439956742,1
2015-04-29,1.0972130298614502,1.096059799194336,1.1175994873046875,1.096912145614624,0.008380406821014486,1
2015-04-30,1.1113210916519165,1.107299566268921,1.1247594356536863,1.1114321947097778,0.013237203319521829,1
2015-05-01,1.1215037107467651,1.118599534034729,1.1289701461791992,1.1214659214019775,0.009027745228146644,0
2015-05-04,1.1190940141677856,1.1124002933502195,1.1223105192184448,1.1185932159423828,-0.0025615628658635092,0
2015-05-05,1.115001201629639,1.106899976730347,1.1209995746612549,1.1149141788482666,-0.003288985702471603,1
2015-05-06,1.1184431314468384,1.1178054809570312,1.1365302801132202,1.1186307668685913,0.0033335193782932926,1
2015-05-07,1.133928298950195,1.1238203048706057,1.1390599012374878,1.1341469287872314,0.013870673307220915,0
2015-05-08,1.1245051622390747,1.1185194253921509,1.1289000511169434,1.1246949434280396,-0.008334004280467489,0
2015-05-11,1.1196954250335691,1.1134605407714844,1.1202975511550903,1.1194071769714355,-0.004701511718801732,0
2015-05-12,1.1146035194396973,1.113598108291626,1.127789855003357,1.114441990852356,-0.004435549656303772,1
2015-05-13,1.1218937635421753,1.1205499172210691,1.1382806301116943,1.1221455335617063,0.0069124663038391265,1
2015-05-14,1.134803295135498,1.1342240571975708,1.144379496574402,1.1350480318069458,0.011498061400544657,1
2015-05-15,1.140393853187561,1.1324695348739624,1.145100235939026,1.1404979228973389,0.0048014629669170805,1
2015-05-18,1.1444004774093628,1.1338794231414795,1.1447004079818726,1.144505262374878,0.0035136753843081348,0
2015-05-19,1.132541298866272,1.1120996475219729,1.1326183080673218,1.1326183080673218,-0.01038610716641919,0
2015-05-20,1.1146780252456665,1.1065741777420044,1.1150758266448977,1.1146656274795532,-0.015850600736273313,0
2015-05-21,1.1103092432022097,1.1085859537124634,1.1180005073547363,1.1100751161575315,-0.004118285527832777,1
2015-05-22,1.1110987663269043,1.1006996631622314,1.1209995746612549,1.1111851930618286,0.0010000016108275833,0
2015-05-25,1.0992151498794556,1.096070647239685,1.1010003089904783,1.0992997884750366,-0.010696150975556318,0
2015-05-26,1.0971288681030271,1.0875203609466553,1.0971288681030271,1.0971167087554932,-0.001985882051857568,0
2015-05-27,1.0887553691864014,1.0821995735168457,1.093000054359436,1.08888578414917,-0.007502323627592844,1
2015-05-28,1.0897995233535769,1.0868797302246094,1.0950000286102295,1.0900014638900757,0.0010246067651416002,1
2015-05-29,1.0957943201065063,1.0929105281829834,1.1003496646881104,1.0960345268249512,0.005534912690249305,0
2015-06-01,1.095902442932129,1.0888904333114624,1.0979998111724854,1.0957943201065063,-0.00021915980981057626,0
2015-06-02,1.0922753810882568,1.091941475868225,1.116629719734192,1.0922993421554563,-0.003189447040307991,1
2015-06-03,1.1148271560668943,1.1086794137954712,1.1283293962478638,1.115001201629639,0.02078355135633836,1
2015-06-04,1.126227617263794,1.1232597827911377,1.1376047134399414,1.1257838010787964,0.009670482357685417,0
2015-06-05,1.121604323387146,1.105180025100708,1.128020167350769,1.120787262916565,-0.004438275055515528,0
2015-06-08,1.1105434894561768,1.1088072061538696,1.1242802143096924,1.110814929008484,-0.00889761530848443,1
2015-06-09,1.1281970739364624,1.1216697692871094,1.1339694261550903,1.128095269203186,0.015556452963885192,1
2015-06-10,1.1293309926986694,1.1266602277755735,1.138200283050537,1.1299052238464355,0.0016044342110643761,1
2015-06-11,1.131298542022705,1.118879795074463,1.132054090499878,1.131196141242981,0.0011425006003165095,0
2015-06-12,1.1245051622390747,1.1152499914169312,1.1293296813964844,1.1240627765655518,-0.0063060369615396406,0
2015-06-15,1.1217930316925049,1.1191502809524536,1.1258105039596558,1.1219944953918457,-0.0018400050395988021,1
2015-06-16,1.1277008056640625,1.1211603879928589,1.133009672164917,1.1277008056640625,0.005085862983867706,0
2015-06-17,1.1242396831512451,1.122949481010437,1.129110336303711,1.124201774597168,-0.003102800893038382,1
2015-06-18,1.1364152431488037,1.1341005563735962,1.1428401470184326,1.1369967460632324,0.011381383444843962,1
2015-06-19,1.1372941732406616,1.12959885597229,1.13879656791687,1.1370742321014404,6.814974491020642e-05,1
2015-06-22,1.1362345218658447,1.1316006183624268,1.141000270843506,1.1372941732406616,0.0001934272477661647,0
2015-06-23,1.1346230506896973,1.113770604133606,1.13490629196167,1.13490629196167,-0.0020996162076409863,0
2015-06-24,1.1177055835723877,1.116283297538757,1.1239995956420898,1.1172186136245728,-0.015585144308720156,1
2015-06-25,1.1207119226455688,1.1156704425811768,1.1224100589752195,1.1206992864608765,0.003115480528033343,0
2015-06-26,1.1203854084014893,1.1136304140090942,1.1219995021820068,1.1202975511550903,-0.00035846842292086567,0
2015-06-29,1.0982975959777832,1.0975021123886108,1.119740605354309,1.0975021123886108,-0.020347664549454803,1
2015-06-30,1.121604323387146,1.1123000383377075,1.1238796710968018,1.122296690940857,0.022591827635104034,0
2015-07-01,1.1134989261627195,1.106119990348816,1.1167594194412231,1.1134989261627195,-0.007839072189335217,0
2015-07-02,1.1037039756774902,1.103363037109375,1.1121602058410645,1.103363037109375,-0.009102738058557658,1
2015-07-03,1.108598232269287,1.108270287513733,1.1119993925094604,1.1086965799331665,0.004833896591066145,0
2015-07-06,1.0997954607009888,1.0995051860809326,1.1091405153274536,1.0995051860809326,-0.008290269870579015,1
2015-07-07,1.1048015356063845,1.0916804075241089,1.105265498161316,1.1048991680145264,0.004905826731768315,0
2015-07-08,1.1009942293167114,1.0975021123886108,1.109010100364685,1.1009942293167114,-0.003534203672930669,1
2015-07-09,1.1072357892990112,1.102290391921997,1.1116199493408203,1.1071009635925293,0.005546563381724434,0
2015-07-10,1.1063048839569092,1.1056197881698608,1.1219995021820068,1.1063048839569092,-0.0007190668798957578,1
2015-07-13,1.1129041910171509,1.1007699966430664,1.119759440422058,1.1129041910171509,0.005965179360537531,0
2015-07-14,1.0985147953033447,1.0968496799468994,1.1074001789093018,1.099045991897583,-0.012452284061309937,1
2015-07-15,1.100897192955017,1.0936096906661987,1.1040000915527344,1.1008002758026123,0.0015961878920103256,0
2015-07-16,1.0938884019851685,1.0859402418136597,1.0950000286102295,1.0943553447723389,-0.005854768727755255,0
2015-07-17,1.0886012315750122,1.0843905210494995,1.0910003185272217,1.0886012315750122,-0.005257993415770934,0
2015-07-20,1.0832945108413696,1.0821573734283447,1.0871999263763428,1.0830246210098269,-0.005122730347380755,1
2015-07-21,1.083482265472412,1.081270456314087,1.0940704345703125,1.0835410356521606,0.00047682631799483843,1
2015-07-22,1.093900442123413,1.0881404876708984,1.097000002861023,1.0939961671829224,0.009649040679358345,0
2015-07-23,1.0927051305770874,1.0923947095870972,1.1019999980926514,1.0927051305770874,-0.0011801107211915074,1
2015-07-24,1.0988407135009766,1.092789888381958,1.099601984024048,1.0989010334014893,0.0056702422739880465,0
2015-07-27,1.0974057912826538,1.0972371101379397,1.112999439239502,1.0972371101379397,-0.0015141702600817153,1
2015-07-28,1.1091023683547974,1.102300047874451,1.1100996732711792,1.109004020690918,0.010724127396218863,0
2015-07-29,1.106549620628357,1.1014198064804075,1.108598232269287,1.1065986156463623,-0.0021689777491131768,0
2015-07-30,1.0983941555023191,1.091130018234253,1.099000096321106,1.098406195640564,-0.007403244401325337,0
2015-07-31,1.0941756963729858,1.0923899412155151,1.1110296249389648,1.0939244031906128,-0.004080268727305825,1
2015-08-03,1.0969001054763794,1.0943995714187622,1.09954035282135,1.0969001054763794,0.0027202083408026656,0
2015-08-04,1.0953983068466189,1.0933502912521362,1.0995995998382568,1.09560227394104,-0.001183181156478863,0
2015-08-05,1.0886012315750122,1.0850305557250977,1.0918794870376587,1.0888975858688354,-0.006119636871587453,1
2015-08-06,1.0904054641723633,1.0877498388290403,1.093460202217102,1.0903104543685913,0.0012975219323574372,1
2015-08-07,1.0922038555145264,1.0859096050262451,1.0968605279922483,1.0927051305770874,0.0021963250915382204,1
2015-08-10,1.095902442932129,1.0927098989486694,1.0999999046325684,1.0965032577514648,0.0034758939700150204,1
2015-08-11,1.1017948389053345,1.0961499214172363,1.108589768409729,1.1016976833343506,0.004737264158738208,1
2015-08-12,1.1043744087219238,1.103302240371704,1.1210297346115112,1.104203701019287,0.002274687260258146,1
2015-08-13,1.1155858039855957,1.1081806421279907,1.1189061403274536,1.1160963773727417,0.010770364510168218,0
2015-08-14,1.1158970594406128,1.110109567642212,1.1190000772476196,1.1160963773727417,0.0,0
2015-08-17,1.1094961166381836,1.1062498092651367,1.112599492073059,1.1092993021011353,-0.006090043305764126,0
2015-08-18,1.107714056968689,1.102189540863037,1.1099998950958252,1.107800006866455,-0.0013515696186234827,0
2015-08-19,1.103095293045044,1.1020400524139404,1.1080001592636108,1.1030831336975098,-0.004257874291125452,1
2015-08-20,1.1120007038116455,1.110839605331421,1.1219995021820068,1.1118029356002808,0.007904936297541187,1
2015-08-21,1.1235954761505127,1.123204231262207,1.1369102001190186,1.1236965656280518,0.010697606245615221,1
2015-08-24,1.13779878616333,1.1372941732406616,1.1705996990203855,1.1376951932907104,0.012457658135525795,1
2015-08-25,1.1582385301589966,1.140029788017273,1.1589996814727783,1.1583056449890137,0.01811596974290519,0
2015-08-26,1.1554815769195557,1.135500431060791,1.1558955907821655,1.1550945043563845,-0.0027722740077466,0
2015-08-27,1.1339540481567385,1.1211603879928589,1.1361596584320068,1.134005427360535,-0.018257447261945337,0
2015-08-28,1.1245051622390747,1.1156704425811768,1.1310003995895386,1.1247961521148682,-0.00812101514108432,0
2015-08-31,1.121176838874817,1.1185895204544067,1.126400113105774,1.1214030981063845,-0.0030165946088133166,1
2015-09-01,1.1225990056991575,1.122536063194275,1.1332305669784546,1.1225864887237549,0.0010552767505001004,1
2015-09-02,1.1296244859695437,1.1222903728485107,1.1299996376037598,1.1293437480926514,0.006019366380027202,0
2015-09-03,1.1215037107467651,1.1089695692062378,1.1249998807907104,1.121604323387146,-0.006853028334886102,0
2015-09-04,1.1125946044921875,1.109460473060608,1.116000413894653,1.1125946044921875,-0.008032885311773708,1
2015-09-07,1.1158970594406128,1.1124200820922852,1.1180005073547363,1.115200161933899,0.0023418749571417763,1
2015-09-08,1.1158970594406128,1.1153706312179563,1.122999906539917,1.1163954734802246,0.0010718358794468141,1
2015-09-09,1.1207997798919678,1.1133204698562622,1.1209995746612549,1.1207369565963743,0.0038888397698493282,1
2015-09-10,1.1219441890716553,1.117489457130432,1.127999782562256,1.1220699548721311,0.0011893944140157764,1
2015-09-11,1.1282861232757568,1.125579833984375,1.1342202425003052,1.1290887594223022,0.006255229025333708,1
2015-09-14,1.1344043016433716,1.128770112991333,1.1372101306915283,1.1344043016433716,0.004707816083289185,0
2015-09-15,1.1310937404632568,1.1259803771972656,1.1330032348632812,1.1307612657546997,-0.003211408739718591,0
2015-09-16,1.1272940635681152,1.1214998960494995,1.1311602592468262,1.1271796226501465,-0.0031674617914708714,1
2015-09-17,1.129394769668579,1.128795504570007,1.134000301361084,1.12920343875885,0.00179546903442529,1
2015-09-18,1.1406019926071167,1.1351704597473145,1.1460003852844238,1.1400948762893677,0.009645239428679675,0
2015-09-21,1.1293054819107056,1.118390679359436,1.1329994201660156,1.12920343875885,-0.009553097515853759,0
2015-09-22,1.1190940141677856,1.1130800247192385,1.1209995746612549,1.1190940141677856,-0.008952704396805733,0
2015-09-23,1.1121985912322998,1.110679268836975,1.1190601587295532,1.1120749711990356,-0.006272076232996082,1
2015-09-24,1.118806004524231,1.1166696548461914,1.1296104192733765,1.1189937591552734,0.006221512160082154,0
2015-09-25,1.1181179285049438,1.1118301153182983,1.1204394102096558,1.1178929805755615,-0.0009837218221332433,1
2015-09-28,1.120046615600586,1.1152101755142212,1.1241399049758911,1.1201720237731934,0.0020386953288304976,1
2015-09-29,1.1233556270599363,1.1194798946380615,1.1280303001403809,1.123103380203247,0.0026168805931965355,1
2015-09-30,1.1254037618637085,1.115799903869629,1.1262022256851196,1.1255937814712524,0.0022174283435552056,0
2015-10-01,1.117156147956848,1.1138957738876345,1.1209995746612549,1.11720609664917,-0.007451786745942268,1
2015-10-02,1.119494915008545,1.115180253982544,1.1315301656723022,1.1193444728851318,0.0019140391753817987,1
2015-10-05,1.1221455335617063,1.1196954250335691,1.1287994384765625,1.1226998567581177,0.002997632948807283,0
2015-10-06,1.119795799255371,1.1176055669784546,1.127999782562256,1.1195199489593506,-0.00283237570542616,1
2015-10-07,1.1272940635681152,1.1214194297790527,1.128426194190979,1.1267986297607422,0.0065016088441813835,0
2015-10-08,1.124201774597168,1.123974323272705,1.1313101053237915,1.1239995956420898,-0.0024840588590764323,1
2015-10-09,1.128604531288147,1.1270017623901367,1.137869954109192,1.1286935806274414,0.004176144727765729,1
2015-10-12,1.1369062662124634,1.135839581489563,1.1399999856948853,1.1369967460632324,0.007356438964750023,0
2015-10-13,1.1353960037231443,1.1347002983093262,1.141000270843506,1.135550618171692,-0.0012718839315483121,1
2015-10-14,1.138511300086975,1.138498306274414,1.1450005769729614,1.138498306274414,0.0025958227273639167,1
2015-10-15,1.1474995613098145,1.1365302801132202,1.1494200229644775,1.147552251815796,0.007952533167141729,0
2015-10-16,1.1366994380950928,1.1339398622512815,1.1399999856948853,1.1368157863616943,-0.009355970882470088,0
2015-10-19,1.1360021829605105,1.1308494806289673,1.1379995346069336,1.1361054182052612,-0.0006248753447615218,0
2015-10-20,1.133195877075195,1.1325798034667969,1.1390001773834229,1.132900595664978,-0.0028208848306928713,1
2015-10-21,1.1356022357940674,1.13379967212677,1.1378000974655151,1.1353960037231443,0.0022026716798586587,0
2015-10-22,1.1347002983093262,1.113800287246704,1.1352026462554932,1.134803295135498,-0.0005220280727629145,0
2015-10-23,1.108401656150818,1.1011033058166504,1.114094376564026,1.108094573020935,-0.02353599273905338,0
2015-10-26,1.1020376682281494,1.1006003618240356,1.1060001850128174,1.1020376682281494,-0.0054660540176395545,1
2015-10-27,1.106096863746643,1.1031999588012695,1.107800006866455,1.1065986156463623,0.004138649294579855,0
2015-10-28,1.103594422340393,1.1027060747146606,1.1099998950958252,1.1037039756774902,-0.0026157993765257848,0
2015-10-29,1.0925976037979126,1.0910003185272217,1.0981999635696411,1.0928961038589478,-0.009792364670887621,1
2015-10-30,1.099203109741211,1.0969964265823364,1.107200264930725,1.099384307861328,0.005936707047880185,1
2015-11-02,1.1024993658065796,1.1004005670547483,1.1060001850128174,1.102596640586853,0.002921937945225217,0
2015-11-03,1.1016976833343506,1.0937999486923218,1.1031999588012695,1.1016006469726562,-0.0009033163874566652,0
2015-11-04,1.0965032577514648,1.084799885749817,1.0966956615447998,1.0963950157165527,-0.00472551579413949,0
2015-11-05,1.0866022109985352,1.0837054252624512,1.0900002717971802,1.086802959442139,-0.008748722984794788,1
2015-11-06,1.0884946584701538,1.0711684226989746,1.0895025730133057,1.0883997678756714,0.0014692713335562324,0
2015-11-09,1.0732377767562866,1.072995901107788,1.0790001153945925,1.0733413696289062,-0.013835355988871645,1
2015-11-10,1.0759745836257937,1.0676004886627195,1.0762755870819092,1.0759514570236206,0.0024317402352773687,0
2015-11-11,1.073802471160889,1.0708003044128418,1.077296018600464,1.0737563371658323,-0.0020401662579282442,1
2015-11-12,1.0764957666397097,1.0693997144699097,1.079999923706055,1.0762988328933716,0.002367851661998266,1
2015-11-13,1.080894112586975,1.072199821472168,1.0815019607543943,1.0815019607543943,0.004834278085237065,0
2015-11-16,1.070102334022522,1.06999933719635,1.0759999752044678,1.06999933719635,-0.010635786133961878,0
2015-11-17,1.068901300430298,1.064400553703308,1.069198489189148,1.068798542022705,-0.001122239175204931,0
2015-11-18,1.0643960237503052,1.063230276107788,1.0691996812820437,1.064384698867798,-0.0041297241541458085,1
2015-11-19,1.0673041343688965,1.066996693611145,1.0734001398086548,1.066996693611145,0.002453995013387056,1
2015-11-20,1.0726966857910156,1.0664005279541016,1.0730005502700806,1.0726161003112793,0.00526656430500827,0
2015-11-23,1.0639996528625488,1.0602991580963137,1.0653995275497437,1.0641014575958252,-0.007938201480457985,1
2015-11-24,1.063897728919983,1.0623831748962402,1.0672005414962769,1.0642033815383911,9.57840456268233e-05,1
2015-11-25,1.0643960237503052,1.0576001405715942,1.0689996480941772,1.064384698867798,0.0001703784563669153,0
2015-11-26,1.0624960660934448,1.060200333595276,1.0629997253417969,1.0624960660934448,-0.0017743892564053843,0
2015-11-27,1.0604453086853027,1.0569998025894165,1.06380033493042,1.0604453086853027,-0.0019301317657413053,0
2015-11-30,1.05830180644989,1.056400179862976,1.059703707695007,1.05830180644989,-0.002021322757389754,0
2015-12-01,1.0572947263717651,1.056602120399475,1.0639996528625488,1.0572947263717651,-0.0009516000747490372,1
2015-12-02,1.062699317932129,1.0562005043029783,1.0639996528625488,1.0625863075256348,0.00500483074575464,0
2015-12-03,1.0611993074417114,1.0541995763778689,1.0892000198364258,1.0613007545471191,-0.0012098339395217872,1
2015-12-04,1.0918341875076294,1.0857999324798584,1.0951943397521973,1.0915957689285278,0.028545173695213588,0
2015-12-07,1.0883049964904783,1.0798004865646362,1.0883997678756714,1.0883997678756714,-0.002927824698325421,0
2015-12-08,1.0835996866226196,1.0831419229507446,1.0900002717971802,1.0834001302719116,-0.004593567319035707,1
2015-12-09,1.0895025730133057,1.08819842338562,1.099000096321106,1.0893957614898682,0.005534087591859249,1
2015-12-10,1.1016976833343506,1.092799425125122,1.1023049354553225,1.1017948389053345,0.011381609745304333,0
2015-12-11,1.094798564910889,1.0928006172180176,1.1030004024505615,1.0948106050491333,-0.00633896040313664,1
2015-12-14,1.098997712135315,1.0947027206420898,1.1040000915527344,1.0983941555023191,0.003273214962166815,1
2015-12-15,1.0992271900177002,1.0922002792358398,1.107000470161438,1.0992997884750366,0.0008245063652068119,0
2015-12-16,1.0936013460159302,1.09132182598114,1.095800280570984,1.0936251878738403,-0.00516201372972902,0
2015-12-17,1.0874056816101074,1.0833531618118286,1.0888975858688354,1.087453007698059,-0.005643780194730885,0
2015-12-18,1.0843987464904783,1.0805997848510742,1.0870002508163452,1.0844104290008545,-0.002797894415359825,1
2015-12-21,1.0870156288146973,1.0852001905441284,1.091999888420105,1.0869920253753662,0.0023806451002967854,1
2015-12-22,1.091202735900879,1.0905005931854248,1.0984002351760864,1.09129798412323,0.003961352657004813,1
2015-12-23,1.0950024127960205,1.0884946584701538,1.095494270324707,1.0950024127960205,0.003394516187773089,0
2015-12-24,1.0910003185272217,1.0909169912338257,1.0966956615447998,1.0909169912338257,-0.0037309703745428413,1
2015-12-25,1.0965152978897097,1.0947027206420898,1.0975021123886108,1.0969964265823364,0.00557277537829437,0
2015-12-28,1.0965994596481323,1.095800280570984,1.0999999046325684,1.0965994596481323,-0.0003618671169611787,1
2015-12-29,1.0976948738098145,1.0910003185272217,1.0999999046325684,1.0975261926651,0.0008450970943074676,0
2015-12-30,1.0928006172180176,1.0910003185272217,1.0950000286102295,1.0928006172180176,-0.0043056607474738495,1
2015-12-31,1.0938047170639038,1.086599826812744,1.093900442123413,1.093398094177246,0.0005467392219722367,0
2016-01-01,1.0859060287475586,1.0859060287475586,1.0866966247558594,1.0859060287475586,-0.0068520930021604975,0
2016-01-04,1.0855052471160889,1.0805997848510742,1.094599723815918,1.085399150848389,-0.0004667787872532081,0
2016-01-05,1.082602620124817,1.071200609207153,1.0841047763824463,1.0827549695968628,-0.0024361372030365924,0
2016-01-06,1.0751993656158447,1.072199821472168,1.0772031545639038,1.0751993656158447,-0.006978129118013876,1
2016-01-07,1.0777952671051023,1.0774004459381104,1.0875996351242063,1.0778998136520386,0.0025115788964840124,1
2016-01-08,1.0927051305770874,1.0808006525039673,1.0928961038589478,1.0925976037979126,0.013635580932217062,1
2016-01-11,1.093900442123413,1.0852001905441284,1.0945948362350464,1.0941038131713867,0.0013785581885210618,0
2016-01-12,1.085894227027893,1.082399845123291,1.0901999473571775,1.0857999324798584,-0.007589664336749347,0
2016-01-13,1.0843987464904783,1.0805997848510742,1.0883997678756714,1.0843987464904783,-0.0012904642443474224,1
2016-01-14,1.0888028144836426,1.0839990377426147,1.0950000286102295,1.0886012315750122,0.003875405701209811,0
2016-01-15,1.0857763290405271,1.0857763290405271,1.0981999635696411,1.085894227027893,-0.0024866815033844913,1
2016-01-18,1.09190571308136,1.0875996351242063,1.0927051305770874,1.0920010805130005,0.005623801410034268,0
2016-01-19,1.0895025730133057,1.0861997604370115,1.0910003185272217,1.0895025730133057,-0.0022880082669158863,1
2016-01-20,1.091155171394348,1.0892889499664309,1.0975996255874634,1.09129798412323,0.0016479181916557728,0
2016-01-21,1.0877013206481934,1.0781996250152588,1.0922002792358398,1.0877013206481934,-0.003295766625946994,0
2016-01-22,1.0860947370529177,1.0795987844467163,1.086400270462036,1.0862009525299072,-0.001379393487719649,0
2016-01-25,1.079901933670044,1.079202651977539,1.0850000381469729,1.079901933670044,-0.005799128462548264,1
2016-01-26,1.0853756666183472,1.082000494003296,1.0879995822906494,1.0853049755096436,0.00500327082593266,1
2016-01-27,1.0864014625549316,1.0853049755096436,1.091200351715088,1.086495876312256,0.0010972959946611294,1
2016-01-28,1.0904054641723633,1.0870002508163452,1.0950000286102295,1.090798020362854,0.003959650601896625,1
2016-01-29,1.0936970710754397,1.082000494003296,1.0947147607803345,1.0936970710754397,0.002657733749481306,0
2016-02-01,1.0826259851455688,1.0825908184051514,1.091200351715088,1.0825908184051514,-0.010154779567405625,1
2016-02-02,1.0898945331573486,1.0895264148712158,1.0939997434616089,1.0897282361984253,0.006592904421440338,1
2016-02-03,1.0922038555145264,1.0906004905700684,1.107800006866455,1.0922038555145264,0.0022717767915581,1
2016-02-04,1.1092008352279663,1.107200264930725,1.1238000392913818,1.1091023683547974,0.015471940292968833,1
2016-02-05,1.119996428489685,1.1110000610351562,1.1217050552368164,1.119996428489685,0.009822411750006088,0
2016-02-08,1.1147029399871826,1.108799934387207,1.1190000772476196,1.114504098892212,-0.004903881349764272,1
2016-02-09,1.1190940141677856,1.1164003610610962,1.131399631500244,1.1189812421798706,0.004017161796092905,1
2016-02-10,1.1289994716644287,1.1166322231292725,1.1309019327163696,1.1289994716644287,0.008952991441609548,0
2016-02-11,1.1284006834030151,1.1276004314422607,1.1368002891540527,1.128095269203186,-0.000800888294402502,1
2016-02-12,1.131733775138855,1.122999906539917,1.133375644683838,1.1317979097366333,0.003282205532217697,0
2016-02-15,1.1225990056991575,1.112999439239502,1.1239490509033203,1.1225990056991575,-0.008127691311619722,0
2016-02-16,1.117817997932434,1.112999439239502,1.1192004680633545,1.1174057722091677,-0.004626080607256,0
2016-02-17,1.1146035194396973,1.1108001470565796,1.1180005073547363,1.1147029399871826,-0.002418845766870792,0
2016-02-18,1.1121985912322998,1.1074001789093018,1.115200161933899,1.112297534942627,-0.0021578888493676285,0
2016-02-19,1.1110000610351562,1.1067994832992554,1.1150000095367432,1.1110987663269043,-0.0010777409623446976,1
2016-02-22,1.1123965978622437,1.1006003618240356,1.1124955415725708,1.1123965978622437,0.001168061359324346,0
2016-02-23,1.1027060747146606,1.0991994142532349,1.1051994562149048,1.102803349494934,-0.00862394615890183,0
2016-02-24,1.1024993658065796,1.0959985256195068,1.1040000915527344,1.1027060747146606,-8.82068233815092e-05,0
2016-02-25,1.1014914512634275,1.0991994142532349,1.105000376701355,1.1013944149017334,-0.001189491781177221,1
2016-02-26,1.1024993658065796,1.0926001071929932,1.107000470161438,1.1024993658065796,0.0010032290793346998,0
2016-02-29,1.0925976037979126,1.086400270462036,1.0962003469467163,1.0923947095870972,-0.009165226332887633,0
2016-03-01,1.0886961221694946,1.0838005542755127,1.0894005298614502,1.0888975858688354,-0.0032013371060571894,0
2016-03-02,1.0877013206481934,1.082600235939026,1.0879995822906494,1.0875948667526243,-0.0011963651431661226,0
2016-03-03,1.0870037078857422,1.0855995416641235,1.0937999486923218,1.086897373199463,-0.0006413174376631581,1
2016-03-04,1.094798564910889,1.090800404548645,1.1040000915527344,1.094894528388977,0.0073577831603117705,1
2016-03-07,1.0993964672088623,1.0941996574401855,1.0999042987823486,1.0993964672088623,0.004111755701719844,1
2016-03-08,1.1013944149017334,1.1006003618240356,1.1060001850128174,1.1016006469726562,0.0020048998059725154,0
2016-03-09,1.1001946926116943,1.094798564910889,1.1015156507492063,1.1004005670547483,-0.0010893965260513339,0
2016-03-10,1.0986958742141724,1.0827666521072388,1.116000413894653,1.0989010334014893,-0.0013627161764125928,1
2016-03-11,1.1179054975509644,1.1083770990371704,1.12100088596344,1.1178430318832395,0.01723721964581104,0
2016-03-14,1.1162956953048706,1.1095995903015137,1.1168005466461182,1.1167943477630615,-0.0009381318219707779,0
2016-03-15,1.1101982593536377,1.1074001789093018,1.112999439239502,1.1101982593536377,-0.0059062695138417665,1
2016-03-16,1.1110000610351562,1.1057995557785034,1.1110987663269043,1.1109012365341189,0.0006331996781281379,1
2016-03-17,1.1217050552368164,1.1207997798919678,1.1344043016433716,1.1218937635421753,0.00989514337237729,1
2016-03-18,1.131541728973389,1.1258002519607544,1.1339025497436523,1.1317979097366333,0.008828060656284942,0
2016-03-21,1.1275991201400757,1.1238000392913818,1.1289994716644287,1.1279042959213257,-0.003440202338077847,0
2016-03-22,1.1236965656280518,1.119194269180298,1.126199722290039,1.1235954761505127,-0.003820199804535185,0
2016-03-23,1.122296690940857,1.1165997982025146,1.122296690940857,1.122296690940857,-0.0011559188669088005,0
2016-03-24,1.1182055473327637,1.1149640083312988,1.1190000772476196,1.118105411529541,-0.003734555617198043,0
2016-03-25,1.1166945695877075,1.115672945976257,1.1177055835723877,1.1167943477630615,-0.001172576174804485,0
2016-03-28,1.1159967184066772,1.115536093711853,1.1218056678771973,1.1159967184066772,-0.0007142132819546454,1
2016-03-29,1.1200968027114868,1.1170001029968262,1.122399926185608,1.1202723979949951,0.0038312653772156757,1
2016-03-30,1.1290122270584106,1.128795504570007,1.1361995935440063,1.12920343875885,0.007972204599380639,1
2016-03-31,1.1334012746810913,1.1311999559402466,1.141000270843506,1.1334655284881592,0.0037744214930781617,1
2016-04-01,1.1379023790359497,1.1341983079910278,1.1437996625900269,1.1379671096801758,0.003971520155554131,1
2016-04-04,1.1397050619125366,1.13599956035614,1.1412007808685305,1.1390039920806885,0.0009111707989557516,0
2016-04-05,1.1387057304382324,1.134000301361084,1.140706181526184,1.1389002799987793,-9.10550644512842e-05,0
2016-04-06,1.138096570968628,1.133144497871399,1.142799735069275,1.138200283050537,-0.0006146253192974571,1
2016-04-07,1.139964938163757,1.134000301361084,1.145304799079895,1.1404979228973389,0.0020186604071505965,0
2016-04-08,1.1369062662124634,1.1350003480911257,1.14199960231781,1.1373976469039917,-0.002718353037830301,1
2016-04-11,1.140706181526184,1.1374363899230957,1.1450005769729614,1.1403028964996338,0.0025542954159876174,1
2016-04-12,1.1412137746810913,1.1353057622909546,1.1463998556137085,1.141291856765747,0.0008672785705876596,0
2016-04-13,1.1386020183563232,1.1273995637893677,1.1393024921417236,1.138498306274414,-0.0024477091243334526,0
2016-04-14,1.128006100654602,1.1236006021499634,1.1293998956680298,1.1279042959213257,-0.00930524911166175,0
2016-04-15,1.1265066862106323,1.124758243560791,1.131800413131714,1.1270017623901367,-0.0008001862697506468,1
2016-04-18,1.130096673965454,1.1274974346160889,1.133199691772461,1.1299946308135986,0.002655602256659062,1
2016-04-19,1.1310042142868042,1.1305055618286133,1.1386020183563232,1.1309019327163696,0.0008029258529465011,1
2016-04-20,1.1358860731124878,1.1322002410888672,1.1385993957519531,1.1359634399414062,0.004475637611547123,0
2016-04-21,1.1305055618286133,1.1278001070022583,1.1393998861312866,1.1305055618286133,-0.004804624797673518,0
2016-04-22,1.1293054819107056,1.1239995956420898,1.1309019327163696,1.12920343875885,-0.00115180598285336,0
2016-04-25,1.1233052015304563,1.1226998567581177,1.1279042959213257,1.123406171798706,-0.005133943770589289,1
2016-04-26,1.1266716718673706,1.1257964372634888,1.1339025497436523,1.1269001960754397,0.0031102056980327752,1
2016-04-27,1.1298030614852903,1.1291996240615845,1.134000301361084,1.1299052238464355,0.002666631687048504,1
2016-04-28,1.1327978372573853,1.1299052238464355,1.1366000175476074,1.132900595664978,0.0026509938668533017,1
2016-04-29,1.1357957124710083,1.135589361190796,1.1460003852844238,1.135589361190796,0.0023733463784081366,1
2016-05-02,1.1461974382400513,1.145016312599182,1.15280020236969,1.146302580833435,0.00943406129783142,1
2016-05-03,1.1526048183441162,1.1503998041152954,1.1613997220993042,1.1524986028671265,0.0054052238364381555,0
2016-05-04,1.150244951248169,1.146999478340149,1.15280020236969,1.1504037380218506,-0.0018176723512414172,0
2016-05-05,1.1491215229034424,1.1390001773834229,1.14959979057312,1.1493064165115356,-0.0009538577405892035,0
2016-05-06,1.140198826789856,1.1393284797668457,1.1471836566925049,1.1406019926071167,-0.007573632043958556,0
2016-05-09,1.13879656791687,1.1375994682312012,1.142999529838562,1.13879656791687,-0.0015828700124572714,0
2016-05-10,1.1383687257766724,1.1361995935440063,1.1405993700027466,1.13879656791687,0.0,0
2016-05-11,1.1375011205673218,1.1373976469039917,1.1445995569229126,1.1374363899230957,-0.0011943994494664212,1
2016-05-12,1.1425960063934326,1.1379995346069336,1.143105387687683,1.142700433731079,0.004627989621766249,0
2016-05-13,1.1375269889831543,1.1283994913101196,1.1380059719085691,1.1376951932907104,-0.004380185998552388,0
2016-05-16,1.1316953897476196,1.1305439472198486,1.1344043016433716,1.1316953897476196,-0.00527364761534832,0
2016-05-17,1.1316057443618774,1.130399465560913,1.1347993612289429,1.1316057443618774,-7.921335242178085e-05,0
2016-05-18,1.1313753128051758,1.1259993314743042,1.1316953897476196,1.1316057443618774,0.0,0
2016-05-19,1.1221959590911863,1.118200421333313,1.123103380203247,1.122296690940857,-0.008226410538654472,0
2016-05-20,1.1201595067977903,1.1198960542678833,1.1239995956420898,1.1205987930297852,-0.0015128779446443863,1
2016-05-23,1.122095227241516,1.1190000772476196,1.1243029832839966,1.1221708059310913,0.0014028329417130614,0
2016-05-24,1.1217050552368164,1.1145998239517212,1.122999906539917,1.121604323387146,-0.000504809553903196,0
2016-05-25,1.1136974096298218,1.112999439239502,1.1171000003814695,1.113796591758728,-0.006961217486073257,1
2016-05-26,1.1156978607177734,1.1156978607177734,1.1219995021820068,1.1158970594406128,0.0018858629101818902,1
2016-05-27,1.1192944049835205,1.112599492073059,1.1201996803283691,1.1192066669464111,0.002965871697392375,0
2016-05-30,1.1110987663269043,1.1100010871887207,1.1150000095367432,1.1110000610351562,-0.007332520573385626,1
2016-05-31,1.115001201629639,1.112199783325195,1.1175994873046875,1.1148396730422974,0.0034559962162050706,0
2016-06-01,1.113598108291626,1.1117039918899536,1.1190000772476196,1.113598108291626,-0.0011136711230264051,1
2016-06-02,1.1192944049835205,1.1150000095367432,1.1219995021820068,1.1189061403274536,0.004766559853420338,0
2016-06-03,1.1153992414474487,1.113800287246704,1.1350003480911257,1.115200161933899,-0.0033121441200332224,1
2016-06-06,1.1350995302200315,1.1333242654800415,1.1379995346069336,1.1350995302200315,0.01784376380615349,1
2016-06-07,1.1364669799804688,1.134005427360535,1.1379995346069336,1.1364023685455322,0.001147774526211176,0
2016-06-08,1.1356538534164429,1.1356538534164429,1.14199960231781,1.1357828378677368,-0.0005451684147652625,1
2016-06-09,1.1406019926071167,1.130799651145935,1.141695857048035,1.140706181526184,0.004334757925811061,0
2016-06-10,1.131196141242981,1.1273995637893677,1.1324002742767334,1.131503343582153,-0.008067667286345559,0
2016-06-13,1.1241008043289185,1.1236965656280518,1.1302001476287842,1.1239995956420898,-0.006631662188737009,1
2016-06-14,1.128795504570007,1.1190000772476196,1.1299946308135986,1.1291015148162842,0.004539075631321499,0
2016-06-15,1.1213024854660034,1.1190940141677856,1.1260005235671997,1.1213024854660034,-0.0069072880054985575,1
2016-06-16,1.1261261701583862,1.1132001876831057,1.1299996376037598,1.1262656450271606,0.004426245036899701,0
2016-06-17,1.1270017623901367,1.1226003170013428,1.129600167274475,1.1252011060714722,-0.0009451934899983305,1
2016-06-20,1.13490629196167,1.130799651145935,1.1383998394012451,1.13490629196167,0.00862529003733603,0
2016-06-21,1.1322848796844482,1.12440025806427,1.1350003480911257,1.1322976350784302,-0.0022985658831186084,0
2016-06-22,1.1252011060714722,1.123759627342224,1.1335041522979736,1.1250618696212769,-0.006390338752806923,1
2016-06-23,1.1327978372573853,1.1320003271102903,1.1422044038772583,1.1328235864639282,0.0068989244522741355,0
2016-06-24,1.1330032348632812,1.09190571308136,1.1335169076919556,1.1324002742767334,-0.0003736788254172785,0
2016-06-27,1.10349702835083,1.0973997116088867,1.1081929206848145,1.103594422340393,-0.025437870857757172,0
2016-06-28,1.1016006469726562,1.1015034914016724,1.1110000610351562,1.1015034914016724,-0.0018946552251383197,1
2016-06-29,1.107800006866455,1.10515558719635,1.1128050088882446,1.1073951721191406,0.005348762635305926,1
2016-06-30,1.1125946044921875,1.1053999662399292,1.1154004335403442,1.1128050088882446,0.004885190856261046,0
2016-07-01,1.1103708744049072,1.1074001789093018,1.1170001029968262,1.1106051206588743,-0.001976885628478753,1
2016-07-04,1.1131023168563845,1.1099998950958252,1.1150000095367432,1.1131023168563845,0.002248500525577235,1
2016-07-05,1.1145538091659546,1.1075999736785889,1.1180005073547363,1.1146035194396973,0.0013486654017147437,0
2016-07-06,1.106439471244812,1.103399634361267,1.109000325202942,1.1065007448196411,-0.007269647438516436,1
2016-07-07,1.1100010871887207,1.1057995557785034,1.1108001470565796,1.1099025011062622,0.0030743370960637506,0
2016-07-08,1.1065007448196411,1.1010003089904783,1.1108001470565796,1.1065741777420044,-0.0029987529183332917,0
2016-07-11,1.1047039031982422,1.1019999980926514,1.107200264930725,1.1043988466262815,-0.0019658249392388027,1
2016-07-12,1.1058032512664795,1.1053999662399292,1.1124002933502195,1.1058032512664795,0.001271646239479729,1
2016-07-13,1.1060723066329956,1.1044000387191772,1.1119993925094604,1.1062926054000854,0.0004425327317907346,1
2016-07-14,1.109594702720642,1.1091995239257812,1.1170001029968262,1.1094961166381836,0.002895717843960144,1
2016-07-15,1.1106421947479248,1.1058766841888428,1.115700364112854,1.1106051206588743,0.000999556468977092,0
2016-07-18,1.105534315109253,1.1038258075714111,1.109000325202942,1.1053143739700315,-0.004763841432411153,1
2016-07-19,1.107137680053711,1.100199580192566,1.1080701351165771,1.1071866750717163,0.0016939082181297582,0
2016-07-20,1.1014549732208252,1.0984002351760864,1.1030004024505615,1.1013579368591309,-0.005264458418638318,1
2016-07-21,1.1017341613769531,1.0986005067825315,1.1057995557785034,1.1019526720046997,0.0005400016885199754,1
2016-07-22,1.1033143997192385,1.0968003273010254,1.1040000915527344,1.1032899618148804,0.0012135637438472902,0
2016-07-25,1.0969241857528689,1.0953621864318848,1.0998003482818604,1.097044587135315,-0.005660682953456786,1
2016-07-26,1.0989856719970703,1.0979998111724854,1.1023997068405151,1.09911847114563,0.0018904281873635131,0
2016-07-27,1.0988044738769531,1.0982855558395386,1.1010003089904783,1.098780393600464,-0.00030758972216493596,1
2016-07-28,1.1068191528320312,1.1060845851898191,1.1119993925094604,1.1073460578918457,0.007795610789262275,1
2016-07-29,1.108364820480347,1.1074001789093018,1.1196001768112185,1.108438491821289,0.0009865334523546654,1
2016-08-01,1.1167818307876587,1.115599513053894,1.1184005737304688,1.1168068647384644,0.007549695340717699,0
2016-08-02,1.1167070865631104,1.116357922554016,1.1232004165649414,1.1168068647384644,0.0,1
2016-08-03,1.1218559741973877,1.1164003610610962,1.1219995021820068,1.121906280517578,0.004566067724080192,0
2016-08-04,1.1152374744415283,1.1117781400680542,1.1155610084533691,1.1151504516601562,-0.006021740830530864,0
2016-08-05,1.1134493350982666,1.1049113273620603,1.116146206855774,1.1134741306304932,-0.0015032240960558552,0
2016-08-08,1.1087703704833984,1.1073706150054932,1.110600233078003,1.1089547872543335,-0.004058777165842797,0
2016-08-09,1.1086843013763428,1.107200264930725,1.112199783325195,1.108364820480347,-0.000532002549398114,1
2016-08-10,1.111815333366394,1.111580491065979,1.1200001239776611,1.111580491065979,0.002901274495737294,1
2016-08-11,1.1186057329177856,1.113800287246704,1.1190940141677856,1.1186434030532837,0.006353936619138967,0
2016-08-12,1.1138957738876345,1.1132633686065674,1.1219995021820068,1.113908290863037,-0.004232905836947021,1
2016-08-15,1.1166945695877075,1.1155484914779663,1.1205737590789795,1.1166945695877075,0.0025013537896478866,1
2016-08-16,1.1184431314468384,1.1179429292678833,1.13237464427948,1.11840558052063,0.0015322103102501927,1
2016-08-17,1.1279042959213257,1.1256000995635986,1.129433035850525,1.1275991201400757,0.008220219730275202,1
2016-08-18,1.1301988363265991,1.129611611366272,1.1340440511703491,1.1298924684524536,0.002033833009813746,1
2016-08-19,1.1349449157714844,1.130600094795227,1.1352026462554932,1.1349449157714844,0.004471617839838071,0
2016-08-22,1.1300712823867798,1.1273956298828125,1.1332728862762451,1.1298158168792725,-0.004519249190807928,1
2016-08-23,1.131861925125122,1.1310003995895386,1.1357183456420898,1.1319260597229004,0.0018677759791474458,0
2016-08-24,1.1303266286849976,1.1246000528335571,1.1313496828079224,1.1300839185714722,-0.0016274394741642162,0
2016-08-25,1.1262530088424685,1.1260627508163452,1.1299996376037598,1.1263798475265503,-0.0032776955622942916,1
2016-08-26,1.1289230585098269,1.1234692335128784,1.1340440511703491,1.1290504932403564,0.002370999196825707,0
2016-08-29,1.1196954250335691,1.116071343421936,1.12100088596344,1.1199462413787842,-0.00806363569749946,0
2016-08-30,1.119194269180298,1.1140000820159912,1.1192818880081177,1.1192818880081177,-0.0005932011253045877,0
2016-08-31,1.1150758266448977,1.1125946044921875,1.1164453029632568,1.1153244972229004,-0.003535651588412514,1
2016-09-01,1.1158223152160645,1.112999439239502,1.1200001239776611,1.116071343421936,0.0006696223394135892,1
2016-09-02,1.1200717687606812,1.1154004335403442,1.125112533569336,1.1200717687606812,0.0035843813769822486,0
2016-09-05,1.116071343421936,1.1141316890716553,1.1184431314468384,1.1161960363388062,-0.003460253646213496,0
2016-09-06,1.115200161933899,1.1144545078277588,1.1253999471664429,1.1153244972229004,-0.0007808118713308332,1
2016-09-07,1.1248594522476196,1.1232799291610718,1.1265066862106323,1.1253657341003418,0.009002973486589294,0
2016-09-08,1.1241008043289185,1.1238480806350708,1.1329994201660156,1.1241008043289185,-0.0011240166046414535,1
2016-09-09,1.126887559890747,1.1206001043319702,1.128668189048767,1.1271415948867798,0.0027050870759555146,0
2016-09-12,1.1241008043289185,1.1214659214019775,1.1262530088424685,1.1241133213043213,-0.002686684260607586,1
2016-09-13,1.1241259574890137,1.1219995021820068,1.1260005235671997,1.124353528022766,0.00021368550117872864,0
2016-09-14,1.121956706047058,1.1214534044265747,1.1275228261947632,1.12186861038208,-0.002210085688133745,1
2016-09-15,1.1245431900024414,1.122095227241516,1.1281588077545166,1.1247328519821167,0.0025530989757001077,0
2016-09-16,1.1247961521148682,1.115599513053894,1.124985933303833,1.124593734741211,-0.00012368914152427468,0
2016-09-19,1.116071343421936,1.1153992414474487,1.1209995746612549,1.11584734916687,-0.007777373556463685,1
2016-09-20,1.1179429292678833,1.1165997982025146,1.1213276386260986,1.118067979812622,0.0019900846181246656,0
2016-09-21,1.1155734062194824,1.112599492073059,1.1169440746307373,1.1153992414474487,-0.002386919591079395,1
2016-09-22,1.1193194389343262,1.1182055473327637,1.1258726119995115,1.1193194389343262,0.003514613728614613,1
2016-09-23,1.1209505796432495,1.1196001768112185,1.122999906539917,1.1210134029388428,0.0015133874616966025,1
2016-09-26,1.123974323272705,1.1221996545791626,1.1279042959213257,1.123923897743225,0.002596306874433685,1
2016-09-27,1.1250745058059692,1.1193996667861938,1.1260005235671997,1.124985933303833,0.0009449354736030813,0
2016-09-28,1.1218308210372925,1.1184005737304688,1.123721718788147,1.121956706047058,-0.0026926801190115812,1
2016-09-29,1.1224603652954102,1.1199462413787842,1.1249998807907104,1.1224982738494873,0.0004826993764646126,0
2016-09-30,1.1222084760665894,1.1154004335403442,1.1249998807907104,1.121956706047058,-0.00048246649019068055,1
2016-10-03,1.1235954761505127,1.1206001043319702,1.124353528022766,1.1234692335128784,0.001348115713973863,0
2016-10-04,1.1213276386260986,1.1140000820159912,1.1249998807907104,1.121038556098938,-0.0021635460424137554,1
2016-10-05,1.121076226234436,1.1192004680633545,1.1239995956420898,1.121076226234436,3.3602890188833e-05,0
2016-10-06,1.120824933052063,1.114951491355896,1.1212018728256226,1.120824933052063,-0.00022415352006621703,0
2016-10-07,1.1145787239074707,1.110600233078003,1.1201971769332886,1.1144545078277588,-0.005683693355176489,1
2016-10-10,1.1195449829101562,1.1150758266448977,1.1201971769332886,1.1196954250335691,0.0047026748682865716,0
2016-10-11,1.1143302917480469,1.105600357055664,1.1143302917480469,1.1140819787979126,-0.005013368912790028,0
2016-10-12,1.1061947345733645,1.1006003618240356,1.1061947345733645,1.1061947345733645,-0.00707959052803131,0
2016-10-13,1.101321578025818,1.0986005067825315,1.1048502922058103,1.1011881828308103,-0.004525922593986209,1
2016-10-14,1.1049723625183103,1.098538875579834,1.1058276891708374,1.1049723625183103,0.003436451413574071,0
2016-10-17,1.0968520641326904,1.0965272188186646,1.1012003421783447,1.0967799425125122,-0.007414140193630736,1
2016-10-18,1.1012003421783447,1.09719979763031,1.1029006242752075,1.1015641689300537,0.0043620659278120755,0
2016-10-19,1.0975743532180786,1.0955997705459597,1.100473165512085,1.0976948738098145,-0.0035125462768069715,0
2016-10-20,1.0975743532180786,1.09160053730011,1.1029006242752075,1.0975141525268557,-0.00016463708382963294,0
2016-10-21,1.0930275917053225,1.0862481594085691,1.093135118484497,1.0930395126342771,-0.0040770680562765005,0
2016-10-24,1.0884946584701538,1.0860475301742554,1.0901999473571775,1.0882576704025269,-0.004374811867711714,0
2016-10-25,1.0875475406646729,1.0853402614593506,1.0900002717971802,1.0875475406646729,-0.0006525382335154095,1
2016-10-26,1.0887197256088257,1.0876659154891968,1.0948106050491333,1.0887316465377808,0.0010887853899097522,1
2016-10-27,1.0911074876785278,1.0893957614898682,1.0942115783691406,1.091202735900879,0.0022696955406378283,0
2016-10-28,1.0900014638900757,1.089751958847046,1.0952903032302856,1.0900371074676514,-0.0010682051967778605,1
2016-10-31,1.098418354988098,1.0939244031906128,1.0984665155410769,1.0984665155410769,0.007733138638746473,0
2016-11-01,1.0973334312438965,1.0961787700653076,1.1050944328308103,1.0973334312438965,-0.001031514644415199,1
2016-11-02,1.1059499979019165,1.10515558719635,1.1119760274887085,1.105705499649048,0.007629466274130747,1
2016-11-03,1.1097548007965088,1.1060845851898191,1.1128422021865845,1.1097548007965088,0.0036621877604352537,1
2016-11-04,1.1102476119995115,1.108401656150818,1.1125946044921875,1.1102476119995115,0.0004440721523790714,0
2016-11-07,1.1096316576004028,1.1033873558044434,1.1112345457077026,1.1101243495941162,-0.0001110224458608089,0
2016-11-08,1.1050456762313845,1.1030588150024414,1.1068068742752075,1.1052166223526,-0.004420880636759716,0
2016-11-09,1.1020498275756836,1.093398094177246,1.1301988363265991,1.1019041538238523,-0.002997121525096791,0
2016-11-10,1.0920368432998655,1.0866104364395142,1.0955302715301514,1.092060685157776,-0.00893314416858959,0
2016-11-11,1.0889687538146973,1.0856997966766355,1.0925379991531372,1.0889687538146973,-0.002831281617497461,0
2016-11-14,1.082602620124817,1.0710800886154177,1.0874292850494385,1.0824854373931885,-0.005953629430410667,0
2016-11-15,1.0746910572052002,1.072369933128357,1.0816657543182373,1.0750375986099243,-0.006880313144165595,0
2016-11-16,1.0726161003112793,1.067121982574463,1.0760787725448608,1.0727311372756958,-0.0021454703883946324,0
2016-11-17,1.070549249649048,1.0666905641555786,1.0750375986099243,1.0706638097763062,-0.0019271627601300523,0
2016-11-18,1.0624734163284302,1.057305932044983,1.0639996528625488,1.062304139137268,-0.0078079323898924136,0
2016-11-21,1.0585371255874634,1.0584250688552856,1.0650999546051023,1.0584250688552856,-0.0036515628049164084,1
2016-11-22,1.0638750791549685,1.0587276220321655,1.065870761871338,1.0638864040374756,0.005159869454052668,0
2016-11-23,1.0634112358093262,1.0529640913009644,1.0645092725753784,1.0633772611618042,-0.0004785688337957117,0
2016-11-24,1.0546298027038574,1.0522550344467163,1.0587612390518188,1.0545185804367063,-0.00833070355051535,1
2016-11-25,1.0564124584197998,1.0541073083877563,1.0628122091293335,1.0561892986297607,0.001584342110276138,1
2016-11-28,1.0611205101013184,1.056747317314148,1.0684902667999268,1.0612331628799438,0.004775530538632333,1
2016-11-29,1.062022089958191,1.056859016418457,1.0633999109268188,1.062134861946106,0.0008496710220731174,1
2016-11-30,1.0648492574691772,1.058500051498413,1.066699743270874,1.0648492574691772,0.0025556034551939,0
2016-12-01,1.0592098236083984,1.0587612390518188,1.0637166500091553,1.0592098236083984,-0.005295992668654326,1
2016-12-02,1.0663254261016846,1.0627998113632202,1.0691757202148438,1.0663141012191772,0.006707148529435658,0
2016-12-05,1.0570825338363647,1.054185152053833,1.074113845825195,1.0582010746002195,-0.007608477286084492,1
2016-12-06,1.0758472681045532,1.07260000705719,1.078515887260437,1.0757315158843994,0.01656626675681916,0
2016-12-07,1.071926236152649,1.0713521242141724,1.0769003629684448,1.072041153907776,-0.003430560434579566,1
2016-12-08,1.0760092735290527,1.0609999895095823,1.0856584310531616,1.0761945247650146,0.003874264380708592,0
2016-12-09,1.062134861946106,1.0538407564163208,1.063151240348816,1.062134861946106,-0.013064239313035575,0
2016-12-12,1.0546298027038574,1.0527424812316897,1.062699317932129,1.054741144180298,-0.006961185467785791,1
2016-12-13,1.0642826557159424,1.0606703758239746,1.065303087234497,1.0641694068908691,0.008938935171528106,0
2016-12-14,1.0630381107330322,1.0615001916885376,1.0666667222976685,1.062925100326538,-0.0011692748882591308,0
2016-12-15,1.0515247583389282,1.0403661727905271,1.052520751953125,1.051414132118225,-0.010829519600935922,0
2016-12-16,1.041775107383728,1.0403661727905271,1.0472300052642822,1.0418837070465088,-0.009064387457410228,1
2016-12-19,1.0448229312896729,1.0413411855697632,1.0481960773468018,1.0449975728988647,0.0029886884988181706,0
2016-12-20,1.040474534034729,1.0355182886123655,1.0419923067092896,1.0405826568603516,-0.0042248098493339326,0
2016-12-21,1.0393929481506348,1.0385295152664185,1.0451505184173584,1.039047360420227,-0.001475419977454595,1
2016-12-22,1.0427528619766235,1.0427528619766235,1.0497585535049438,1.0428615808486938,0.003670882169340306,1
2016-12-23,1.0439503192901611,1.0429704189300537,1.0467915534973145,1.0437650680541992,0.0008663539074573734,1
2016-12-26,1.0455876588821411,1.044600248336792,1.0470107793807983,1.045478343963623,0.001641438252592442,1
2016-12-27,1.0455766916275024,1.0435363054275513,1.0461344718933103,1.0456969738006592,0.00020911943159651614,1
2016-12-28,1.0462440252304075,1.0387451648712158,1.048218011856079,1.046233057975769,0.0005126572884317504,0
2016-12-29,1.041775107383728,1.0416991710662842,1.049097776412964,1.0416991710662842,-0.004333534363994307,1
2016-12-30,1.0569037199020386,1.0509997606277466,1.0590976476669312,1.0575296878814695,0.015196821937547567,0
2017-01-02,1.0530749559402466,1.04657244682312,1.054073929786682,1.052698016166687,-0.00456882844061024,0
2017-01-03,1.0459157228469849,1.0347682237625122,1.0492078065872192,1.0460032224655151,-0.006359652624358891,0
2017-01-04,1.0418403148651123,1.0391337871551514,1.0478885173797607,1.0419923067092896,-0.0038345156784235224,1
2017-01-05,1.0498688220977783,1.048657774925232,1.060895323753357,1.0500892400741575,0.0077706268201143125,1
2017-01-06,1.060557842254639,1.0539628267288208,1.060895323753357,1.0605915784835815,0.010001377034091208,0
2017-01-09,1.0534077882766724,1.0513478517532349,1.0560777187347412,1.0531858205795288,-0.0069826670834416404,1
2017-01-10,1.0587612390518188,1.0561892986297607,1.0625863075256348,1.0588620901107788,0.0053896182614066035,0
2017-01-11,1.055408954620361,1.0456969738006592,1.056747317314148,1.055241942405701,-0.003418903876990398,1
2017-01-12,1.059658765792847,1.0575296878814695,1.0686043500900269,1.0597710609436035,0.0042920190677573355,1
2017-01-13,1.0617965459823608,1.0600003004074097,1.0667804479599,1.0616837739944458,0.001804836083313388,1
2017-01-16,1.0626879930496216,1.058133840560913,1.0633434057235718,1.0628687143325806,0.0011160953639486326,0
2017-01-17,1.0603891611099243,1.0601418018341064,1.071799874305725,1.0602991580963137,-0.002417566912655267,1
2017-01-18,1.0697818994522097,1.0659617185592651,1.0714668035507202,1.0696789026260376,0.008846318945083809,0
2017-01-19,1.0629477500915527,1.058974266052246,1.0676802396774292,1.062778353691101,-0.00645104705533206,1
2017-01-20,1.0661321878433228,1.0626766681671145,1.0695186853408811,1.0659730434417725,0.003005979317866281,1
2017-01-23,1.0711455345153809,1.070835828781128,1.0756157636642456,1.071375012397766,0.005067641240299903,1
2017-01-24,1.0757546424865725,1.0727771520614624,1.077284336090088,1.0760787725448608,0.004390395606266528,0
2017-01-25,1.0727887153625488,1.0712143182754517,1.076878309249878,1.0728693008422852,-0.002982562043283732,1
2017-01-26,1.0755001306533811,1.0670650005340576,1.076658010482788,1.0751993656158447,0.0021718067352010095,0
2017-01-27,1.0682847499847412,1.0660525560379028,1.0724780559539795,1.068296194076538,-0.006420364222734398,1
2017-01-30,1.071914792060852,1.0620898008346558,1.07403302192688,1.0713980197906494,0.002903525942814511,0
2017-01-31,1.0707095861434937,1.0686043500900269,1.0810343027114868,1.0708587169647217,-0.0005033636575444422,1
2017-02-01,1.080263614654541,1.0739407539367676,1.0808473825454712,1.0803803205490112,0.008891559113678227,0
2017-02-02,1.076843500137329,1.0767391920089722,1.0826611518859863,1.0767391920089722,-0.0033702284934149507,0
2017-02-03,1.0763335227966309,1.0728923082351685,1.079715371131897,1.0761713981628418,-0.000527327184098314,1
2017-02-06,1.0783414840698242,1.0706638097763062,1.0788882970809937,1.0782949924468994,0.001973286307072275,0
2017-02-07,1.0743216276168823,1.0656777620315552,1.0743446350097656,1.0743216276168823,-0.0036848588353365352,0
2017-02-08,1.067896842956543,1.0642147064208984,1.0707440376281738,1.0678056478500366,-0.0060652039383213285,1
2017-02-09,1.0692099332809448,1.0657345056533811,1.0710078477859497,1.0692213773727417,0.0013258307123169555,0
2017-02-10,1.0656890869140625,1.060985445976257,1.066894292831421,1.0658594369888306,-0.003144288409358209,0
2017-02-13,1.061931848526001,1.0593445301055908,1.0658026933670044,1.061954379081726,-0.0036637644435899563,0
2017-02-14,1.0599170923233032,1.056178092956543,1.0633207559585571,1.059849739074707,-0.0019818553870826205,0
2017-02-15,1.0578652620315552,1.0522106885910034,1.0587948560714722,1.057831645011902,-0.0019041322447904685,1
2017-02-16,1.0601868629455566,1.0600519180297852,1.0674750804901123,1.0607378482818604,0.0027473211674675646,1
2017-02-17,1.06670081615448,1.0625863075256348,1.0676915645599363,1.0672245025634766,0.006115228463020372,0
2017-02-20,1.0626766681671145,1.0605241060256958,1.063151240348816,1.062665343284607,-0.004271977702834273,0
2017-02-21,1.061030387878418,1.0526647567749023,1.061255693435669,1.0609403848648071,-0.0016232376737422838,0
2017-02-22,1.0542184114456177,1.0496814250946045,1.0556206703186035,1.0542073249816897,-0.006346313119163116,1
2017-02-23,1.0551751852035522,1.0538963079452517,1.0595015287399292,1.055408954620361,0.0011398418605110816,1
2017-02-24,1.0584698915481567,1.0566245317459106,1.0618078708648682,1.0584474802017212,0.0028790030329552962,0
2017-02-27,1.0552864074707031,1.055275321006775,1.0614584684371948,1.055275321006775,-0.002996992533197518,1
2017-02-28,1.0582793951034546,1.0576637983322144,1.062699317932129,1.0584250688552856,0.0029847640571236678,0
2017-03-01,1.0569260120391846,1.0515247583389282,1.05880606174469,1.0569148063659668,-0.0014268959926961866,0
2017-03-02,1.053629755973816,1.050045132637024,1.0545185804367063,1.0535852909088137,-0.003150221226061789,0
2017-03-03,1.0508506298065186,1.05035400390625,1.057373046875,1.0509721040725708,-0.002480280295094839,1
2017-03-06,1.0618754625320437,1.057820439338684,1.0638071298599243,1.062044620513916,0.010535499846702434,0
2017-03-07,1.058122634887695,1.0560777187347412,1.060400366783142,1.0579211711883545,-0.003882557517749352,0
2017-03-08,1.0568925142288208,1.0537296533584597,1.0575296878814695,1.0570154190063477,-0.0008561622611157338,0
2017-03-09,1.0544073581695557,1.052565097808838,1.0614020824432373,1.054741144180298,-0.0021516004262147614,1
2017-03-10,1.058133840560913,1.0578428506851196,1.0669056177139282,1.0578428506851196,0.0029407277054998016,1
2017-03-13,1.068798542022705,1.0656890869140625,1.0715816020965576,1.0690041780471802,0.010551025943817516,0
2017-03-14,1.065200924873352,1.0627444982528689,1.0662117004394531,1.0651443004608154,-0.0036107226385362345,0
2017-03-15,1.0612443685531616,1.0610530376434326,1.0641003847122192,1.0612443685531616,-0.003661411797412417,1
2017-03-16,1.0737909078598022,1.0707095861434937,1.0745755434036257,1.0737909078598022,0.011822479042923772,1
2017-03-17,1.077052354812622,1.0729843378067017,1.078299641609192,1.077470064163208,0.003426324693639682,0
2017-03-20,1.0742292404174805,1.0742292404174805,1.0777000188827517,1.0742985010147097,-0.002943527856582695,0
2017-03-21,1.0736756324768066,1.0736756324768066,1.0818997621536257,1.073767900466919,-0.0004939042056649745,1
2017-03-22,1.0811277627944946,1.0776559114456177,1.0820754766464231,1.081244707107544,0.0069631497061644065,0
2017-03-23,1.0789697170257568,1.077052354812622,1.0804970264434814,1.0790164470672607,-0.002060828622453159,0
2017-03-24,1.078399658203125,1.0761598348617554,1.08119797706604,1.0783880949020386,-0.0005823378938569768,1
2017-03-27,1.0845986604690552,1.0839051008224487,1.0904886722564695,1.0849517583847046,0.006086550392845558,1
2017-03-28,1.0862716436386108,1.0846928358078003,1.0874292850494385,1.0860947370529177,0.001053483400879296,0
2017-03-29,1.0817476511001587,1.0740907192230225,1.0826494693756104,1.0817711353302002,-0.003980869785309427,0
2017-03-30,1.0759977102279663,1.0721906423568726,1.0769003629684448,1.0759629011154177,-0.005369189494050963,0
2017-03-31,1.0687528848648071,1.0672245025634766,1.0700910091400146,1.0687072277069092,-0.006743423403341109,0
2017-04-03,1.0668145418167114,1.064373254776001,1.068376064300537,1.0668829679489136,-0.0017069780298106796,1
2017-04-04,1.0670194625854492,1.0636826753616333,1.067463755607605,1.067008137702942,0.00011732285338572623,1
2017-04-05,1.0679539442062378,1.065405249595642,1.0689127445220947,1.0680338144302368,0.0009612642031981977,0
2017-04-06,1.0673270225524902,1.0631964206695557,1.0683988332748413,1.0672472715377808,-0.000736440065688071,0
2017-04-07,1.064305305480957,1.0611655712127686,1.0660412311553955,1.0644639730453491,-0.0026079227997661825,0
2017-04-10,1.0584250688552856,1.0570378303527832,1.060782790184021,1.0582010746002195,-0.005883617110320705,1
2017-04-11,1.0597823858261108,1.0579211711883545,1.0629477500915527,1.0597598552703855,0.0014730477104787365,1
2017-04-12,1.0609629154205322,1.059658765792847,1.0623831748962402,1.0611318349838257,0.001294613781242182,1
2017-04-13,1.0671560764312744,1.061176896095276,1.0678056478500366,1.0670650005340576,0.0055913557153077775,0
2017-04-14,1.0617965459823608,1.0607041120529177,1.063151240348816,1.0616387128829956,-0.005085245648902559,0
2017-04-17,1.0611205101013184,1.0609742403030396,1.0669853687286377,1.0610530376434326,-0.0005516709521382612,1
2017-04-18,1.064384698867798,1.063795804977417,1.0708587169647217,1.0644525289535522,0.0032038844332133998,1
2017-04-19,1.0728347301483154,1.070159673690796,1.0736525058746338,1.0728693008422852,0.007907136917610913,0
2017-04-20,1.0714898109436035,1.0710651874542236,1.077818512916565,1.0715012550354004,-0.0012751281128192682,0
2017-04-21,1.071329116821289,1.0687072277069092,1.0737563371658323,1.0714898109436035,-1.0680427804499182e-05,1
2017-04-24,1.087535738945007,1.0821690559387207,1.0877995491027832,1.087393879890442,0.014842949307033004,0
2017-04-25,1.086767554283142,1.085198998451233,1.0940918922424316,1.0864840745925903,-0.000836684217813688,1
2017-04-26,1.0928484201431274,1.0860711336135864,1.0950744152069092,1.0928245782852173,0.005835799935681951,0
2017-04-27,1.0909289121627808,1.085257887840271,1.093075394630432,1.090893268585205,-0.0017672641505214193,0
2017-04-28,1.0866730213165283,1.0858235359191897,1.0948106050491333,1.0864251852035522,-0.004095802504536117,1
2017-05-01,1.0906076431274414,1.0885419845581057,1.0925379991531372,1.0907504558563232,0.0039811951266213175,1
2017-05-02,1.0909645557403564,1.0889095067977903,1.0925379991531372,1.090893268585205,0.0001309307074914834,1
2017-05-03,1.0935654640197754,1.0905719995498655,1.0939722061157229,1.0935654640197754,0.0024495480094361977,0
2017-05-04,1.0888738632202148,1.0876303911209106,1.0968520641326904,1.0888975858688354,-0.004268494483888996,1
2017-05-05,1.098140835762024,1.0953261852264404,1.0999890565872192,1.098152995109558,0.008499797741160053,0
2017-05-08,1.0966956615447998,1.0919533967971802,1.0996261835098269,1.0965152978897097,-0.001491319722426332,0
2017-05-09,1.0927289724349976,1.087263822555542,1.093400478363037,1.0927767753601074,-0.00340945770368839,0
2017-05-10,1.0886961221694946,1.0859414339065552,1.0900371074676514,1.0886842012405396,-0.003745114475203981,0
2017-05-11,1.0866730213165283,1.0839990377426147,1.0892000198364258,1.087074637413025,-0.0014784487785168832,0
2017-05-12,1.0866022109985352,1.0857645273208618,1.0933741331100464,1.086495876312256,-0.0005324023584489801,1
2017-05-15,1.0928006172180176,1.0923231840133667,1.099000096321106,1.0927289724349976,0.0057368796869230465,1
2017-05-16,1.0980684757232666,1.0979599952697754,1.108930230140686,1.0981770753860474,0.004985776975336753,1
2017-05-17,1.109570026397705,1.1083157062530518,1.1150261163711548,1.1093976497650146,0.010217454571270101,1
2017-05-18,1.1154240369796753,1.1104941368103027,1.11720609664917,1.115635633468628,0.005622856425677947,0
2017-05-19,1.111086368560791,1.1100751161575315,1.1198208332061768,1.1113580465316772,-0.003834215050707246,1
2017-05-22,1.1202348470687866,1.116233468055725,1.1263290643692017,1.120485782623291,0.008213137179417185,1
2017-05-23,1.123709201812744,1.1196328401565552,1.1266716718673706,1.123885989189148,0.0030345825164299622,0
2017-05-24,1.1180930137634275,1.1169440746307373,1.1202473640441897,1.11793053150177,-0.005298987392550969,1
2017-05-25,1.12311589717865,1.119557499885559,1.1250998973846436,1.123090744018555,0.004615861514984276,0
2017-05-26,1.1210637092590332,1.1163455247879028,1.123204231262207,1.121076226234436,-0.0017937266377164862,0
2017-05-29,1.117518186569214,1.1162956953048706,1.11906898021698,1.1176055669784546,-0.003095828075526108,0
2017-05-30,1.1129412651062012,1.1110740900039673,1.1201595067977903,1.1129041910171509,-0.004206650450045868,1
2017-05-31,1.1173683404922483,1.1165823936462402,1.125226378440857,1.117168664932251,0.0038318428032897422,1
2017-06-01,1.123822808265686,1.1203100681304932,1.1257203817367554,1.124353528022766,0.006431314550834344,0
2017-06-02,1.1213276386260986,1.1206239461898804,1.1281461715698242,1.1215791702270508,-0.0024675137548543224,1
2017-06-05,1.127548336982727,1.1236207485198977,1.128082513809204,1.128082513809204,0.005798381206417069,0
2017-06-06,1.125821828842163,1.1241259574890137,1.1279042959213257,1.1256824731826782,-0.0021275399601946576,1
2017-06-07,1.127052664756775,1.120523452758789,1.1279934644699097,1.1271415948867798,0.0012962107333662765,0
2017-06-08,1.12546706199646,1.1196452379226685,1.1270145177841189,1.125517725944519,-0.0014406964924613685,0
2017-06-09,1.1193194389343262,1.1167818307876587,1.1217050552368164,1.118480563163757,-0.006252378455307239,1
2017-06-12,1.1202348470687866,1.1194071769714355,1.1230995655059814,1.1201971769332886,0.001534773000145595,0
2017-06-13,1.1199086904525757,1.1185808181762695,1.1225234270095823,1.1196202039718628,-0.0005150637524415913,1
2017-06-14,1.121076226234436,1.1198583841323853,1.1295095682144165,1.1208877563476562,0.0011321271010444889,1
2017-06-15,1.1216169595718384,1.1133625507354736,1.1228384971618652,1.1215791702270508,0.0006168448852073016,0
2017-06-16,1.114740252494812,1.113908290863037,1.1199712753295898,1.1146905422210691,-0.006141900802764666,1
2017-06-19,1.1203352212905884,1.1159842014312744,1.1213276386260986,1.120824933052063,0.005503223180463035,0
2017-06-20,1.114466905593872,1.1120872497558594,1.1165997982025146,1.1144545078277588,-0.005683693355176489,0
2017-06-21,1.1136353015899658,1.112866997718811,1.1154489517211914,1.1136974096298218,-0.0006793441927142041,1
2017-06-22,1.1168441772460938,1.114715337753296,1.117817997932434,1.1167196035385132,0.002713658021074039,0
2017-06-23,1.114976406097412,1.1146284341812134,1.120862603187561,1.1149640083312988,-0.0015721002852027155,1
2017-06-26,1.1199712753295898,1.1172560453414917,1.12186861038208,1.1198835372924805,0.004412276023639805,0
2017-06-27,1.118067979812622,1.1180554628372192,1.1330161094665527,1.118355631828308,-0.0013643431779222226,1
2017-06-28,1.1336840391159058,1.129726529121399,1.13879656791687,1.1339154243469238,0.013913098906810362,1
2017-06-29,1.13779878616333,1.13779878616333,1.1435105800628662,1.1382650136947632,0.0038359027970225057,1
2017-06-30,1.1440469026565552,1.1392894983291626,1.1445000171661377,1.144164800643921,0.005183140022908317,0
2017-07-03,1.1425045728683472,1.1356925964355469,1.1425960063934326,1.1423088312149048,-0.0016221172229486935,0
2017-07-04,1.1375269889831543,1.1337867975234983,1.1379153728485107,1.1371389627456665,-0.004525806268817711,0
2017-07-05,1.1359893083572388,1.131503343582153,1.1368803977966309,1.1360150575637815,-0.0009883622131557912,0
2017-07-06,1.1344943046569824,1.1330673694610596,1.1409013271331787,1.134687423706055,-0.0011686762854832278,1
2017-07-07,1.142126202583313,1.1382910013198853,1.1438244581222534,1.1424784660339355,0.006866245421522255,0
2017-07-10,1.1406410932540894,1.1383039951324463,1.141734957695007,1.140380859375,-0.0018360141755821013,1
2017-07-12,1.1473942995071411,1.1394842863082886,1.149100422859192,1.1473942995071411,0.006150085802023142,0
2017-07-13,1.1419044733047483,1.137255311012268,1.1455278396606443,1.1418914794921875,-0.004795927622542107,0
2017-07-14,1.140393853187561,1.139237642288208,1.1466838121414185,1.140393853187561,-0.0013115312019776892,1
2017-07-17,1.1475127935409546,1.1436283588409424,1.148725509643555,1.147539138793945,0.006265629708904541,0
2017-07-18,1.1473416090011597,1.1472363471984863,1.1584800481796265,1.1474337577819824,-9.183217234176588e-05,1
2017-07-19,1.154961109161377,1.1510659456253052,1.1553213596343994,1.1549744606018066,0.00657179795232854,0
2017-07-20,1.152884006500244,1.1480133533477783,1.1649987697601318,1.1528440713882446,-0.0018445336119830014,1
2017-07-21,1.1628042459487915,1.1620204448699951,1.1675150394439695,1.1628718376159668,0.00869828494294711,1
2017-07-24,1.1681560277938845,1.1631693840026855,1.1681697368621826,1.1681697368621826,0.004555875441164092,0
2017-07-25,1.1638869047164917,1.1631559133529663,1.1706860065460205,1.1638869047164917,-0.003666275551012843,1
2017-07-26,1.164334058761597,1.1615750789642334,1.1655012369155884,1.164456129074097,0.0004890718808661099,1
2017-07-27,1.1730343103408811,1.1654876470565796,1.1774957180023191,1.1728004217147827,0.0071658282629512016,0
2017-07-28,1.1690027713775637,1.1672561168670654,1.1763322353363037,1.1688660383224487,-0.003354691317881242,1
2017-07-31,1.1746878623962402,1.1723741292953491,1.1824663877487185,1.1747292280197144,0.005016134873488509,1
2017-08-01,1.1823545694351196,1.1791062355041504,1.1837540864944458,1.182410478591919,0.006538741344806143,0
2017-08-02,1.180930256843567,1.1794956922531128,1.186760425567627,1.1811256408691406,-0.0010866257920078004,1
2017-08-03,1.1851431131362915,1.1833997964859009,1.18948495388031,1.1851149797439575,0.0033775736778360876,1
2017-08-04,1.1887779235839844,1.173695087432861,1.1891002655029297,1.1884952783584597,0.002852295914133496,0
2017-08-07,1.177773118019104,1.177773118019104,1.1812511682510376,1.1778424978256226,-0.0089632501927569,1
2017-08-08,1.18002450466156,1.1718658208847046,1.1824523210525513,1.1800941228866575,0.0019116520801309989,0
2017-08-09,1.1753367185592651,1.169235110282898,1.1760278940200806,1.1754610538482666,-0.0039260165342217546,1
2017-08-10,1.1764705181121826,1.1704667806625366,1.1764705181121826,1.1761523485183716,0.0005881051250842262,1
2017-08-11,1.176996827125549,1.1749224662780762,1.1831799745559692,1.177024483680725,0.0007415154707228755,1
2017-08-14,1.1826341152191162,1.1773293018341064,1.1839994192123413,1.182550311088562,0.004694742959430176,0
2017-08-15,1.1777037382125854,1.1689002513885498,1.1792453527450562,1.1775789260864258,-0.00420395221710268,0
2017-08-16,1.1739845275878906,1.1683608293533323,1.1757513284683228,1.174122333526611,-0.002935338331250814,1
2017-08-17,1.1774264574050903,1.1666978597640991,1.1790227890014648,1.1774264574050903,0.002814122331320279,0
2017-08-18,1.1717286109924316,1.171220779418945,1.176816701889038,1.171550154685974,-0.004990802340272826,1
2017-08-21,1.175723671913147,1.1731857061386108,1.1824663877487185,1.1756268739700315,0.003479765051245698,1
2017-08-22,1.1811814308166504,1.1746463775634766,1.182592272758484,1.1811953783035278,0.004736625588263266,0
2017-08-23,1.176083207130432,1.1743566989898682,1.1818654537200928,1.176221489906311,-0.0042108938864631185,1
2017-08-24,1.1816420555114746,1.1785225868225098,1.1818934679031372,1.1816558837890625,0.004620213054587374,0
2017-08-25,1.1798295974731443,1.1774818897247314,1.188424825668335,1.1802195310592651,-0.0012155423160857826,1
2017-08-28,1.1951429843902588,1.191781520843506,1.197604775428772,1.1951857805252075,0.01268090306259384,1
2017-08-29,1.1965157985687256,1.196300983428955,1.206694722175598,1.1963869333267212,0.001004992546837169,1
2017-08-30,1.1970313787460327,1.189668893814087,1.1986095905303955,1.1970456838607788,0.0005506166238591348,0
2017-08-31,1.1890040636062622,1.1824384927749634,1.1908164024353027,1.1893434524536133,-0.006434367134864782,1
2017-09-01,1.191085934638977,1.1851149797439575,1.1978631019592283,1.191043257713318,0.0014291962983425943,0
2017-09-04,1.1882553100585938,1.1879446506500244,1.1923214197158811,1.1882835626602173,-0.0023170401538556984,1
2017-09-05,1.18944251537323,1.187042236328125,1.193816065788269,1.1893434524536133,0.0008919502269502111,1
2017-09-06,1.1923640966415403,1.1903769969940186,1.1949286460876465,1.1924067735671997,0.0025756404571504188,1
2017-09-07,1.1927480697631836,1.1915684938430786,1.205690860748291,1.1927765607833862,0.00031011834583960507,1
2017-09-08,1.2028627395629885,1.2018941640853882,1.2093360424041748,1.2029062509536743,0.008492529534312121,0
2017-09-11,1.2015330791473389,1.1962437629699707,1.2029350996017456,1.2017642259597778,-0.0009493881946254223,0
2017-09-12,1.1958575248718262,1.1927480697631836,1.1977481842041016,1.1959433555603027,-0.00484360432249209,1
2017-09-13,1.1971603631973269,1.188565969467163,1.1996002197265625,1.1974613666534424,0.0012693001604815457,0
2017-09-14,1.1890465021133425,1.1845674514770508,1.1910008192062378,1.1890605688095093,-0.007015506368619584,1
2017-09-15,1.1922788619995115,1.190235257148743,1.198552131652832,1.1921650171279907,0.002610841196752256,1
2017-09-18,1.1937447786331177,1.1916821002960205,1.196888089179993,1.193716287612915,0.0013012212761127628,1
2017-09-19,1.1961722373962402,1.1959290504455566,1.2005378007888794,1.1959290504455566,0.0018536756644800256,1
2017-09-20,1.1992852687835691,1.198667049407959,1.2019230127334597,1.199256420135498,0.002782246730022697,0
2017-09-21,1.187295913696289,1.1866196393966677,1.1953572034835815,1.1872113943099976,-0.010043745126784076,1
2017-09-22,1.1944862604141235,1.1940582990646362,1.2002496719360352,1.194557547569275,0.0061877381690282895,0
2017-09-25,1.1926769018173218,1.185185194015503,1.1938873529434204,1.1927196979522705,-0.0015385191117365249,0
2017-09-26,1.185564637184143,1.1765259504318235,1.186380386352539,1.185564637184143,-0.00599894575432236,0
2017-09-27,1.178133845329285,1.1719207763671875,1.179523468017578,1.1786059141159058,-0.005869543380414122,0
2017-09-28,1.175046682357788,1.172195553779602,1.1802752017974854,1.1749638319015503,-0.0030901611562736964,1
2017-09-29,1.178064465522766,1.1773293018341064,1.183193922042847,1.178175449371338,0.0027333756006684418,1
2017-10-02,1.1807630062103271,1.17311692237854,1.1807630062103271,1.1807351112365725,0.002172564253142717,0
2017-10-03,1.1733232736587524,1.169741153717041,1.177163004875183,1.173378348350525,-0.006230663267346115,1
2017-10-04,1.1747844219207764,1.1747430562973022,1.178675413131714,1.17475688457489,0.0011748437546192925,1
2017-10-05,1.1756960153579712,1.1703845262527466,1.177994966506958,1.175723671913147,0.0008229680123192917,0
2017-10-06,1.1713991165161133,1.1671334505081177,1.1738742589950562,1.1712344884872437,-0.0038182300255964474,1
2017-10-09,1.1742877960205078,1.1720993518829346,1.1750881671905518,1.1742464303970337,0.002571595986453845,0
2017-10-10,1.1741912364959717,1.1741636991500854,1.1817677021026611,1.1741636991500854,-7.045475703104653e-05,1
2017-10-11,1.181404709815979,1.179634690284729,1.1858035326004028,1.1814883947372437,0.006238223505342644,1
2017-10-12,1.1865352392196655,1.1831799745559692,1.1880717277526855,1.1865493059158323,0.004283504773412661,0
2017-10-13,1.1831378936767578,1.1806235313415527,1.1874369382858276,1.1831799745559692,-0.0028396050152019736,0
2017-10-16,1.1815024614334106,1.1781060695648191,1.182102918624878,1.181404709815979,-0.0015004181765808644,0
2017-10-17,1.1795096397399902,1.1738604307174685,1.1795096397399902,1.1794538497924805,-0.0016513054394394766,0
2017-10-18,1.1772878170013428,1.1732269525527954,1.1779812574386597,1.1771907806396484,-0.001918743283792046,1
2017-10-19,1.179356575012207,1.176996827125549,1.1857191324234009,1.179523468017578,0.001981571225576406,1
2017-10-20,1.18519926071167,1.1764997243881226,1.1858035326004028,1.184805989265442,0.0044785215310232385,0
2017-10-23,1.1754748821258545,1.1734058856964111,1.1778993606567385,1.175364375114441,-0.007968911565727876,1
2017-10-24,1.175530195236206,1.174384355545044,1.1777175664901731,1.1759172677993774,0.00047040109147666875,0
2017-10-25,1.1759862899780271,1.1753782033920288,1.1817537546157837,1.1759034395217896,-1.1759566737046256e-05,1
2017-10-26,1.1822147369384766,1.1692214012145996,1.1835579872131348,1.182075023651123,0.005248376628478324,0
2017-10-27,1.1639004945755005,1.157594919204712,1.16441547870636,1.163724422454834,-0.015524057973586802,0
2017-10-30,1.160725712776184,1.1598103046417236,1.1642799377441406,1.160456299781799,-0.0028083304001997877,1
2017-10-31,1.164985179901123,1.1625608205795288,1.1658952236175537,1.1652703285217283,0.004148392956145219,0
2017-11-01,1.1651616096496582,1.160833477973938,1.165745735168457,1.165175199508667,-8.163686205064913e-05,0
2017-11-02,1.162912368774414,1.1628718376159668,1.168729543685913,1.1628718376159668,-0.0019768373834866404,1
2017-11-03,1.1663167476654053,1.1605236530303955,1.1686748266220093,1.1661807298660278,0.0028454487786415683,0
2017-11-06,1.161534547805786,1.1582788228988647,1.1626555919647217,1.1614941358566284,-0.004018754460072271,0
2017-11-07,1.1611839532852173,1.1555883884429932,1.1617100238800049,1.1612648963928225,-0.00019736601049380464,0
2017-11-08,1.1602543592453003,1.1581177711486816,1.1609547138214111,1.1601063013076782,-0.0009977009455319763,0
2017-11-09,1.1595547199249268,1.1586410999298096,1.1652567386627195,1.15968918800354,-0.0003595474860088599,1
2017-11-10,1.164523959159851,1.1623986959457395,1.1675150394439695,1.164686679840088,0.004309337267471847,1
2017-11-13,1.166112780570984,1.163873314857483,1.1675150394439695,1.166112780570984,0.0012244501079827774,1
2017-11-14,1.1664936542510986,1.166330337524414,1.177412509918213,1.1664936542510986,0.00032661821948987146,1
2017-11-15,1.1791757345199585,1.1786059141159058,1.1859441995620728,1.1792869567871094,0.01096731430075737,0
2017-11-17,1.1777315139770508,1.177467942237854,1.182172775268555,1.177745342254639,-0.0013072429264124885,0
2017-11-20,1.1732131242752075,1.1725940704345703,1.1807490587234497,1.1731857061386108,-0.0038714957745442646,1
2017-11-21,1.1738742589950562,1.171550154685974,1.1756683588027954,1.174122333526611,0.0007983624272775991,0
2017-11-22,1.174094796180725,1.1735574007034302,1.179815649986267,1.173722743988037,-0.00034033041290837396,1
2017-11-23,1.181516408920288,1.181446552276611,1.185499906539917,1.1814744472503662,0.00660437339400155,1
2017-11-24,1.1850868463516235,1.183726191520691,1.194372057914734,1.1853959560394287,0.00331916513149233,1
2017-11-27,1.1928761005401611,1.1908164024353027,1.1960434913635254,1.1926485300064087,0.006118271224082594,0
2017-11-28,1.1904053688049316,1.1867464780807495,1.192099690437317,1.1904903650283811,-0.0018095565656849333,0
2017-11-29,1.1849744319915771,1.1820051670074463,1.1884952783584597,1.184805989265442,-0.004774818788897739,1
2017-11-30,1.1850025653839111,1.1815024614334106,1.1929757595062256,1.18519926071167,0.00033192898229006396,1
2017-12-01,1.18990957736969,1.185213327407837,1.1939870119094849,1.1898245811462402,0.003902567768893972,0
2017-12-04,1.1857051849365234,1.1831238269805908,1.1878741979599,1.1859863996505735,-0.003225838124784053,1
2017-12-05,1.186859130859375,1.180888533592224,1.187930703163147,1.1867746114730835,0.0006646044362248471,0
2017-12-06,1.183053970336914,1.178133845329285,1.184834122657776,1.1832919120788574,-0.0029345920957166705,0
2017-12-07,1.180498123168945,1.1777175664901731,1.1809163093566897,1.1804285049438477,-0.002419865382143338,0
2017-12-08,1.177440166473389,1.1731857061386108,1.1777175664901731,1.1772184371948242,-0.002719408871930007,0
2017-12-11,1.1769275665283203,1.176885962486267,1.1810418367385864,1.176996827125549,-0.000188248894405052,1
2017-12-12,1.1777175664901731,1.1718933582305908,1.1792994737625122,1.1777591705322266,0.0006477021765125546,0
2017-12-13,1.1743566989898682,1.1730480194091797,1.177024483680725,1.1742602586746216,-0.002970821153550296,1
2017-12-14,1.1839923858642578,1.177163004875183,1.1859863996505735,1.1835860013961792,0.007941802213491833,0
2017-12-15,1.1775233745574951,1.1761661767959597,1.1814005374908447,1.1774957180023191,-0.005145619656430456,0
2017-12-18,1.1746740341186523,1.174315333366394,1.18343186378479,1.1743566989898682,-0.0026658432506034835,1
2017-12-19,1.1782865524291992,1.1777037382125854,1.1832919120788574,1.1784253120422363,0.003464546211443098,1
2017-12-20,1.183712124824524,1.1830118894577026,1.1901220083236694,1.1841325759887695,0.004843127424547955,1
2017-12-21,1.1877753734588623,1.185016632080078,1.189202070236206,1.1878176927566528,0.0031120812336458137,0
2017-12-22,1.185157060623169,1.1817537546157837,1.1861974000930786,1.185733199119568,-0.0017548935748271655,0
2017-12-25,1.1856770515441897,1.1849043369293213,1.1884952783584597,1.1856067180633545,-0.0001066690688154015,1
2017-12-26,1.187126874923706,1.1847498416900637,1.1877895593643188,1.187253713607788,0.0013891584109138044,0
2017-12-27,1.1860989332199097,1.185564637184143,1.191043257713318,1.1857894659042358,-0.0012333064843425001,1
2017-12-28,1.1900228261947632,1.1898245811462402,1.195500135421753,1.1900794506072998,0.0036178299996894037,1
2017-12-29,1.1939870119094849,1.193801760673523,1.202284336090088,1.1941723823547363,0.003439208823703188,1
2018-01-01,1.200494647026062,1.199903964996338,1.2015043497085571,1.200494647026062,0.00529426468468408,1
2018-01-02,1.2010858058929443,1.200855016708374,1.2080942392349243,1.2011579275131226,0.0005525059930118204,1
2018-01-03,1.2061998844146729,1.200494647026062,1.2067092657089231,1.2063454389572144,0.004318758861985739,0
2018-01-04,1.2011290788650513,1.200494647026062,1.209189772605896,1.2010425329208374,-0.004395843731925475,1
2018-01-05,1.2066218852996826,1.202154278755188,1.2084592580795288,1.2068840265274048,0.0048636858782689085,0
2018-01-08,1.203948974609375,1.195971965789795,1.2054002285003662,1.2037460803985596,-0.0026000394900196344,0
2018-01-09,1.1969597339630127,1.1917957067489624,1.1975760459899902,1.1970456838607788,-0.0055662873149811,0
2018-01-10,1.1929330825805664,1.1924494504928589,1.2016342878341677,1.1929330825805664,-0.0034356260046385367,1
2018-01-11,1.1954858303070068,1.1931180953979492,1.2059234380722046,1.195614457130432,0.002247715809897022,1
2018-01-12,1.2042099237442017,1.2041373252868652,1.2156133651733398,1.2042099237442017,0.007189162495073509,1
2018-01-15,1.2193039655685425,1.21881365776062,1.229900360107422,1.2192296981811523,0.012472721027119826,1
2018-01-16,1.2269939184188845,1.2196757793426514,1.2281240224838257,1.2268433570861816,0.006244646858903913,1
2018-01-17,1.227144479751587,1.2199138402938845,1.2321492433547974,1.227129340171814,0.00023310480835259106,0
2018-01-18,1.218145489692688,1.2175078392028809,1.2262566089630127,1.218397855758667,-0.007115374172313782,1
2018-01-19,1.223585844039917,1.222030758857727,1.2294830083847046,1.2236607074737549,0.004319485371886866,1
2018-01-22,1.2255953550338743,1.2214635610580444,1.2266627550125122,1.2255502939224243,0.0015442078323903985,1
2018-01-23,1.225730538368225,1.2223594188690186,1.2306995391845703,1.2256253957748413,6.128010640571446e-05,1
2018-01-24,1.2309662103652954,1.2295132875442505,1.240199327468872,1.2310267686843872,0.004407034097177132,1
2018-01-25,1.23960280418396,1.2386507987976074,1.2529915571212769,1.239111304283142,0.00656731096708385,1
2018-01-26,1.239234209060669,1.2387429475784302,1.2490164041519165,1.239234209060669,9.918784301454764e-05,1
2018-01-29,1.2428226470947266,1.2338062524795532,1.243193507194519,1.2428072690963743,0.0028832806660603616,0
2018-01-30,1.238175392150879,1.233684539794922,1.245221495628357,1.2381141185760498,-0.0037762496543304325,1
2018-01-31,1.240833401679993,1.2400639057159424,1.2476606369018557,1.2409565448760986,0.002295770848100842,1
2018-02-01,1.2417423725128174,1.2386507987976074,1.2487823963165283,1.241865873336792,0.000732764144278919,1
2018-02-02,1.2512669563293457,1.241187572479248,1.251799464225769,1.2510008811950684,0.007355873169887062,0
2018-02-05,1.2447099685668943,1.2401562929153442,1.2478163242340088,1.244694471359253,-0.005041091441751022,0
2018-02-06,1.236827731132507,1.231618046760559,1.2428536415100098,1.2367818355560305,-0.006357090824531064,1
2018-02-07,1.2381447553634644,1.2278525829315186,1.2403254508972168,1.238129496574402,0.0010896513674667485,0
2018-02-08,1.2268433570861816,1.2216575145721436,1.2294527292251587,1.2268133163452148,-0.009139738824166854,0
2018-02-09,1.2260762453079224,1.2226433753967283,1.2285465002059937,1.2260762453079224,-0.0006008013016098879,0
2018-02-12,1.2253400087356567,1.2236307859420776,1.2297097444534302,1.2252799272537231,-0.0006494849380261902,1
2018-02-13,1.2301182746887207,1.228606939315796,1.2371996641159058,1.2303755283355713,0.004158724034000194,1
2018-02-14,1.2352999448776243,1.2278525829315186,1.2416189908981323,1.235376238822937,0.004064377397143604,1
2018-02-15,1.2467117309570312,1.2450509071350098,1.2511996030807495,1.2467273473739624,0.009188381801677359,1
2018-02-16,1.250734806060791,1.2430543899536133,1.2558081150054932,1.2503595352172852,0.0029133778536047927,0
2018-02-19,1.241187572479248,1.2371032238006592,1.2437996864318848,1.241187572479248,-0.0073354603053779055,0
2018-02-20,1.2399102449417114,1.2321947813034058,1.2409104108810425,1.2398641109466553,-0.0010662864839592334,0
2018-02-21,1.233547568321228,1.2300727367401123,1.2347005605697632,1.233532428741455,-0.0051067549655630096,0
2018-02-22,1.2280335426330566,1.2261663675308228,1.2353304624557495,1.2281843423843384,-0.004335586347391951,1
2018-02-23,1.2326048612594604,1.2280486822128296,1.233500361442566,1.2326656579971311,0.003648732082101702,0
2018-02-26,1.2288333177566528,1.228244662284851,1.2354830503463743,1.228712558746338,-0.003206951718940809,1
2018-02-27,1.231602907180786,1.2223145961761477,1.2345678806304932,1.2315573692321775,0.0023152774549177746,0
2018-02-28,1.2222100496292114,1.2189176082611084,1.224289894104004,1.2230321168899536,-0.006922334724479007,0
2018-03-01,1.2190959453582764,1.2157995700836182,1.2221801280975342,1.2191256284713743,-0.003194101254277104,1
2018-03-02,1.227129340171814,1.2252799272537231,1.2330456972122192,1.2270842790603638,0.006528162810397697,1
2018-03-05,1.231845736503601,1.2275512218475342,1.2348270416259766,1.2315422296524048,0.003632962028863096,1
2018-03-06,1.2337758541107178,1.233121633529663,1.2419891357421875,1.2336541414260864,0.0017148512838880414,1
2018-03-07,1.2419275045394895,1.2386049032211304,1.2440595626831057,1.2416653633117676,0.0064938961550604635,0
2018-03-08,1.2416189908981323,1.2306329011917114,1.24447762966156,1.2414649724960327,-0.00016138874583759844,0
2018-03-09,1.2307844161987305,1.2275512218475342,1.2333801984786987,1.2306632995605469,-0.008700747242001095,1
2018-03-12,1.2308601140975952,1.229135513305664,1.2342007160186768,1.2308752536773682,0.00017222754338819257,1
2018-03-13,1.2338672876358032,1.231496810913086,1.2398948669433594,1.2339584827423096,0.0025049078334542507,1
2018-03-14,1.2392956018447876,1.235010027885437,1.2416189908981323,1.239234209060669,0.004275448803297444,0
2018-03-15,1.2375319004058838,1.2320733070373535,1.2386969327926636,1.2375624179840088,-0.0013490517486015596,0
2018-03-16,1.2307692766189575,1.2261513471603394,1.23350191116333,1.2309207916259766,-0.005366700104590616,0
2018-03-19,1.228078842163086,1.226046085357666,1.2332433462142944,1.228078842163086,-0.002308799625633573,1
2018-03-20,1.2338062524795532,1.2264971733093262,1.2354220151901243,1.233684539794922,0.004564607286908773,0
2018-03-21,1.224814772605896,1.2246992588043213,1.229619026184082,1.2251899242401123,-0.006885565378181635,1
2018-03-22,1.234872817993164,1.230042576789856,1.2386815547943115,1.234766125679016,0.007816095488087704,0
2018-03-23,1.2326048612594604,1.2319974899291992,1.2360174655914309,1.2324985265731812,-0.0018364604103370263,1
2018-03-26,1.2353914976119995,1.2352389097213743,1.2448959350585938,1.235437273979187,0.0023843820845586006,1
2018-03-27,1.2455006837844849,1.237332820892334,1.2478163242340088,1.2457488775253296,0.008346521319475997,0
2018-03-28,1.240802526473999,1.233714938163757,1.2422360181808472,1.240787148475647,-0.003982928774167616,0
2018-03-29,1.231284499168396,1.2285163402557373,1.2338062524795532,1.2310267686843872,-0.00786628053268501,0
2018-03-30,1.2302544116973877,1.229800581932068,1.2333498001098633,1.2302846908569336,-0.0006028120966424799,1
2018-04-02,1.231284499168396,1.228380560874939,1.2345678806304932,1.231420874595642,0.0009235128642599566,0
2018-04-03,1.2293318510055542,1.225505232810974,1.2336997985839844,1.229271411895752,-0.0017455142626162656,0
2018-04-04,1.2279430627822876,1.225760579109192,1.2310571670532229,1.2278525829315186,-0.0011542031731180957,1
2018-04-05,1.2287880182266235,1.2219412326812744,1.2291052341461182,1.228682279586792,0.000675729861065566,0
2018-04-06,1.2250999212265017,1.221806883811951,1.2280033826828003,1.2251598834991455,-0.0028668079178540973,1
2018-04-09,1.227144479751587,1.2262566089630127,1.2330456972122192,1.227144479751587,0.0016198671529901176,1
2018-04-10,1.2322251796722412,1.2303755283355713,1.2377768754959106,1.2322403192520142,0.004152599457122541,1
2018-04-11,1.2363842725753784,1.235406756401062,1.2393723726272583,1.2363078594207764,0.0033009309184357516,1
2018-04-12,1.237623691558838,1.230042576789856,1.2379761934280396,1.2371643781661987,0.0006928037696238842,0
2018-04-13,1.2333498001098633,1.2308752536773682,1.234872817993164,1.2329696416854858,-0.003390605609685071,1
2018-04-16,1.233304142951965,1.232635259628296,1.2394031286239624,1.233258605003357,0.00023436369242313404,1
2018-04-17,1.238466739654541,1.2338367700576782,1.2415003776550293,1.2385127544403076,0.004260379303768547,0
2018-04-18,1.2373021841049194,1.2344460487365725,1.2396950721740725,1.237317442893982,-0.0009651184794344791,1
2018-04-19,1.2378535270690918,1.2330456972122192,1.240199327468872,1.237914800643921,0.00048278455409289656,0
2018-04-20,1.2344155311584473,1.225505232810974,1.2352694272994995,1.2345526218414309,-0.0027160017803657954,0
2018-04-23,1.227385401725769,1.2212249040603638,1.2289692163467407,1.2273402214050293,-0.005842116657323038,0
2018-04-24,1.2211204767227173,1.2184869050979614,1.223466157913208,1.22089684009552,-0.00524987383052844,1
2018-04-25,1.2236157655715942,1.21690034866333,1.2241400480270386,1.2241400480270386,0.0026564143873653023,0
2018-04-26,1.2170779705047607,1.2099798917770386,1.2210012674331665,1.2171669006347656,-0.00569636407493701,0
2018-04-27,1.2107563018798828,1.2056035995483398,1.2116997241973877,1.2109616994857788,-0.005098069250610404,1
2018-04-30,1.2128562927246094,1.2066364288330078,1.2138574123382568,1.2122827768325806,0.0010909323947758676,0
2018-05-01,1.208313226699829,1.1983511447906494,1.2084592580795288,1.2081234455108645,-0.0034309910205797545,0
2018-05-02,1.1992132663726809,1.1954143047332764,1.2031089067459106,1.1991558074951172,-0.007422782869639044,0
2018-05-03,1.1951714754104614,1.195071578025818,1.2009127140045166,1.19510018825531,-0.003382061959303573,1
2018-05-04,1.1989257335662842,1.1914832592010498,1.1997599601745603,1.1989257335662842,0.003201024774800665,0
2018-05-07,1.1955716609954834,1.18995201587677,1.1978917121887207,1.195500135421753,-0.0028572229693840656,0
2018-05-08,1.1932604312896729,1.183936357498169,1.1938873529434204,1.1933743953704834,-0.001778117783750477,0
2018-05-09,1.186676025390625,1.1823545694351196,1.1896122694015503,1.1867886781692505,-0.005518567539894659,0
2018-05-10,1.1847639083862305,1.184469223022461,1.1942437887191772,1.184721827507019,-0.0017415490223751107,1
2018-05-11,1.191525936126709,1.1893434524536133,1.1967878341674805,1.1917530298233032,0.005934897250166937,1
2018-05-14,1.1951572895050049,1.1951572895050049,1.199699640274048,1.1952143907546997,0.0029044280524377353,0
2018-05-15,1.1932035684585571,1.182396411895752,1.1940299272537231,1.1931180953979492,-0.0017539073934901284,0
2018-05-16,1.1822566986083984,1.176567554473877,1.1853959560394287,1.1820889711380005,-0.009243950202825535,0
2018-05-17,1.1814186573028564,1.1778563261032104,1.1836841106414795,1.1816978454589844,-0.00033087668404485626,0
2018-05-18,1.1792036294937134,1.175046682357788,1.182228684425354,1.179523468017578,-0.0018400451940926432,0
2018-05-21,1.1763737201690674,1.1718658208847046,1.1778979301452637,1.1766643524169922,-0.002423958215423183,1
2018-05-22,1.1788839101791382,1.1759449243545532,1.1828161478042605,1.1792453527450562,0.0021934890121912964,0
2018-05-23,1.1789672374725342,1.168620228767395,1.1791006326675415,1.1788560152053833,-0.00033015821412107904,0
2018-05-24,1.1707134246826172,1.1692214012145996,1.174936294555664,1.1710150241851809,-0.006651355991797114,1
2018-05-25,1.1723191738128662,1.1648359298706057,1.1733232736587524,1.1722642183303833,0.0010667618428479297,0
2018-05-28,1.1687567234039309,1.1608469486236572,1.1730204820632937,1.1688934564590454,-0.002875428438939065,0
2018-05-29,1.1627501249313354,1.1514369249343872,1.1639816761016846,1.162696123123169,-0.005301880425141681,0
2018-05-30,1.153761863708496,1.1520073413848877,1.1670994758605957,1.1539349555969238,-0.007535216942765155,1
2018-05-31,1.1666160821914673,1.16429340839386,1.1724016666412354,1.1667250394821167,0.011083886334456894,1
2018-06-01,1.1693308353424072,1.162993550300598,1.171550154685974,1.1693171262741089,0.002221677519788967,0
2018-06-04,1.166997313499451,1.1668611764907837,1.174425721168518,1.1668611764907837,-0.00210032824127937,1
2018-06-05,1.17017924785614,1.1655282974243164,1.171385407447815,1.1700559854507446,0.002737951201332356,1
2018-06-06,1.1726628541946411,1.1714677810668943,1.1797001361846924,1.1726216077804563,0.0021927346739081255,1
2018-06-07,1.1783976554870603,1.1783559322357178,1.1841003894805908,1.178550362586975,0.005055982908025003,1
2018-06-08,1.1793843507766724,1.1728416681289673,1.181199550628662,1.179523468017578,0.0008256799721879649,0
2018-06-11,1.1786893606185913,1.1776067018508911,1.1820330619812012,1.1783976554870603,-0.0009544638670138106,0
2018-06-12,1.1773293018341064,1.174315333366394,1.1808466911315918,1.177412509918213,-0.0008360043524019423,0
2018-06-13,1.17475688457489,1.1733646392822266,1.1789672374725342,1.17482590675354,-0.002196853815365496,1
2018-06-14,1.1806375980377195,1.1628854274749756,1.1841607093811035,1.1807769536972046,0.0050654713259681294,0
2018-06-15,1.156336784362793,1.1545344591140747,1.1626555919647217,1.1566576957702637,-0.020426599495713016,1
2018-06-18,1.1597026586532593,1.156644344329834,1.1623716354370115,1.159595012664795,0.002539486751588216,1
2018-06-19,1.163007140159607,1.153322696685791,1.164686679840088,1.163074612617493,0.0030007027580272183,0
2018-06-20,1.1589365005493164,1.1546010971069336,1.1600120067596436,1.1588560342788696,-0.0036270917556435744,0
2018-06-21,1.1577022075653076,1.151410460472107,1.1628313064575195,1.1579033136367798,-0.0008221216561060674,1
2018-06-22,1.1606987714767456,1.1601735353469849,1.1675995588302612,1.1605775356292725,0.002309538249867682,1
2018-06-25,1.1660583019256592,1.162993550300598,1.1700011491775513,1.1661399602890017,0.0047928074505709795,1
2018-06-26,1.17017924785614,1.1652023792266846,1.17205810546875,1.1702749729156494,0.0035458973772093394,0
2018-06-27,1.164808750152588,1.1583592891693115,1.1671879291534424,1.1650259494781494,-0.004485290687215593,0
2018-06-28,1.156243085861206,1.152804255485535,1.1596999168395996,1.1563634872436523,-0.0074354242825039885,0
2018-06-29,1.15644371509552,1.1562966108322144,1.1682379245758057,1.1562966108322144,-5.7833382129168776e-05,1
2018-07-02,1.1678422689437866,1.1592589616775513,1.1678558588027954,1.1678558588027954,0.009996784442930728,0
2018-07-03,1.1640766859054563,1.1622636318206787,1.1675423383712769,1.1642121076583862,-0.003120034991428211,1
2018-07-04,1.16593599319458,1.1631423234939575,1.1681833267211914,1.1659224033355713,0.0014690584867949052,1
2018-07-05,1.1661807298660278,1.165080189704895,1.1719757318496704,1.166235089302063,0.0002681876303234354,1
2018-07-06,1.169385552406311,1.1680742502212524,1.1767336130142212,1.1695905923843384,0.0028772098465015272,1
2018-07-09,1.1751710176467896,1.1742877960205078,1.179078459739685,1.1752262115478516,0.004818454594461397,1
2018-07-10,1.1757513284683228,1.1691941022872925,1.1762906312942505,1.1756960153579712,0.00039975606866438085,0
2018-07-11,1.1730343103408811,1.1698368787765503,1.1755163669586182,1.1727042198181152,-0.0025447016071965534,0
2018-07-12,1.167569637298584,1.1650530099868774,1.169700026512146,1.1676785945892334,-0.0042855011041584845,0
2018-07-13,1.16637122631073,1.1614537239074707,1.1675423383712769,1.1665889024734497,-0.0009332123761051081,1
2018-07-16,1.1678968667984009,1.1676650047302246,1.1726078987121582,1.1679104566574097,0.001132836238333823,1
2018-07-17,1.1710561513900757,1.1664528846740725,1.1745359897613523,1.170946478843689,0.002599533353754291,0
2018-07-18,1.1657729148864746,1.160375475883484,1.166534423828125,1.1653246879577637,-0.004801065622979439,0
2018-07-19,1.1646188497543335,1.157594919204712,1.1657049655914309,1.164564609527588,-0.0006522460547092601,1
2018-07-20,1.1654739379882812,1.1628042459487915,1.172236680984497,1.1655147075653076,0.0008158396966100323,1
2018-07-23,1.1741775274276731,1.1688660383224487,1.1750881671905518,1.1741912364959717,0.007444375325635244,0
2018-07-24,1.169864296913147,1.1657185554504397,1.1716599464416504,1.1694128513336182,-0.004069511859595587,0
2018-07-25,1.168770432472229,1.1667522192001345,1.1713716983795166,1.1685519218444824,-0.0007362066255334199,1
2018-07-26,1.1739845275878906,1.1650937795639038,1.174315333366394,1.1737502813339231,0.004448548149435627,0
2018-07-27,1.164456129074097,1.1623716354370115,1.1663167476654053,1.16429340839386,-0.008056971819692005,1
2018-07-30,1.1663167476654053,1.1649445295333862,1.1719207763671875,1.16604483127594,0.0015042796510340573,1
2018-07-31,1.170864224433899,1.1692761182785034,1.174812078475952,1.170740842819214,0.004027299309011578,0
2018-08-01,1.168961763381958,1.166534423828125,1.169864296913147,1.168961763381958,-0.0015196184947062763,0
2018-08-02,1.1663848161697388,1.1604158878326416,1.166997313499451,1.1665889024734497,-0.0020298875316873133,0
2018-08-03,1.1585606336593628,1.156216382980347,1.1612001657485962,1.1586008071899414,-0.0068473952277203765,0
2018-08-06,1.156136155128479,1.1530966758728027,1.1570056676864624,1.1562297344207764,-0.0020464967350711794,0
2018-08-07,1.155748724937439,1.1552013158798218,1.1609008312225342,1.1558021306991575,-0.0003698259168478657,1
2018-08-08,1.1603351831436155,1.1574609279632568,1.1629259586334229,1.1602946519851685,0.0038869294031267376,1
2018-08-09,1.1610087156295776,1.156176209449768,1.1621150970458984,1.1610760688781738,0.0006734641857293333,0
2018-08-10,1.1528706550598145,1.1396141052246094,1.1539349555969238,1.1523923873901367,-0.007478994461084021,0
2018-08-13,1.1395881175994873,1.1365960836410522,1.143379807472229,1.1394712924957275,-0.011212409102833498,1
2018-08-14,1.139847993850708,1.134751796722412,1.1431001424789429,1.1402509212493896,0.0006842021899073902,0
2018-08-15,1.1348161697387695,1.1302244663238523,1.1349449157714844,1.134571552276611,-0.004980806300560192,0
2018-08-16,1.134429931640625,1.1338382959365845,1.140836238861084,1.134429931640625,-0.00012482300979776983,1
2018-08-17,1.137229561805725,1.1367381811141968,1.1422044038772583,1.1371389627456665,0.002388010955532316,1
2018-08-20,1.1437852382659912,1.139523148536682,1.1449376344680786,1.1437721252441406,0.005833203078767113,1
2018-08-21,1.1489102840423584,1.1486594676971436,1.1539082527160645,1.149134635925293,0.004688443233400008,1
2018-08-22,1.15763521194458,1.1554415225982666,1.162520408630371,1.1576753854751587,0.0074323314978568256,1
2018-08-23,1.15862774848938,1.154521107673645,1.1589634418487549,1.1584800481796265,0.0006950676455279581,0
2018-08-24,1.1542812585830688,1.1539349555969238,1.1636972427368164,1.154334545135498,-0.0035783983078884196,1
2018-08-27,1.164442539215088,1.1597161293029783,1.1680878400802612,1.164890170097351,0.009144337754020793,1
2018-08-28,1.1683471202850342,1.1663440465927124,1.1732999086380005,1.1683608293533323,0.0029793875380468293,1
2018-08-29,1.1693034172058103,1.1654006242752075,1.1706311702728271,1.1691256761550903,0.0006546323554696976,1
2018-08-30,1.1709327697753906,1.16441547870636,1.1717559099197388,1.1709738969802856,0.0015808572704292256,0
2018-08-31,1.1665889024734497,1.1596487760543823,1.168934345245361,1.1664663553237915,-0.003849395505841957,0
2018-09-03,1.1598505973815918,1.1590977907180786,1.1627906560897827,1.1601063013076782,-0.005452411025046566,1
2018-09-04,1.16130530834198,1.153322696685791,1.1615750789642334,1.161548137664795,0.0012428484833599818,0
2018-09-05,1.1588022708892822,1.1546810865402222,1.1632641553878784,1.1586545705795288,-0.002491129718552476,1
2018-09-06,1.1634942293167114,1.1607661247253418,1.165623426437378,1.1635212898254397,0.004200319378601991,0
2018-09-07,1.1623852252960205,1.1563901901245115,1.1650937795639038,1.162006974220276,-0.0013014936799229382,0
2018-09-10,1.1558955907821655,1.1527643203735352,1.161440134048462,1.1561094522476196,-0.005075289652726744,1
2018-09-11,1.1593396663665771,1.1566845178604126,1.1642799377441406,1.159595012664795,0.003014905215417807,1
2018-09-12,1.159595012664795,1.1570860147476196,1.164822340011597,1.1596084833145142,1.1616684766790897e-05,1
2018-09-13,1.1626555919647217,1.16096830368042,1.1700832843780518,1.1629259586334229,0.002860858097059049,1
2018-09-14,1.1690436601638794,1.1655691862106323,1.1721267700195312,1.169180393218994,0.005378188128950745,0
2018-09-17,1.162358283996582,1.162358283996582,1.1695905923843384,1.1628988981246948,-0.005372562806159276,1
2018-09-18,1.1669156551361084,1.1669156551361084,1.1720443964004517,1.1669156551361084,0.0034540896185308867,1
2018-09-19,1.167883276939392,1.165338158607483,1.1716461181640625,1.167992353439331,0.0009226873411831704,0
2018-09-20,1.1674060821533203,1.1672834157943726,1.1776995658874512,1.167460560798645,-0.0004553048991460251,1
2018-09-21,1.1776067018508911,1.1735711097717283,1.180163860321045,1.1775927543640137,0.008678831564500333,0
2018-09-24,1.1751019954681396,1.172525405883789,1.1815024614334106,1.1751019954681396,-0.002115127565657682,1
2018-09-25,1.1753228902816772,1.1732544898986816,1.1792453527450562,1.175295352935791,0.0001645452636427347,1
2018-09-26,1.1766090393066406,1.1728966236114502,1.1776995658874512,1.1763184070587158,0.0008704655560571872,0
2018-09-27,1.1747153997421265,1.1664528846740725,1.1759172677993774,1.1748534440994265,-0.0012453796102301906,0
2018-09-28,1.1636837720870972,1.1570591926574707,1.1653001308441162,1.1637378931045532,-0.009461223483405501,0
2018-10-01,1.160496711730957,1.156510591506958,1.1621285676956177,1.1605371236801147,-0.0027504212446839427,0
2018-10-02,1.157755732536316,1.1506686210632324,1.1582117080688477,1.157755732536316,-0.0023966412508881207,0
2018-10-03,1.155041217803955,1.1516358852386477,1.159326195716858,1.1551746129989624,-0.0022294163309379833,0
2018-10-04,1.147736668586731,1.1464602947235107,1.153599500656128,1.147631287574768,-0.0065300304727187175,1
2018-10-05,1.1517553329467771,1.148778200149536,1.1542545557022097,1.1518083810806274,0.0036397522018474238,1
2018-10-08,1.1523923873901367,1.146092414855957,1.1531364917755127,1.1522595882415771,0.00039173804285597136,0
2018-10-09,1.1494648456573486,1.1433275938034058,1.150483250617981,1.1494120359420776,-0.002471276723194915,1
2018-10-10,1.1504037380218506,1.148066163063049,1.1541999578475952,1.1506949663162231,0.0011161622934408033,1
2018-10-11,1.1532163619995115,1.1532163619995115,1.1597565412521362,1.1533360481262207,0.002295205842824277,1
2018-10-12,1.1590440273284912,1.1536953449249268,1.1609547138214111,1.1590440273284912,0.004949103265734278,0
2018-10-15,1.1550945043563845,1.154361128807068,1.1605640649795532,1.1551345586776731,-0.0033730113426572172,1
2018-10-16,1.1583324670791626,1.156711220741272,1.162006974220276,1.1583458185195925,0.002779987680046059,0
2018-10-17,1.15763521194458,1.1521799564361572,1.1582117080688477,1.1575279235839844,-0.0007060887366550084,0
2018-10-18,1.1500862836837769,1.1482902765274048,1.152737736701965,1.1500862836837769,-0.006428907457512012,0
2018-10-19,1.145514726638794,1.1433666944503784,1.151450276374817,1.1460003852844238,-0.0035526885741700154,1
2018-10-22,1.1511188745498655,1.1462368965148926,1.1551998853683472,1.1509466171264648,0.004316082180734426,0
2018-10-23,1.146473407745361,1.1439945697784424,1.1489763259887695,1.1467890739440918,-0.0036122815085490867,1
2018-10-24,1.1472625732421875,1.138407588005066,1.1475785970687866,1.147315263748169,0.00045883747589914314,0
2018-10-25,1.1398738622665403,1.1366219520568848,1.143079161643982,1.139925837516785,-0.006440624007078455,0
2018-10-26,1.1375141143798828,1.133619785308838,1.139847993850708,1.1377859115600586,-0.001877250156367971,1
2018-10-29,1.1398738622665403,1.1364411115646362,1.1415785551071167,1.1398738622665403,0.0018350998067984126,0
2018-10-30,1.1375141143798828,1.1347389221191406,1.1387057304382324,1.137617588043213,-0.0019794069309045925,0
2018-10-31,1.1345844268798828,1.1311705112457275,1.1360150575637815,1.1346358060836792,-0.0026210758262471545,0
2018-11-01,1.1313880681991575,1.1313753128051758,1.1413179636001587,1.1316697597503662,-0.002614095481043077,1
2018-11-02,1.1402769088745115,1.137565851211548,1.1455409526824951,1.140328884124756,0.007651635381950905,0
2018-11-05,1.1397050619125366,1.135524868965149,1.1406410932540894,1.1397570371627808,-0.0005014754689952605,1
2018-11-06,1.140862226486206,1.1393284797668457,1.1438113451004028,1.141291856765747,0.001346619983840558,1
2018-11-07,1.144099235534668,1.1400558948516846,1.149993658065796,1.1438506841659546,0.002242044736443516,0
2018-11-08,1.1433275938034058,1.1405109167099,1.144426703453064,1.1434059143066406,-0.00038883559320357364,0
2018-11-09,1.1368545293807983,1.132502794265747,1.1369191408157349,1.1368415355682373,-0.005741074675465474,0
2018-11-12,1.1324771642684937,1.1241639852523804,1.1332728862762451,1.132502794265747,-0.003816487317488404,0
2018-11-13,1.1224100589752195,1.122321844100952,1.1291906833648682,1.123342990875244,-0.008088106657998861,1
2018-11-14,1.1316057443618774,1.126481294631958,1.1339668035507202,1.1311193704605105,0.006922533588078705,1
2018-11-15,1.1313625574111938,1.1274974346160889,1.1351124048233032,1.131183385848999,5.659472391705833e-05,1
2018-11-16,1.13252854347229,1.1322592496871948,1.141422152519226,1.1324899196624756,0.001155015031003126,1
2018-11-19,1.1412137746810913,1.1394453048706057,1.1462894678115845,1.141396164894104,0.00786430419997286,1
2018-11-20,1.1454753875732422,1.1387057304382324,1.1472758054733276,1.1455016136169434,0.0035968657063256693,0
2018-11-21,1.137268304824829,1.1366348266601562,1.1422044038772583,1.1372424364089966,-0.007210096528688648,1
2018-11-22,1.1388872861862185,1.138628005981445,1.1434059143066406,1.1388354301452637,0.001400751225303587,1
2018-11-23,1.1402637958526611,1.1332343816757202,1.1419435739517212,1.1403158903121948,0.001299977264267449,0
2018-11-26,1.1338896751403809,1.132733702659607,1.138355731964111,1.133735418319702,-0.00577074479834816,0
2018-11-27,1.1334270238876345,1.1279425621032717,1.1344943046569824,1.1333370208740234,-0.0003514024870714394,0
2018-11-28,1.129713773727417,1.126773238182068,1.130799651145935,1.1298797130584717,-0.0030505557939733974,1
2018-11-29,1.1366606950759888,1.1349579095840454,1.1401468515396118,1.1368545293807983,0.0061730609388910285,1
2018-11-30,1.1392766237258911,1.1314777135849,1.1401208639144895,1.1392766237258911,0.0021305226680250478,0
2018-12-03,1.1341854333877563,1.132169485092163,1.1380059719085691,1.1342240571975708,-0.004434890019770932,1
2018-12-04,1.135589361190796,1.134327054023743,1.14177405834198,1.135486125946045,0.001112715552509469,0
2018-12-05,1.1343655586242676,1.131503343582153,1.1360280513763428,1.1342884302139282,-0.001054786760268711,1
2018-12-06,1.1347260475158691,1.132336139678955,1.1412267684936523,1.13490629196167,0.0005447130829194791,1
2018-12-07,1.137682318687439,1.1361312866210938,1.1410704851150513,1.1374752521514893,0.0022635879349817145,1
2018-12-10,1.140380859375,1.1362345218658447,1.1445575952529907,1.1400948762893677,0.002303016380289069,0
2018-12-11,1.135499119758606,1.1307612657546997,1.1399389505386353,1.1356538534164429,-0.003895309912609113,0
2018-12-12,1.1322848796844482,1.1316184997558594,1.138044834136963,1.1323105096817017,-0.0029439813237839285,1
2018-12-13,1.137268304824829,1.1333627700805664,1.139250636100769,1.1373459100723269,0.004447013736577077,0
2018-12-14,1.1363248825073242,1.1270780563354492,1.1366219520568848,1.1363636255264282,-0.0008636638486141379,0
2018-12-17,1.130671739578247,1.13047993183136,1.1353960037231443,1.1305949687957764,-0.005076417971386138,1
2018-12-18,1.13499653339386,1.133863925933838,1.1403002738952637,1.1349835395812988,0.003881647191652293,1
2018-12-19,1.137565851211548,1.137539982795715,1.1439684629440308,1.137539982795715,0.002252405541810276,1
2018-12-20,1.138783574104309,1.1378376483917236,1.1484880447387695,1.138952136039734,0.0012414097661415102,1
2018-12-21,1.1457772254943848,1.138783574104309,1.147446870803833,1.1456853151321411,0.005911731388308361,0
2018-12-24,1.137203574180603,1.137203574180603,1.143837571144104,1.1372811794281006,-0.007335466024604886,1
2018-12-25,1.1405109167099,1.1370097398757937,1.1422044038772583,1.140393853187561,0.002736942996828473,1
2018-12-26,1.1413440704345703,1.137617588043213,1.1419435739517212,1.1415525674819946,0.001016065012271694,0
2018-12-27,1.1363636255264282,1.1359118223190308,1.1434321403503418,1.1361312866210938,-0.004749041800903631,1
2018-12-28,1.1430922746658323,1.1430922746658323,1.147315263748169,1.143105387687683,0.006138464056676618,1
2018-12-31,1.1438899040222168,1.14223051071167,1.1465917825698853,1.1439945697784424,0.0007778653659904489,1
2019-01-01,1.1494252681732178,1.146499752998352,1.155001163482666,1.1493064165115356,0.004643244708864236,0
2019-01-02,1.1461317539215088,1.134571552276611,1.149700164794922,1.14617121219635,-0.002727909868198375,0
2019-01-03,1.131733775138855,1.131733775138855,1.1409143209457395,1.1318106651306152,-0.012529146529702495,1
2019-01-04,1.1390948295593262,1.1348161697387695,1.14177405834198,1.1391078233718872,0.0064473312242818714,1
2019-01-07,1.141291856765747,1.1405240297317505,1.147446870803833,1.1410444974899292,0.0017001675155818852,1
2019-01-08,1.1479343175888062,1.1424654722213743,1.1486331224441528,1.1479737758636477,0.006072750351946432,0
2019-01-09,1.1457247734069824,1.144164800643921,1.1540148258209229,1.1456066370010376,-0.0020620147536289934,1
2019-01-10,1.1555217504501345,1.151145339012146,1.157139539718628,1.1554949283599854,0.008631489238603907,0
2019-01-11,1.1515165567398071,1.1459741592407229,1.1539002656936646,1.151012897491455,-0.003878884068224897,0
2019-01-14,1.146276354789734,1.1451605558395386,1.148369312286377,1.146013617515564,-0.004343374419858104,1
2019-01-15,1.147315263748169,1.1386150121688845,1.1491611003875732,1.1472889184951782,0.0011128148567545182,0
2019-01-16,1.141409158706665,1.137889385223389,1.14223051071167,1.1416828632354736,-0.004886350046035215,0
2019-01-17,1.139899969100952,1.1372424364089966,1.1407711505889893,1.1398088932037354,-0.0016414103181224826,0
2019-01-18,1.139185667037964,1.1354217529296875,1.1410315036773682,1.13926362991333,-0.0004783813266034942,0
2019-01-21,1.1365444660186768,1.1357957124710083,1.1388224363327026,1.1365574598312378,-0.002375367747233459,1
2019-01-22,1.1369578838348389,1.1336840391159058,1.1375269889831543,1.136932134628296,0.0003296575934785828,0
2019-01-23,1.1363766193389893,1.1351640224456787,1.139315485954285,1.1364023685455322,-0.00046596104255325344,1
2019-01-24,1.1387057304382324,1.131324052810669,1.1393414735794067,1.1388224363327026,0.002129587067182692,0
2019-01-25,1.1309914588928225,1.1305822134017944,1.1411616802215576,1.1313496828079224,-0.006561824992528664,1
2019-01-28,1.141265869140625,1.1390948295593262,1.1445575952529907,1.1413049697875977,0.008799478296548369,1
2019-01-29,1.1429747343063354,1.1411746740341189,1.145055651664734,1.143000841140747,0.0014859055187195214,1
2019-01-30,1.1435105800628662,1.140862226486206,1.1450294256210327,1.1435366868972778,0.0004688060911626213,1
2019-01-31,1.1485539674758911,1.145055651664734,1.1513707637786863,1.1487650871276855,0.0045721316074203155,0
2019-02-01,1.145081877708435,1.1435105800628662,1.1488442420959473,1.1449507474899292,-0.0033203826269594394,1
2019-02-04,1.1457247734069824,1.1425436735153198,1.1462632417678833,1.1455278396606443,0.0005040323105427458,0
2019-02-05,1.14357590675354,1.140328884124756,1.1442956924438477,1.1436283588409424,-0.0016581708047048727,0
2019-02-06,1.1408753395080566,1.137539982795715,1.141096591949463,1.140992522239685,-0.0023048017136692023,0
2019-02-07,1.1366348266601562,1.1326054334640503,1.1370097398757937,1.1365960836410522,-0.0038531703871318435,0
2019-02-08,1.1339925527572632,1.132182240486145,1.1350995302200315,1.1338768005371094,-0.002392479741115894,0
2019-02-11,1.1324259042739868,1.127344846725464,1.133144497871399,1.1324259042739868,-0.001279588983948976,0
2019-02-12,1.128031611442566,1.125885248184204,1.1319899559020996,1.1279042959213257,-0.003992851395924202,1
2019-02-13,1.1332728862762451,1.1282861232757568,1.134429931640625,1.1334655284881592,0.004930589046378886,0
2019-02-14,1.126405119895935,1.1250618696212769,1.130825161933899,1.12649405002594,-0.006150587103886607,1
2019-02-15,1.1294713020324707,1.1234945058822632,1.1298158168792725,1.1295350790023804,0.0026995517431898097,1
2019-02-18,1.1294840574264526,1.1294840574264526,1.1334141492843628,1.1298030614852903,0.00023725025268506172,1
2019-02-19,1.131208896636963,1.1277008056640625,1.1341854333877563,1.131196141242981,0.0012330288394326594,1
2019-02-20,1.1343011856079102,1.1325926780700684,1.1369578838348389,1.1343011856079102,0.0027449212844001813,1
2019-02-21,1.1346358060836792,1.1322592496871948,1.1365832090377808,1.1346358060836792,0.0002950014334945905,0
2019-02-22,1.1339796781539917,1.131874680519104,1.1355764865875244,1.1343011856079102,-0.0002949144333140863,0
2019-02-25,1.1340183019638062,1.13379967212677,1.1367511749267578,1.1342240571975708,-6.799641163912629e-05,1
2019-02-26,1.1366219520568848,1.1346487998962402,1.1378635168075562,1.1367511749267578,0.0022280586566212346,1
2019-02-27,1.1394193172454834,1.1363893747329712,1.140380859375,1.139315485954285,0.0022558243915535847,0
2019-02-28,1.1377859115600586,1.1360796689987185,1.1422044038772583,1.1380189657211304,-0.0011379817523226032,0
2019-03-01,1.137255311012268,1.135434627532959,1.140888214111328,1.1373459100723269,-0.0005914274446006118,1
2019-03-04,1.1375269889831543,1.1310553550720217,1.1375917196273804,1.1375917196273804,0.00021612558930095283,0
2019-03-05,1.133825421333313,1.1293182373046875,1.1339154243469238,1.133735418319702,-0.0033898816606555693,0
2019-03-06,1.1306205987930298,1.1291651725769043,1.132502794265747,1.1307101249694824,-0.0026684297776489174,1
2019-03-07,1.1312474012374878,1.1208752393722534,1.1319899559020996,1.1314009428024292,0.0006109592703660294,0
2019-03-08,1.1201971769332886,1.1186057329177856,1.1244546175003052,1.1198333501815796,-0.010224132032449207,1
2019-03-11,1.123103380203247,1.1222589015960691,1.1257457733154297,1.1232421398162842,0.0030440151064905496,1
2019-03-12,1.125885248184204,1.1250239610671997,1.129433035850525,1.1259232759475708,0.0023869618457559305,1
2019-03-13,1.1286808252334597,1.1279042959213257,1.1313753128051758,1.1287446022033691,0.0025057890853388276,1
2019-03-14,1.1332857608795166,1.1294713020324707,1.133594036102295,1.133105993270874,0.003863930829871798,0
2019-03-15,1.1307612657546997,1.1302244663238523,1.1343011856079102,1.1308379173278809,-0.002001644997434049,1
2019-03-18,1.1319899559020996,1.1234692335128784,1.1359764337539673,1.1319772005081177,0.0010074681462122204,1
2019-03-19,1.13355553150177,1.1334270238876345,1.1363636255264282,1.133619785308838,0.0014510758697108272,1
2019-03-20,1.1353057622909546,1.1336454153060913,1.1367511749267578,1.135486125946045,0.0016463550313727815,1
2019-03-21,1.143000841140747,1.1355119943618774,1.1439945697784424,1.1427918672561646,0.006434020762722037,0
2019-03-22,1.1373976469039917,1.1275609731674194,1.139211654663086,1.1375011205673218,-0.004629667781540836,0
2019-03-25,1.129611611366272,1.1290504932403564,1.1331701278686523,1.129586100578308,-0.006958252476328197,1
2019-03-26,1.1314520835876465,1.127955198287964,1.1328877210617063,1.131580114364624,0.0017652605545475097,0
2019-03-27,1.127446532249451,1.1242650747299194,1.1285535097122192,1.127484679222107,-0.0036192180213564518,0
2019-03-28,1.1251378059387207,1.121516227722168,1.1262998580932615,1.1251758337020874,-0.0020477843846290478,0
2019-03-29,1.1229519844055176,1.1210887432098389,1.124606370925903,1.1230024099349976,-0.0019316303301136761,0
2019-04-01,1.1223469972610474,1.1209882497787476,1.1250239610671997,1.1223849058151243,-0.0005498689178315974,0
2019-04-02,1.1205987930297852,1.1184556484222412,1.1214005947113037,1.1205737590789795,-0.0016136592061788413,0
2019-04-03,1.1202850341796875,1.1202473640441897,1.125499963760376,1.1203854084014893,-0.0001680841407932787,1
2019-04-04,1.124530553817749,1.1209254264831543,1.124985933303833,1.1246949434280396,0.003846475502299551,0
2019-04-05,1.1224603652954102,1.1211642026901243,1.1241512298583984,1.1225864887237549,-0.0018746903030062434,0
2019-04-08,1.1222084760665894,1.1215540170669556,1.1274083852767944,1.121956706047058,-0.0005610103836299896,1
2019-04-09,1.1256444454193115,1.1256444454193115,1.128795504570007,1.1256444454193115,0.0032868820627189876,1
2019-04-10,1.12649405002594,1.123103380203247,1.1282861232757568,1.126697063446045,0.0009351247909736848,1
2019-04-11,1.1276118755340576,1.1256064176559448,1.1287446022033691,1.127650022506714,0.0008457988323449239,0
2019-04-12,1.1259359121322632,1.1258344650268557,1.132502794265747,1.1260753870010376,-0.0013963867106357997,1
2019-04-15,1.130365014076233,1.1299434900283811,1.1322463750839231,1.1305055618286133,0.003934172506313338,0
2019-04-16,1.130441665649414,1.128604531288147,1.1314995288848877,1.1304928064346311,-1.1282911303478471e-05,0
2019-04-17,1.1285152435302734,1.1281843185424805,1.13237464427948,1.128502607345581,-0.0017604703698440582,1
2019-04-18,1.1300712823867798,1.1237722635269165,1.130600094795227,1.129713773727417,0.0010732508493576098,0
2019-04-19,1.123608112335205,1.1233052015304563,1.125112533569336,1.1235954761505127,-0.00541579444208895,1
2019-04-22,1.1244546175003052,1.1236711740493774,1.1263798475265503,1.1244546175003052,0.0007646358213686533,1
2019-04-23,1.125885248184204,1.1193444728851318,1.1261261701583862,1.1258978843688965,0.0012835261166872503,0
2019-04-24,1.122447848320007,1.1183055639266968,1.1224603652954102,1.122435212135315,-0.0030754762768938626,0
2019-04-25,1.1156978607177734,1.1121737957000732,1.1164003610610962,1.1153494119644165,-0.006312881219592614,0
2019-04-26,1.113709807395935,1.112297534942627,1.1172809600830078,1.113684892654419,-0.0014923747591043535,1
2019-04-29,1.114901781082153,1.1145538091659546,1.116994023323059,1.1150261163711548,0.0012043116734206105,1
2019-04-30,1.1184180974960327,1.117655634880066,1.12296462059021,1.1185182332992554,0.003131870076250376,1
2019-05-01,1.1218308210372925,1.121440887451172,1.1249985694885254,1.121604323387146,0.0027590878682304254,0
2019-05-02,1.1201846599578855,1.1173559427261353,1.1218183040618896,1.1200841665267944,-0.0013553414770735017,0
2019-05-03,1.1172560453414917,1.1141316890716553,1.1200717687606812,1.1173559427261353,-0.002435731065745683,1
2019-05-06,1.1187058687210083,1.1179929971694946,1.1204482316970823,1.1185808181762695,0.001096226728920291,1
2019-05-07,1.1204482316970823,1.1176055669784546,1.121956706047058,1.1201846599578855,0.0014338184202289384,0
2019-05-08,1.118956208229065,1.118956208229065,1.1214998960494995,1.1191065311431885,-0.0009624563281714904,1
2019-05-09,1.1197456121444702,1.1175681352615356,1.1250998973846436,1.1198333501815796,0.0006494636731757542,1
2019-05-10,1.1218559741973877,1.1218559741973877,1.1252391338348389,1.1222084760665894,0.0021209636993082537,1
2019-05-13,1.1236711740493774,1.1224100589752195,1.126341700553894,1.1236460208892822,0.00128099622605915,0
2019-05-14,1.1232421398162842,1.120485782623291,1.124606370925903,1.1232547760009766,-0.0003481922963568529,0
2019-05-15,1.120360255241394,1.1180429458618164,1.1222715377807615,1.1204482316970823,-0.0024985821238937556,1
2019-05-16,1.1209505796432495,1.1174308061599731,1.122435212135315,1.1207244396209717,0.0002465155605368974,0
2019-05-17,1.117480754852295,1.1157352924346924,1.1184431314468384,1.1173559427261353,-0.003005642400352837,0
2019-05-20,1.1165324449539185,1.11512553691864,1.1177005767822266,1.1165324449539185,-0.0007370057657791751,1
2019-05-21,1.1169440746307373,1.1142433881759644,1.11831796169281,1.1168566942214966,0.0002904073849743227,0
2019-05-23,1.115511178970337,1.1109507083892822,1.1172809600830078,1.1155484914779663,-0.001171325515886501,1
2019-05-24,1.1183805465698242,1.1178054809570312,1.1212018728256226,1.1184556484222412,0.0026060336834154985,1
2019-05-27,1.1206364631652832,1.118806004524231,1.1218308210372925,1.1209630966186523,0.0022418843339460093,0
2019-05-28,1.1193571090698242,1.1171810626983645,1.1199462413787842,1.11938214302063,-0.001410352939174464,0
2019-05-29,1.1170687675476074,1.1125946044921875,1.1175681352615356,1.1170687675476074,-0.00206665390139249,0
2019-05-30,1.113833785057068,1.1118524074554443,1.1146035194396973,1.1137346029281616,-0.002984744284602603,0
2019-05-31,1.1129908561706543,1.1126564741134644,1.1179429292678833,1.1131147146224976,-0.0005565852978207664,1
2019-06-03,1.1173434257507324,1.1162209510803225,1.1211000680923462,1.1174057722091677,0.0038550003250341636,1
2019-06-04,1.1245558261871338,1.1227755546569824,1.1277772188186646,1.124631643295288,0.006466649149157844,1
2019-06-05,1.1255050897598269,1.123987078666687,1.130454421043396,1.1254037618637085,0.0006865524129822109,0
2019-06-06,1.122725009918213,1.1223849058151243,1.1307867765426636,1.1229015588760376,-0.0022233824627768684,1
2019-06-07,1.127548336982727,1.1253150701522827,1.1348161697387695,1.127650022506714,0.004228744357100522,1
2019-06-10,1.1319003105163574,1.12920343875885,1.1326953172683716,1.1320157051086426,0.003871487176689614,0
2019-06-11,1.1318362951278689,1.13047993183136,1.1332728862762451,1.1318106651306152,-0.00018112820970772603,1
2019-06-12,1.132939100265503,1.1308507919311523,1.1343011856079102,1.1329518556594849,0.0010082874848489354,0
2019-06-13,1.1293054819107056,1.127116084098816,1.1305004358291626,1.1295605897903442,-0.0029933009529046206,0
2019-06-14,1.127955198287964,1.1215037107467651,1.1290504932403564,1.128044366836548,-0.0013423121942290894,0
2019-06-17,1.121604323387146,1.1205360889434814,1.1246000528335571,1.1217050552368164,-0.005619736054805591,1
2019-06-18,1.12271249294281,1.1182304620742798,1.12440025806427,1.1224603652954102,0.0006733588790275302,0
2019-06-19,1.1197456121444702,1.1188685894012451,1.1222084760665894,1.1198208332061768,-0.0023515592807045183,1
2019-06-20,1.1235828399658203,1.1235828399658203,1.1315160989761353,1.1238480806350708,0.0035963319394261006,1
2019-06-21,1.1293182373046875,1.1283625364303589,1.1333370208740234,1.1295605897903442,0.005082990533778808,1
2019-06-24,1.1383039951324463,1.1373846530914309,1.1401208639144895,1.1384724378585815,0.007889659172591434,1
2019-06-25,1.1400169134140017,1.1378376483917236,1.141396164894104,1.140029788017273,0.0013679296106814398,0
2019-06-26,1.1368545293807983,1.1350866556167605,1.138952136039734,1.1369967460632324,-0.002660493599308089,1
2019-06-27,1.1374623775482178,1.1348419189453125,1.1383039951324463,1.1374752521514893,0.00042085088626131473,0
2019-06-28,1.1371389627456665,1.1361312866210938,1.1393414735794067,1.1372941732406616,-0.0001591937147512601,0
2019-07-01,1.1363636255264282,1.1305694580078125,1.1367511749267578,1.1364928483963013,-0.0007045888946014545,0
2019-07-02,1.1287063360214231,1.1276754140853882,1.1321053504943848,1.1287446022033691,-0.006817681434481249,1
2019-07-03,1.1290887594223022,1.127039909362793,1.1305310726165771,1.1293054819107056,0.0004969057714576675,0
2019-07-04,1.128795504570007,1.1274338960647583,1.1298158168792725,1.128795504570007,-0.0004515849332774602,0
2019-07-05,1.128604531288147,1.120824933052063,1.128795504570007,1.128579020500183,-0.00019178324944379987,0
2019-07-08,1.1227880716323853,1.1208375692367554,1.123721718788147,1.1227376461029053,-0.005175866546490382,0
2019-07-09,1.12147855758667,1.1195324659347534,1.1222084760665894,1.121604323387146,-0.0010094279101561243,0
2019-07-10,1.1204607486724854,1.1202598810195925,1.1262998580932615,1.120824933052063,-0.0006948888470127423,1
2019-07-11,1.1261261701583862,1.1251758337020874,1.128795504570007,1.125885248184204,0.004514813137107554,0
2019-07-12,1.1250239610671997,1.123974323272705,1.1278001070022583,1.1252391338348389,-0.0005738722932974172,1
2019-07-15,1.1271796226501465,1.125568389892578,1.1285994052886963,1.1272051334381104,0.0017471838155604935,0
2019-07-16,1.1260881423950195,1.1209003925323486,1.126633644104004,1.126176834106445,-0.0009122557209518822,0
2019-07-17,1.1213276386260986,1.1201093196868896,1.123342990875244,1.121227145195007,-0.004395125846612946,1
2019-07-18,1.1227755546569824,1.1206239461898804,1.1247328519821167,1.12296462059021,0.0015496194528010765,1
2019-07-19,1.1261515617370603,1.1215037107467651,1.1271415948867798,1.1261515617370603,0.002837971106494308,0
2019-07-22,1.1218056678771973,1.1208375692367554,1.12271249294281,1.1218308210372925,-0.003836731081829914,0
2019-07-23,1.1204984188079834,1.1149640083312988,1.121076226234436,1.1206114292144775,-0.0010869658775174429,0
2019-07-24,1.115100622177124,1.1130032539367676,1.1155734062194824,1.11512553691864,-0.004895445604800819,0
2019-07-25,1.114230990409851,1.110383152961731,1.1186933517456057,1.1142433881759644,-0.0007910757250821909,1
2019-07-26,1.1145166158676147,1.1115680932998655,1.1153244972229004,1.1146159172058103,0.0003343336238734729,0
2019-07-29,1.113089919090271,1.1114444732666016,1.1144545078277588,1.1132138967514038,-0.0012578507383254056,1
2019-07-30,1.1142184734344482,1.1133253574371338,1.1158099174499512,1.1143054962158203,0.0009805837562772979,1
2019-07-31,1.1157352924346924,1.1127803325653076,1.1164453029632568,1.1157974004745483,0.001338864668436468,0
2019-08-01,1.1072235107421875,1.1027547121047974,1.1072970628738403,1.107174515724182,-0.007728002186328076,1
2019-08-02,1.1081806421279907,1.1070764064788818,1.1114197969436646,1.1078859567642212,0.0006425735328399185,1
2019-08-05,1.1107407808303833,1.1107407808303833,1.1199462413787842,1.1108025312423706,0.002632558396775675,1
2019-08-06,1.1242650747299194,1.1170687675476074,1.1249732971191406,1.1243788003921509,0.012222036561796434,0
2019-08-07,1.1205862760543823,1.1180930137634275,1.1240994930267334,1.1206992864608765,-0.0032724860429519387,0
2019-08-08,1.120485782623291,1.1184431314468384,1.1228384971618652,1.12043559551239,-0.00023529143961464882,0
2019-08-09,1.118730902671814,1.11840558052063,1.121981859207153,1.1187183856964111,-0.0015326269737026,1
2019-08-12,1.1206867694854736,1.1163331270217896,1.1230276823043823,1.1208499670028689,0.001905377916114892,1
2019-08-13,1.1218308210372925,1.117817997932434,1.1228259801864624,1.1218308210372925,0.000875098419323983,0
2019-08-14,1.1177555322647097,1.1139951944351196,1.1191002130508425,1.1177055835723877,-0.0036772366987478655,0
2019-08-15,1.114504098892212,1.1095577478408811,1.1158995628356934,1.1143302917480469,-0.003019839816450376,0
2019-08-16,1.1111358404159546,1.1067456007003784,1.1113580465316772,1.1113580465316772,-0.002667292846995184,0
2019-08-19,1.109385371208191,1.108819603919983,1.1110000610351562,1.109385371208191,-0.0017750133088455522,0
2019-08-20,1.1082541942596436,1.1068925857543943,1.1099001169204712,1.1083157062530518,-0.000964196016010388,1
2019-08-21,1.1098532676696775,1.1088809967041016,1.1107407808303833,1.1097793579101562,0.0013206089644373087,0
2019-08-22,1.1090408563613892,1.1064517498016355,1.1114000082015991,1.10907781124115,-0.000632149682732841,0
2019-08-23,1.1083279848098757,1.105299711227417,1.1149004697799685,1.108401656150818,-0.000609655232012174,1
2019-08-26,1.1143054962158203,1.110839605331421,1.1152499914169312,1.1143054962158203,0.005326444644177641,0
2019-08-27,1.110111951828003,1.1088809967041016,1.1118524074554443,1.1103708744049072,-0.0035310081699094775,0
2019-08-28,1.109004020690918,1.107444167137146,1.1100010871887207,1.109004020690918,-0.0012309884431378482,0
2019-08-29,1.1085368394851685,1.1056197881698608,1.1090162992477417,1.1085859537124634,-0.0003769751693002421,0
2019-08-30,1.1059622764587402,1.0987199544906616,1.1061947345733645,1.1061947345733645,-0.0021569993116826724,0
2019-09-02,1.0990943908691406,1.0958784818649292,1.0997470617294312,1.099178910255432,-0.006342304929374376,0
2019-09-03,1.096731662750244,1.0930395126342771,1.0977309942245483,1.0968520641326904,-0.0021168948030496626,1
2019-09-04,1.0973576307296753,1.0972732305526731,1.103499412536621,1.0974539518356323,0.0005487410040276863,1
2019-09-05,1.1037527322769165,1.1018311977386477,1.1082788705825806,1.10349702835083,0.0055064510953648504,1
2019-09-06,1.1036310195922852,1.1021226644515991,1.10574209690094,1.1036310195922852,0.00012142419781158154,0
2019-09-09,1.102074146270752,1.1016126871109009,1.106525182723999,1.1020619869232178,-0.0014217004063976635,1
2019-09-10,1.1047282218933103,1.1031805276870728,1.1059499979019165,1.1048381328582764,0.0025190469937259596,1
2019-09-11,1.1049723625183103,1.0986233949661257,1.1058276891708374,1.1050333976745603,0.00017673613036772728,0
2019-09-12,1.1014429330825806,1.0929558277130127,1.1077508926391602,1.101345777511597,-0.00333711195582298,1
2019-09-13,1.105766534805298,1.105766534805298,1.110913634300232,1.1058276891708374,0.004069486396331534,1
2019-09-16,1.1084139347076416,1.099493145942688,1.108426213264465,1.1083402633666992,0.0022721208923117686,0
2019-09-17,1.1004005670547483,1.0992876291275024,1.1068068742752075,1.100594401359558,-0.006988703977614419,1
2019-09-18,1.1074320077896118,1.1037527322769165,1.1077877283096311,1.1074687242507937,0.0062460093225475966,0
2019-09-19,1.1031439304351809,1.102353572845459,1.107499361038208,1.1031439304351809,-0.0039051159828811244,1
2019-09-20,1.1046061515808103,1.0998800992965698,1.106899976730347,1.1048502922058103,0.0015468169869332637,0
2019-09-23,1.1019526720046997,1.0968279838562012,1.102803349494934,1.1019041538238523,-0.0026665498509088614,0
2019-09-24,1.0993722677230835,1.0985147953033447,1.1013944149017334,1.0993722677230835,-0.002297737141640277,1
2019-09-25,1.1015641689300537,1.094834566116333,1.1019283533096311,1.1016855239868164,0.0021041610122873866,0
2019-09-26,1.0951822996139526,1.092514157295227,1.096731662750244,1.0952903032302856,-0.005804942170237082,0
2019-09-27,1.0923112630844116,1.0905839204788208,1.095842361450195,1.0922753810882568,-0.002752623786713926,1
2019-09-30,1.0941636562347412,1.088767170906067,1.0948106050491333,1.0942714214324951,0.0018274149347297097,0
2019-10-01,1.0899182558059692,1.0881510972976685,1.093732833862305,1.0899657011032104,-0.003934782765000033,1
2019-10-02,1.0935415029525757,1.090524435043335,1.0957943201065063,1.0934937000274658,0.003236798112715489,1
2019-10-03,1.096202731132507,1.0941877365112305,1.0998317003250122,1.0963709354400637,0.002631231814619106,1
2019-10-04,1.0974900722503662,1.0959144830703735,1.0992271900177002,1.0975382328033447,0.0010646919993482218,1
2019-10-07,1.098659634590149,1.0963709354400637,1.1001100540161133,1.098659634590149,0.0010217427997381012,0
2019-10-08,1.0972732305526731,1.094666838645935,1.0998003482818604,1.0972130298614502,-0.0013166996248463736,0
2019-10-09,1.0960224866867063,1.095554232597351,1.0991994142532349,1.0960105657577517,-0.0010959258329719113,1
2019-10-10,1.098587155342102,1.0980443954467771,1.1033873558044434,1.098780393600464,0.002527190822104286,1
2019-10-11,1.1014429330825806,1.1003884077072144,1.1061996221542358,1.1011033058166504,0.0021140823313881008,1
2019-10-14,1.1028155088424685,1.1015156507492063,1.104300022125244,1.1030004024505615,0.0017229052205089967,0
2019-10-15,1.1025844812393188,1.0992755889892578,1.1045451164245603,1.1029006242752075,-9.046068807616603e-05,1
2019-10-16,1.103399634361267,1.102353572845459,1.1076282262802124,1.1034727096557615,0.0005187098166072879,1
2019-10-17,1.1074295043945312,1.1065863370895386,1.1139951944351196,1.107493281364441,0.0036435624311303982,1
2019-10-18,1.1127183437347412,1.1115063428878784,1.1161960363388062,1.1127183437347412,0.00471791789460152,1
2019-10-21,1.1156107187271118,1.1140000820159912,1.118067979812622,1.1155734062194824,0.0025658447178631416,0
2019-10-22,1.115200161933899,1.1124708652496338,1.116071343421936,1.1151753664016724,-0.0003568028922085187,0
2019-10-23,1.1129660606384275,1.1108025312423706,1.1133378744125366,1.112928867340088,-0.002014480528594542,1
2019-10-24,1.1132633686065674,1.109385371208191,1.1165698766708374,1.1132385730743408,0.00027827990030759864,0
2019-10-25,1.1104449033737185,1.10804545879364,1.1125946044921875,1.1103955507278442,-0.0025538302527958745,0
2019-10-28,1.1084753274917605,1.107714056968689,1.1106668710708618,1.108426213264465,-0.001773545888299255,1
2019-10-29,1.1102476119995115,1.1075055599212646,1.1118770837783811,1.1099148988723757,0.0013430624340129427,1
2019-10-30,1.111222267150879,1.1103339195251465,1.1125946044921875,1.1114816665649414,0.0014116106506520953,1
2019-10-31,1.1154240369796753,1.113374948501587,1.1176930665969849,1.1154489517211914,0.0035693662573050844,1
2019-11-01,1.1156107187271118,1.1130775213241575,1.1174432039260864,1.1157102584838867,0.0002342615162191919,1
2019-11-04,1.1169440746307373,1.114199995994568,1.1177005767822266,1.1166571378707886,0.0008486785701768973,0
2019-11-05,1.1128298044204712,1.1064640283584597,1.1138995885849,1.1128545999526978,-0.0034052868952607618,0
2019-11-06,1.107444167137146,1.1067456007003784,1.1095085144042969,1.107419729232788,-0.0048837204070870666,0
2019-11-07,1.1070642471313477,1.1038014888763428,1.109139323234558,1.1070396900177002,-0.0003431754059061154,0
2019-11-08,1.103460431098938,1.1017802953720093,1.103813648223877,1.1019697189331057,-0.004579755477884806,1
2019-11-11,1.102280616760254,1.101722002029419,1.1043622493743896,1.102244257926941,0.00024913478938515254,1
2019-11-12,1.1034847497940063,1.1003884077072144,1.1041183471679688,1.1035456657409668,0.001180689130078516,0
2019-11-13,1.1012123823165894,1.1001100540161133,1.1020498275756836,1.1012367010116575,-0.00209231461913173,1
2019-11-14,1.1008729934692385,1.0990822315216064,1.1017826795578003,1.101321578025818,7.707426939429496e-05,1
2019-11-15,1.102292776107788,1.1015278100967407,1.1055831909179688,1.1020498275756836,0.0006612505960075232,1
2019-11-18,1.1053999662399292,1.1053999662399292,1.1090999841690063,1.105509877204895,0.0031396489910286984,1
2019-11-19,1.1072235107421875,1.1064271926879885,1.1085245609283447,1.1072357892990112,0.0015611910211783542,1
2019-11-20,1.108033299446106,1.1053632497787476,1.1082788705825806,1.1080001592636108,0.000690340731384298,0
2019-11-21,1.107898235321045,1.106378197669983,1.1096439361572266,1.1078859567642212,-0.00010307083300920006,0
2019-11-22,1.1065618991851809,1.102864146232605,1.1078613996505735,1.1065863370895386,-0.0011730626846091496,0
2019-11-25,1.1024142503738403,1.100618600845337,1.1033873558044434,1.1022562980651855,-0.003912969895997098,0
2019-11-26,1.1012003421783447,1.1008002758026123,1.102657437324524,1.1014429330825806,-0.0007379091269722471,1
2019-11-27,1.1022076606750488,1.09933602809906,1.1022562980651855,1.1022562980651855,0.0007384540389474559,0
2019-11-28,1.1006064414978027,1.100158452987671,1.1019283533096311,1.1004853248596191,-0.001606680051341125,1
2019-11-29,1.1011276245117188,1.0982855558395386,1.102669596672058,1.101176142692566,0.000627739250439241,1
2019-12-02,1.101770520210266,1.1003763675689695,1.1089179515838623,1.1019041538238523,0.0006611214165122004,1
2019-12-03,1.1076037883758545,1.1066476106643677,1.1092623472213743,1.1079105138778689,0.005450891561823434,1
2019-12-04,1.1081806421279907,1.1067945957183838,1.1113457679748535,1.1085245609283447,0.0005542388512287388,0
2019-12-05,1.1082665920257568,1.1079963445663452,1.1104941368103027,1.108303427696228,-0.00019948428741312085,1
2019-12-06,1.1104201078414917,1.1042280197143557,1.1112345457077026,1.1105434894561768,0.002021162890928796,0
2019-12-09,1.105780005455017,1.1053999662399292,1.108033299446106,1.105888843536377,-0.004191322504694672,1
2019-12-10,1.1064517498016355,1.106353759765625,1.1097548007965088,1.106499433517456,0.0005521259976966064,1
2019-12-11,1.109385371208191,1.107174515724182,1.1098779439926147,1.1092746257781982,0.002508082857232141,1
2019-12-12,1.1133253574371338,1.1111851930618286,1.1153370141983032,1.1135857105255127,0.0038863998572851166,1
2019-12-13,1.1183431148529053,1.111889362335205,1.1186933517456057,1.1186057329177856,0.004507980252282495,0
2019-12-16,1.1125203371047974,1.1123470067977903,1.115785002708435,1.1124460697174072,-0.005506554292647348,1
2019-12-17,1.113709807395935,1.113089919090271,1.1173185110092163,1.1136974096298218,0.0011248544504565139,1
2019-12-18,1.1151504516601562,1.1111358404159546,1.1151504516601562,1.115138053894043,0.0012935688381461308,0
2019-12-19,1.1115927696228027,1.110987663269043,1.1142433881759644,1.1115927696228027,-0.0031792335118151493,1
2019-12-20,1.112371802330017,1.1074320077896118,1.1125946044921875,1.1125946044921875,0.0009012606925509203,0
2019-12-23,1.1079840660095217,1.107149958610535,1.1097548007965088,1.1079840660095217,-0.004143951861756645,1
2019-12-24,1.1092993021011353,1.1070642471313477,1.1097548007965088,1.109385371208191,0.0012647340712363953,0
2019-12-25,1.109139323234558,1.1077877283096311,1.110864281654358,1.1090162992477417,-0.00033268147392939706,1
2019-12-26,1.1095085144042969,1.1082788705825806,1.1104941368103027,1.1095454692840576,0.00047715262316239127,1
2019-12-27,1.1101243495941162,1.1099998950958252,1.118067979812622,1.110111951828003,0.000510553699354821,1
2019-12-30,1.1181554794311523,1.1181554794311523,1.1220699548721311,1.1182304620742798,0.007313235600164614,1
2019-12-31,1.1204482316970823,1.1200717687606812,1.1241008043289185,1.120229721069336,0.0017878774213926363,1
2020-01-01,1.1220825910568235,1.115946888923645,1.1228384971618652,1.1220825910568235,0.0016540089524841317,0
2020-01-02,1.1218937635421753,1.116682052612305,1.12271249294281,1.1220825910568235,0.0,0
2020-01-03,1.1170812845230105,1.112569808959961,1.118067979812622,1.1171437501907349,-0.004401494957191221,0
2020-01-06,1.1162458658218384,1.1158099174499512,1.120824933052063,1.1161960363388062,-0.0008483365294456036,1
2020-01-07,1.1195825338363647,1.1134865283966064,1.1199462413787842,1.1197994947433472,0.003228338291148658,0
2020-01-08,1.1155734062194824,1.111086368560791,1.1165200471878052,1.1154738664627075,-0.0038628596467005227,0
2020-01-09,1.1114444732666016,1.1095085144042969,1.1122233867645264,1.1113210916519165,-0.0037228795184237606,0
2020-01-10,1.1109259128570557,1.108622908592224,1.1120996475219729,1.1111111640930176,-0.0001888991043865751,1
2020-01-13,1.1116546392440796,1.1114075183868408,1.114466905593872,1.111666917800903,0.0005001783132465576,1
2020-01-14,1.1134493350982666,1.11055588722229,1.1145787239074707,1.1135733127593994,0.0017148976262311155,0
2020-01-15,1.1129660606384275,1.112025499343872,1.1163455247879028,1.113089919090271,-0.00043409236158020725,1
2020-01-16,1.1152697801589966,1.112978458404541,1.117193579673767,1.1154004335403442,0.0020757662165888924,0
2020-01-17,1.113800287246704,1.1087580919265747,1.1145004034042358,1.1139578819274902,-0.0012933037942931547,0
2020-01-20,1.1095207929611206,1.1077508926391602,1.1104941368103027,1.1094592809677124,-0.004038394119527999,1
2020-01-21,1.1096439361572266,1.1086474657058716,1.1119760274887085,1.109693169593811,0.00021081316828008845,0
2020-01-22,1.1085859537124634,1.1071622371673584,1.1097793579101562,1.108561396598816,-0.0010198972346647794,1
2020-01-23,1.1097548007965088,1.1037039756774902,1.1103215217590332,1.1096439361572266,0.0009765264799332929,0
2020-01-24,1.105534315109253,1.1021226644515991,1.1060845851898191,1.1055220365524292,-0.0037146146349177345,0
2020-01-27,1.1026331186294556,1.1010063886642456,1.103996515274048,1.102535843849182,-0.002701160722729412,0
2020-01-28,1.101964831352234,1.099855899810791,1.102657437324524,1.101976990699768,-0.0005068798012614062,1
2020-01-29,1.102292776107788,1.099323868751526,1.1030223369598389,1.1022562980651855,0.0002534602516883755,0
2020-01-30,1.101406455039978,1.1008244752883911,1.1036553382873535,1.1016855239868164,-0.000517823376805393,1
2020-01-31,1.1028763055801392,1.1017948389053345,1.1090162992477417,1.1029127836227417,0.001113983627091697,1
2020-02-03,1.108905553817749,1.104349970817566,1.1089794635772705,1.1089794635772705,0.0055005980931706056,0
2020-02-04,1.1062926054000854,1.1033873558044434,1.1065618991851809,1.1062926054000854,-0.002422820498873768,0
2020-02-05,1.104472041130066,1.0998317003250122,1.1048502922058103,1.1047282218933103,-0.0014140775226544333,0
2020-02-06,1.1000494956970217,1.0965512990951538,1.1012852191925049,1.100231051445007,-0.0040708387449320815,0
2020-02-07,1.0981045961380005,1.0946906805038452,1.0986994504928589,1.0982975959777832,-0.0017573176694881676,0
2020-02-10,1.0948705673217771,1.090959906578064,1.0961307287216189,1.0949305295944214,-0.0030657140611913825,0
2020-02-11,1.091226577758789,1.089348316192627,1.0927003622055054,1.0913456678390503,-0.0032740540687078434,1
2020-02-12,1.0921800136566162,1.0887079238891602,1.0924997329711914,1.091941475868225,0.0005459388777842022,0
2020-02-13,1.0876421928405762,1.0835527181625366,1.0890873670578003,1.0875948667526243,-0.003980624613736494,0
2020-02-14,1.0845986604690552,1.0831302404403689,1.0862481594085691,1.0845986604690552,-0.00275489189509992,0
2020-02-17,1.0840578079223633,1.0830246210098269,1.0854003429412842,1.0841753482818604,-0.00039029385027244956,0
2020-02-18,1.0837054252624512,1.078690528869629,1.0840108394622805,1.0840108394622805,-0.00015173635873622082,0
2020-02-19,1.0794706344604492,1.078360080718994,1.0808473825454712,1.079540491104126,-0.004123896362855595,1
2020-02-20,1.080964207649231,1.0779578685760498,1.0821000337600708,1.081009864807129,0.0013611103197250785,0
2020-02-21,1.078771948814392,1.078771948814392,1.0863661766052246,1.078799843788147,-0.002044404117788723,1
2020-02-24,1.0838581323623655,1.0808473825454712,1.0863661766052246,1.0839051008224487,0.004732348696283584,1
2020-02-25,1.084904670715332,1.083177089691162,1.088174819946289,1.0849199295043943,0.0009362707871525267,1
2020-02-26,1.0881001949310305,1.085564136505127,1.090358018875122,1.0881996154785156,0.003022975138468942,1
2020-02-27,1.088565707206726,1.088565707206726,1.1005700826644895,1.088589429855347,0.00035821955024295526,1
2020-02-28,1.0995535850524902,1.095158338546753,1.10527765750885,1.0997228622436523,0.010227393434993015,1
2020-03-02,1.1052532196044922,1.103728413581848,1.116407871246338,1.1051311492919922,0.00491786361275226,1
2020-03-03,1.1144297122955322,1.1097301244735718,1.120749592781067,1.114404797554016,0.008391445909351924,1
2020-03-04,1.1177304983139038,1.109693169593811,1.1185681819915771,1.118067979812622,0.003287119964528573,0
2020-03-05,1.113908290863037,1.1121737957000732,1.1204482316970823,1.113908290863037,-0.0037204257922510697,1
2020-03-06,1.1223849058151243,1.1213905811309814,1.135473370552063,1.1223849058151243,0.007609796086103016,1
2020-03-09,1.1386150121688845,1.1356796026229858,1.1495838165283203,1.1386020183563232,0.014448797785124645,1
2020-03-10,1.1397439241409302,1.1334141492843628,1.1422958374023438,1.139796018600464,0.0010486546000194608,0
2020-03-11,1.1316184997558594,1.1259005069732666,1.1365960836410522,1.1316505670547483,-0.007146411649794571,0
2020-03-12,1.1260753870010376,1.1080824136734009,1.1332857608795166,1.1261515617370603,-0.004859278542138523,0
2020-03-13,1.118355631828308,1.1065373420715332,1.1221328973770142,1.1184931993484497,-0.006800472200027663,0
2020-03-16,1.115959405899048,1.1088687181472778,1.1235400438308716,1.115536093711853,-0.0026438297866444582,1
2020-03-17,1.1163331270217896,1.0957943201065063,1.1189061403274536,1.1163206100463867,0.0007032639633588467,0
2020-03-18,1.1016855239868164,1.0831888914108276,1.1045000553131104,1.101552128791809,-0.013229605475047146,0
2020-03-19,1.0943433046340942,1.0697933435440063,1.0961546897888184,1.0961546897888184,-0.0048998489149221225,0
2020-03-20,1.0658481121063232,1.0654505491256714,1.0829894542694092,1.0657345056533811,-0.027751725571960928,1
2020-03-23,1.0687528848648071,1.0660412311553955,1.0824854373931885,1.0694386959075928,0.0034757157946581074,1
2020-03-24,1.0764726400375366,1.0753382444381714,1.0888501405715942,1.0764610767364502,0.006566417369906263,1
2020-03-25,1.0801235437393188,1.0770175457000732,1.0849517583847046,1.080263614654541,0.003532443485666059,1
2020-03-26,1.0887553691864014,1.0876539945602417,1.1025480031967163,1.0889569520950315,0.008047422242644542,1
2020-03-27,1.1046184301376345,1.0955182313919067,1.1086474657058716,1.1048258543014526,0.014572570730083667,1
2020-03-30,1.1135361194610596,1.1012245416641235,1.113908290863037,1.113908290863037,0.008220695167680647,0
2020-03-31,1.1028398275375366,1.092967867851257,1.1043622493743896,1.1030466556549072,-0.00975092410858569,0
2020-04-01,1.1028155088424685,1.0918699502944946,1.1037527322769165,1.102657437324524,-0.0003528575408736634,0
2020-04-02,1.0950982570648191,1.0844340324401855,1.0962989330291748,1.0953621864318848,-0.006616062836650616,0
2020-04-03,1.084386944770813,1.0776199102401731,1.085894227027893,1.0847399234771729,-0.009697489183293495,0
2020-04-06,1.0808240175247192,1.0769248008728027,1.083435297012329,1.0806955099105835,-0.003728463827186168,0
2020-04-07,1.0801936388015747,1.0791398286819458,1.0923351049423218,1.0803803205490112,-0.0002916541788892113,1
2020-04-08,1.0894314050674438,1.083177089691162,1.0896213054656982,1.0895144939422607,0.008454590683961927,0
2020-04-09,1.0861183404922483,1.0841801166534424,1.0943553447723389,1.0863661766052246,-0.0028896516334027122,1
2020-04-10,1.0925976037979126,1.0921083688735962,1.0954102277755735,1.0927408933639526,0.00586792639167788,1
2020-04-13,1.093135118484497,1.089360237121582,1.0968520641326904,1.0932666063308716,0.00048109572004806367,0
2020-04-14,1.0919533967971802,1.0915720462799072,1.0983941555023191,1.0922993421554563,-0.0008847468401705916,1
2020-04-15,1.0982372760772705,1.0857645273208618,1.0989010334014893,1.098538875579834,0.005712292577293887,0
2020-04-16,1.090381741523743,1.0829660892486572,1.0907741785049438,1.0905101299285889,-0.007308567616241546,0
2020-04-17,1.0860122442245483,1.0812681913375854,1.0893245935440063,1.0858471393585205,-0.004275971806308454,1
2020-04-20,1.0866258144378662,1.084304690361023,1.0897043943405151,1.0866966247558594,0.0007823250313490071,0
2020-04-21,1.0863542556762695,1.081794500350952,1.0879971981048584,1.0864840745925903,-0.00019559291749593477,0
2020-04-22,1.0857409238815308,1.0824267864227295,1.0883169174194336,1.0856467485427856,-0.0007706749407427882,0
2020-04-23,1.0806838274002075,1.0758357048034668,1.0843987464904783,1.080964207649231,-0.004313134912290573,0
2020-04-24,1.0776326656341553,1.0727657079696655,1.0817711353302002,1.077702283859253,-0.0030176057328222816,1
2020-04-27,1.08236825466156,1.081221342086792,1.0860357284545898,1.08236825466156,0.004329554527432444,1
2020-04-28,1.082719802856445,1.0811277627944946,1.0889687538146973,1.0824854373931885,0.00010826512245132314,1
2020-04-29,1.0832358598709106,1.0831655263900757,1.0874292850494385,1.0836584568023682,0.0010836352792000792,1
2020-04-30,1.0876659154891968,1.083564519882202,1.0969964265823364,1.087725043296814,0.003752645927246556,1
2020-05-01,1.094475030899048,1.0935415029525757,1.101624846458435,1.094546914100647,0.006271686807133081,1
2020-05-04,1.0957462787628174,1.0901321172714231,1.0959625244140625,1.0959625244140625,0.0012933299570614398,0
2020-05-05,1.090453028678894,1.0826963186264038,1.092132329940796,1.0904293060302734,-0.005048729550992004,0
2020-05-06,1.0840108394622805,1.0784229040145874,1.084481120109558,1.0838581323623655,-0.00602622621344473,0
2020-05-07,1.0800535678863523,1.0767507553100586,1.08157217502594,1.0798553228378296,-0.0036931120457724953,1
2020-05-08,1.0836936235427856,1.0816305875778198,1.0873347520828247,1.0837171077728271,0.0035762058614008385,1
2020-05-11,1.0840108394622805,1.0804269313812256,1.0853049755096436,1.0839520692825315,0.00021681074149260127,0
2020-05-12,1.080917477607727,1.078539252281189,1.08804452419281,1.080940842628479,-0.0027780072010431534,1
2020-05-13,1.0846339464187622,1.0831419229507446,1.089336395263672,1.0846810340881348,0.003460125949687365,0
2020-05-14,1.0821925401687622,1.0776559114456177,1.0824854373931885,1.08236825466156,-0.0021322207671115034,0
2020-05-15,1.0806254148483276,1.079086184501648,1.0849517583847046,1.0806955099105835,-0.0015454488283191958,1
2020-05-18,1.081946611404419,1.0800886154174805,1.0912741422653198,1.0821340084075928,0.0013310858459365527,1
2020-05-19,1.0915838479995728,1.090274691581726,1.0975141525268557,1.0915124416351318,0.00866660982343559,1
2020-05-20,1.0930156707763672,1.0927767753601074,1.0999042987823486,1.0927767753601074,0.0011583319408448034,1
2020-05-21,1.097935914993286,1.093948245048523,1.1008729934692385,1.0982975959777832,0.00505210281016133,0
2020-05-22,1.095242261886597,1.0886130332946775,1.0955302715301514,1.0952903032302856,-0.002738140153006774,0
2020-05-25,1.0909050703048706,1.0872046947479248,1.0914647579193115,1.0907801389694214,-0.004117779777254138,0
2020-05-26,1.0901083946228027,1.0898351669311523,1.0991548299789429,1.0902997255325315,-0.00044043104538349365,1
2020-05-27,1.098056435585022,1.093661189079285,1.1029858589172363,1.0981770753860474,0.007224939774857164,1
2020-05-28,1.1015278100967407,1.0993118286132812,1.1071866750717163,1.1016855239868164,0.0031947931525848627,1
2020-05-29,1.1078122854232788,1.1070396900177002,1.114466905593872,1.1079105138778689,0.005650423605935373,1
2020-06-01,1.1114568710327148,1.1101489067077637,1.115200161933899,1.1118524074554443,0.0035579530369995727,1
2020-06-02,1.1125574111938477,1.1115680932998655,1.1195701360702517,1.1125946044921875,0.0006675319779554378,1
2020-06-03,1.1185681819915771,1.118105411529541,1.1249985694885254,1.118943691253662,0.005706559007063072,1
2020-06-04,1.123721718788147,1.1195951700210571,1.1360538005828855,1.1235954761505127,0.0041573002584596175,1
2020-06-05,1.1337226629257202,1.1285662651062012,1.1383945941925049,1.1337867975234983,0.009070276259834698,0
2020-06-08,1.1316057443618774,1.126950979232788,1.1319515705108645,1.1319515705108645,-0.0016186702973103317,0
2020-06-09,1.1302883625030518,1.1243661642074585,1.1363377571105957,1.1305567026138306,-0.001232268175929474,1
2020-06-10,1.1334141492843628,1.1332215070724487,1.1388872861862185,1.1332215070724487,0.002357072805333038,1
2020-06-11,1.1368675231933594,1.1326054334640503,1.1400169134140017,1.1365444660186768,0.0029323119315063373,0
2020-06-12,1.1289358139038086,1.1234692335128784,1.1339796781539917,1.1288082599639893,-0.006806778164859195,0
2020-06-15,1.1254163980484009,1.1228764057159424,1.12920343875885,1.1252011060714722,-0.003195541723474027,1
2020-06-16,1.13379967212677,1.1231664419174194,1.1349835395812988,1.1337740421295166,0.007619025622873643,0
2020-06-17,1.12649405002594,1.1210259199142456,1.1296881437301636,1.1265701055526731,-0.006353943827566044,0
2020-06-18,1.1241259574890137,1.1204607486724854,1.1262530088424685,1.1242902278900146,-0.0020237334999583245,0
2020-06-19,1.1207244396209717,1.1173933744430542,1.1252998113632202,1.1211000680923462,-0.002837487793214688,0
2020-06-22,1.1179429292678833,1.1175556182861328,1.126773238182068,1.1177555322647097,-0.0029832625318875206,1
2020-06-23,1.1277135610580444,1.1234314441680908,1.1348998546600342,1.1279679536819458,0.009136542940247905,1
2020-06-24,1.1313625574111938,1.1259866952896118,1.1326310634613037,1.1312345266342163,0.002895980281716115,0
2020-06-25,1.1251378059387207,1.119144082069397,1.1259993314743042,1.1250872611999512,-0.005434121121245528,0
2020-06-26,1.1220825910568235,1.1197832822799685,1.1238985061645508,1.1222084760665894,-0.00255872164999138,1
2020-06-29,1.1224100589752195,1.1220574378967283,1.1289230585098269,1.1225864887237549,0.000336847087887282,1
2020-06-30,1.124707579612732,1.1192318201065063,1.126164197921753,1.1247202157974243,0.0019007239932979925,0
2020-07-01,1.123368263244629,1.1189186573028564,1.1274592876434326,1.1235954761505127,-0.0010000172763980908,1
2020-07-02,1.1253403425216677,1.1227755546569824,1.1303266286849976,1.1251378059387207,0.0013726735475050322,0
2020-07-03,1.123974323272705,1.122107744216919,1.125112533569336,1.1237848997116089,-0.0012024360215885377,1
2020-07-06,1.1248847246170044,1.1247202157974243,1.134687423706055,1.1247202157974243,0.0008322910247819948,1
2020-07-07,1.131029725074768,1.126037359237671,1.1336582899093628,1.1312856674194336,0.005837408743786465,0
2020-07-08,1.1272813081741333,1.1265194416046145,1.1345586776733398,1.1275228261947632,-0.0033261636145835993,1
2020-07-09,1.1337867975234983,1.128795504570007,1.137268304824829,1.1339154243469238,0.0056695953320384795,0
2020-07-10,1.1289230585098269,1.1257203817367554,1.1324771642684937,1.128795504570007,-0.004515257193776656,1
2020-07-13,1.1308763027191162,1.130454421043396,1.1370484828948977,1.1310042142868042,0.0019566960604069372,1
2020-07-14,1.1345844268798828,1.1326310634613037,1.140706181526184,1.134549617767334,0.003134739407461451,1
2020-07-15,1.141083598136902,1.1393544673919678,1.1452995538711548,1.1410704851150513,0.005747538270340025,1
2020-07-16,1.141734957695007,1.1379542350769043,1.1442996263504028,1.1417193412780762,0.0005686381091167814,0
2020-07-17,1.1386499404907229,1.137889385223389,1.144164800643921,1.139211654663086,-0.0021964124845104127,1
2020-07-20,1.1439553499221802,1.1405240297317505,1.1467890739440918,1.1442956924438477,0.004462768406512829,1
2020-07-21,1.1457641124725342,1.1426221132278442,1.1498006582260132,1.1458691358566284,0.001375032190692238,1
2020-07-22,1.1535090208053589,1.1508538722991943,1.160092830657959,1.15340256690979,0.006574425313873089,1
2020-07-23,1.156671166419983,1.15421462059021,1.1624257564544678,1.1568717956542969,0.0030078212447555153,1
2020-07-24,1.1595009565353394,1.1581714153289795,1.164008855819702,1.1596084833145142,0.00236559286041671,1
2020-07-27,1.1652567386627195,1.1652567386627195,1.1779533624649048,1.1652567386627195,0.004870829620063688,1
2020-07-28,1.1766505241394043,1.1700997352600098,1.1775789260864258,1.1769275665283203,0.01001567077740706,0
2020-07-29,1.17205810546875,1.1714951992034912,1.1778993606567385,1.171879529953003,-0.004289165041998277,1
2020-07-30,1.1786893606185913,1.17326819896698,1.1807351112365725,1.1782865524291992,0.005467304712160281,1
2020-07-31,1.1873664855957031,1.180261254310608,1.1907994747161863,1.1872254610061646,0.007586362212601561,0
2020-08-03,1.1784114837646484,1.1701380014419556,1.17875874042511,1.1782310009002686,-0.0075760337032135805,0
2020-08-04,1.1760554313659668,1.1724153757095337,1.180498123168945,1.1763322353363037,-0.0016115393013034218,1
2020-08-05,1.1814883947372437,1.1799967288970947,1.190532922744751,1.181544303894043,0.004430779333569168,1
2020-08-06,1.1873664855957031,1.182075023651123,1.1911852359771729,1.187281847000122,0.0048559695029375405,1
2020-08-07,1.187507390975952,1.1756545305252075,1.1883541345596311,1.1876484155654907,0.0003087460372570572,0
2020-08-10,1.1782448291778564,1.174300193786621,1.1801999807357788,1.178272724151611,-0.007894332439634888,0
2020-08-11,1.1737639904022217,1.1723191738128662,1.180498123168945,1.1737778186798096,-0.0038148260412613766,0
2020-08-12,1.1739845275878906,1.1713030338287354,1.181265115737915,1.1736538410186768,-0.00010562276706871376,1
2020-08-13,1.1796486377716064,1.179380178451538,1.186400055885315,1.179380178451538,0.00487906845504904,1
2020-08-14,1.1818934679031372,1.178467035293579,1.183800458908081,1.1816558837890625,0.001929577399301552,1
2020-08-17,1.185044765472412,1.183039903640747,1.1880717277526855,1.1852554082870483,0.003046169826061096,1
2020-08-18,1.187930703163147,1.1875356435775757,1.1965157985687256,1.1876484155654907,0.002018980265106496,1
2020-08-19,1.1947288513183594,1.1893434524536133,1.1954572200775146,1.1947859525680542,0.006009806361055858,0
2020-08-20,1.184174656867981,1.1806515455245972,1.1868449449539185,1.1843500137329102,-0.008734567738023058,1
2020-08-21,1.1870845556259155,1.1754900217056274,1.1886366605758667,1.1873664855957031,0.002546942903547178,0
2020-08-24,1.1799131631851196,1.1786198616027832,1.1852554082870483,1.1798018217086792,-0.006370959580544899,0
2020-08-25,1.179523468017578,1.178480863571167,1.184413194656372,1.1794538497924805,-0.0002949409890677934,1
2020-08-26,1.1833338737487793,1.1776067018508911,1.1839923858642578,1.183501958847046,0.0034321894453757107,1
2020-08-27,1.1840205192565918,1.1766228675842283,1.189852952957153,1.1842728853225708,0.000651394338439415,0
2020-08-28,1.1820470094680786,1.1811953783035278,1.1920371055603027,1.1819632053375244,-0.0019502937318516267,1
2020-08-31,1.1916537284851074,1.188509464263916,1.1963582038879397,1.1918240785598757,0.008342792041090119,1
2020-09-01,1.1939157247543335,1.1937304735183716,1.2011290788650513,1.193901538848877,0.0017430930674864342,0
2020-09-02,1.1923072338104248,1.182410478591919,1.1924351453781128,1.1923214197158811,-0.0013234919979409066,0
2020-09-03,1.1845955848693848,1.1789672374725342,1.184805989265442,1.184735894203186,-0.006361980408355561,0
2020-09-04,1.184370994567871,1.178175449371338,1.186352252960205,1.1839784383773804,-0.0006393457221240961,0
2020-09-07,1.183656096458435,1.181376814842224,1.1848621368408203,1.183445930480957,-0.00044976148142794603,0
2020-09-08,1.181921362876892,1.1767197847366333,1.1828720569610596,1.182172775268555,-0.0010758034478893785,0
2020-09-09,1.1769136190414429,1.175364375114441,1.183053970336914,1.177024483680725,-0.004354940069280722,1
2020-09-10,1.1806375980377195,1.1802891492843628,1.1914690732955933,1.1806375980377195,0.0030697019536038983,1
2020-09-11,1.1826202869415283,1.1824384927749634,1.1876484155654907,1.1824384927749634,0.001525357772983904,1
2020-09-14,1.184356927871704,1.1833059787750244,1.188800573348999,1.1842728853225708,0.0015513640318849387,1
2020-09-15,1.186690092086792,1.1841466426849363,1.1900993585586548,1.187000036239624,0.0023028061782486287,0
2020-09-16,1.1842728853225708,1.1814604997634888,1.1883004903793335,1.1844412088394165,-0.0021557096226498818,0
2020-09-17,1.1804285049438477,1.1741636991500854,1.1830118894577026,1.1803449392318726,-0.003458398421950948,1
2020-09-18,1.1852554082870483,1.1831238269805908,1.1871000528335571,1.1848200559616089,0.0037913635082373887,0
2020-09-21,1.1845533847808838,1.17326819896698,1.187300205230713,1.1845533847808838,-0.00022507314877340256,0
2020-09-22,1.1761800050735474,1.169344425201416,1.1773016452789309,1.176800012588501,-0.006545397017979959,0
2020-09-23,1.1707545518875122,1.1664936542510986,1.172000527381897,1.1708368062973022,-0.005067306447492315,0
2020-09-24,1.1661943197250366,1.16296648979187,1.168100118637085,1.1658544540405271,-0.004255377205412136,1
2020-09-25,1.1673650741577148,1.1613458395004272,1.168510913848877,1.1673243045806885,0.001260749603063438,0
2020-09-28,1.1635076999664309,1.1616694927215576,1.167965054512024,1.1635348796844482,-0.0032462486057818207,1
2020-09-29,1.1677740812301636,1.1666569709777832,1.1741636991500854,1.167883276939392,0.003737229825137023,1
2020-09-30,1.1742740869522097,1.168606519699097,1.1756407022476196,1.1742050647735596,0.005413030530529328,0
2020-10-01,1.1723741292953491,1.1718108654022217,1.1767003536224363,1.1726078987121582,-0.001360210502676873,1
2020-10-02,1.1744118928909302,1.1697137355804443,1.1747002601623535,1.1744946241378784,0.0016089994172752142,0
2020-10-05,1.172195553779602,1.1719304323196411,1.179662585258484,1.1720443964004517,-0.0020861974904528013,1
2020-10-06,1.178828239440918,1.1767336130142212,1.1807351112365725,1.1792453527450562,0.006143927966141716,0
2020-10-07,1.173736572265625,1.172540545463562,1.178139328956604,1.1737639904022217,-0.004648194991886068,1
2020-10-08,1.1765536069869995,1.173529863357544,1.178133845329285,1.176747441291809,0.0025417808980194856,0
2020-10-09,1.1767059564590454,1.1758756637573242,1.1824523210525513,1.1767003536224363,-4.0015102408919034e-05,1
2020-10-12,1.1813349723815918,1.1788004636764526,1.182732105255127,1.181683897972107,0.004235185563027155,0
2020-10-13,1.1814186573028564,1.1735711097717283,1.1816140413284302,1.1816140413284302,-5.911618479070846e-05,0
2020-10-14,1.1743981838226318,1.1721680164337158,1.177024483680725,1.1742188930511477,-0.006258514217526101,1
2020-10-15,1.17475688457489,1.1690163612365725,1.1760554313659668,1.1743981838226318,0.0001526893942391805,0
2020-10-16,1.1705764532089231,1.169494867324829,1.1746740341186523,1.1707134246826172,-0.003137572239784059,1
2020-10-19,1.1715638637542725,1.1704941987991333,1.179523468017578,1.171550154685974,0.0007147180392019781,1
2020-10-20,1.1768028736114502,1.1762629747390747,1.1839923858642578,1.176885962486267,0.0045544851656167396,1
2020-10-21,1.1829279661178589,1.1829279661178589,1.1882128715515137,1.1829839944839478,0.005181497776384436,1
2020-10-22,1.1851290464401243,1.1813349723815918,1.1869436502456665,1.1853959560394287,0.002038879280469974,0
2020-10-23,1.181404709815979,1.1788004636764526,1.1859582662582395,1.1815024614334106,-0.003284551955978321,1
2020-10-26,1.184834122657776,1.1804006099700928,1.1851009130477903,1.184848070144653,0.0028316561500714155,0
2020-10-27,1.180944323539734,1.179940938949585,1.183800458908081,1.180944323539734,-0.0032947233516972263,0
2020-10-28,1.17816162109375,1.1719304323196411,1.178828239440918,1.1784114837646484,-0.0021447579912098336,0
2020-10-29,1.1747430562973022,1.165623426437378,1.1759172677993774,1.1748672723770142,-0.003007617828291731,0
2020-10-30,1.1676785945892334,1.1643069982528689,1.1703435182571411,1.1678695678710938,-0.005956166003128649,0
2020-11-02,1.164252758026123,1.162439227104187,1.165699481964111,1.1642121076583862,-0.0031317368936795154,1
2020-11-03,1.1642799377441406,1.163805603981018,1.1741995811462402,1.1642799377441406,5.826265274877507e-05,1
2020-11-04,1.1764568090438845,1.1607661247253418,1.176885962486267,1.176221489906311,0.010256598756917423,0
2020-11-05,1.1729930639266968,1.171275615692139,1.1856770515441897,1.17326819896698,-0.0025108289252275817,1
2020-11-06,1.1814186573028564,1.1796208620071411,1.1890605688095093,1.1817537546157837,0.007232409142491791,1
2020-11-09,1.1893151998519895,1.179746150970459,1.1919234991073608,1.1893010139465332,0.006386490672249501,0
2020-11-10,1.1823265552520752,1.178078293800354,1.184356927871704,1.182732105255127,-0.005523335652097172,0
2020-11-11,1.1819632053375244,1.1747292280197144,1.1832919120788574,1.1818794012069702,-0.0007209612763262596,0
2020-11-12,1.1778701543807983,1.1759587526321411,1.182300090789795,1.1780297756195068,-0.003257206770447163,1
2020-11-13,1.1805260181427002,1.1799688339233398,1.1833899021148682,1.1803393363952637,0.0019605283529799955,1
2020-11-16,1.1844271421432495,1.1814744472503662,1.186873197555542,1.1845253705978394,0.0035464667435043395,1
2020-11-17,1.1859723329544067,1.1845533847808838,1.1892727613449097,1.1859441995620728,0.0011978037781641415,1
2020-11-18,1.186436653137207,1.1851149797439575,1.1891002655029297,1.186366319656372,0.000355935881684033,0
2020-11-19,1.1842869520187378,1.1817398071289062,1.1855363845825195,1.1847639083862305,-0.001350688437114167,1
2020-11-20,1.1867464780807495,1.185185194015503,1.1890889406204224,1.1866477727890017,0.0015900757859321768,0
2020-11-23,1.1865352392196655,1.1803170442581177,1.1905895471572876,1.1866477727890017,0.0,0
2020-11-24,1.1841803789138794,1.1838942766189575,1.1893858909606934,1.1842728853225708,-0.0020013415276962654,1
2020-11-25,1.1900511980056765,1.1882835626602173,1.192804932594299,1.1900511980056765,0.004879207110725758,1
2020-11-26,1.1917530298233032,1.1886931657791138,1.1940997838974,1.1920002698898315,0.001637805068741116,0
2020-11-27,1.1911852359771729,1.1910717487335205,1.1961865425109863,1.191599726676941,-0.00033602610922867093,1
2020-11-30,1.197074294090271,1.1944148540496826,1.2002063989639282,1.1971460580825806,0.004654525577231228,0
2020-12-01,1.1937732696533203,1.1935994625091553,1.2053565979003906,1.193816065788269,-0.0027816090374511715,1
2020-12-02,1.2069860696792605,1.2040793895721436,1.210741639137268,1.2074378728866575,0.011410306402095616,1
2020-12-03,1.2113430500030518,1.2102434635162354,1.2175003290176392,1.2114603519439695,0.0033314170009388633,1
2020-12-04,1.2145354747772217,1.2133712768554688,1.2177746295928955,1.2145650386810305,0.0025627638016210152,0
2020-12-07,1.2120624780654907,1.2080796957015991,1.2163525819778442,1.212135910987854,-0.001999998037004569,0
2020-12-08,1.2109469175338743,1.2097164392471311,1.213415503501892,1.2113136053085327,-0.0006783939588516086,0
2020-12-09,1.2109909057617188,1.207394003868103,1.214900016784668,1.2110936641693115,-0.0001815724171323474,0
2020-12-10,1.2081671953201294,1.207875370979309,1.2158055305480957,1.207875370979309,-0.0026573445846650445,1
2020-12-11,1.214343786239624,1.210785746574402,1.216397047042847,1.2144293785095217,0.005426062727728942,0
2020-12-14,1.213356614112854,1.2117539644241333,1.217404007911682,1.213340401649475,-0.0008966983830571706,1
2020-12-15,1.2148748636245728,1.212694525718689,1.2166485786437988,1.214889645576477,0.0012768419520983176,1
2020-12-16,1.215376853942871,1.2146978378295898,1.2212995290756226,1.2154301404953003,0.00044489219312326966,1
2020-12-17,1.219705581665039,1.2192445993423462,1.2263002395629885,1.2199585437774658,0.0037257618774535484,1
2020-12-18,1.2261964082717896,1.2227181196212769,1.2268433570861816,1.226271629333496,0.005174836135400485,0
2020-12-21,1.221060872077942,1.213076949119568,1.223466157913208,1.221612811088562,-0.003799173146871393,1
2020-12-22,1.2238404750823977,1.216604232788086,1.2259002923965454,1.223690629005432,0.0017008809157939009,0
2020-12-23,1.2185908555984497,1.2157758474349976,1.2219412326812744,1.2186651229858398,-0.004106843593038367,1
2020-12-24,1.219393253326416,1.2179378271102903,1.2217471599578855,1.2191405296325684,0.00039010441651421424,0
2020-12-25,1.2184720039367676,1.2167004346847534,1.2212995290756226,1.2184720039367676,-0.000548358191325371,1
2020-12-28,1.220703125,1.218353271484375,1.2252004146575928,1.2205095291137695,0.0016721969568598283,1
2020-12-29,1.2220009565353394,1.2220009565353394,1.2275993824005127,1.2223445177078247,0.001503461095783143,1
2020-12-30,1.2253249883651731,1.2252049446105957,1.2308752536773682,1.225295066833496,0.002413844119172115,1
2020-12-31,1.229906439781189,1.222299575805664,1.230950951576233,1.2299896478652954,0.003831388176507966,0
2021-01-01,1.217285394668579,1.2134994268417358,1.221699357032776,1.218026876449585,-0.00972591227614994,1
2021-01-04,1.2249047756195068,1.2171372175216677,1.23099946975708,1.2250697612762451,0.005782208063576988,1
2021-01-05,1.225295066833496,1.2249947786331177,1.2294830083847046,1.2251598834991455,7.356497217481106e-05,1
2021-01-06,1.22986102104187,1.2266929149627686,1.2350252866744995,1.230027437210083,0.003972994689505738,1
2021-01-07,1.2337758541107178,1.2246646881103516,1.2345678806304932,1.2341108322143557,0.003319759284016177,0
2021-01-08,1.2268733978271484,1.2214934825897217,1.2282146215438845,1.227144479751587,-0.005644835359129852,0
2021-01-11,1.2187838554382324,1.2134743928909302,1.2199585437774658,1.218620538711548,-0.00694615929964848,0
2021-01-12,1.2161602973937988,1.213886857032776,1.217848777770996,1.2160701751708984,-0.0020928282920179564,1
2021-01-13,1.2209266424179075,1.2155394554138184,1.2224938869476318,1.220889449119568,0.0039629900042505994,0
2021-01-14,1.2161750793457031,1.2113136053085327,1.217285394668579,1.2162491083145142,-0.0038007870478364847,0
2021-01-15,1.2153000831604004,1.208473801612854,1.2162491083145142,1.2151259183883667,-0.000923486741711943,0
2021-01-18,1.206723928451538,1.205545425415039,1.2086198329925537,1.2068113088607788,-0.006842590880306143,1
2021-01-19,1.2078461647033691,1.207729458808899,1.2144912481307983,1.207729458808899,0.0007608065497719529,1
2021-01-20,1.2139458656311035,1.207773208618164,1.2160005569458008,1.213886857032776,0.005098325770698464,0
2021-01-21,1.211533784866333,1.2109909057617188,1.2171964645385742,1.2115631103515625,-0.0019143025297215788,1
2021-01-22,1.2166190147399902,1.2151997089385986,1.2188003063201904,1.2166293859481812,0.004181602719109279,1
2021-01-25,1.2168558835983276,1.2117246389389038,1.218599796295166,1.216944694519043,0.00025916567074868446,0
2021-01-26,1.2143291234970093,1.2108443975448608,1.2175003290176392,1.214624047279358,-0.001906945525246062,1
2021-01-27,1.2163230180740356,1.2061998844146729,1.2171372175216677,1.216299295425415,0.0013792318288194938,0
2021-01-28,1.2104778289794922,1.2082401514053345,1.214399814605713,1.2105072736740112,-0.004762003705163664,1
2021-01-29,1.212135910987854,1.2095993757247925,1.2157005071640017,1.2120037078857422,0.001236204229644322,1
2021-02-01,1.2122827768325806,1.2069132328033447,1.2136069536209106,1.2123857736587524,0.0003152348219104262,0
2021-02-02,1.2067675590515137,1.2018364667892456,1.208795189857483,1.2068694829940796,-0.004549946712114394,0
2021-02-03,1.203905463218689,1.200494647026062,1.204999327659607,1.203905463218689,-0.002455957182741275,1
2021-02-04,1.2041809558868408,1.1967161893844604,1.2043839693069458,1.2042388916015625,0.0002769556190749256,0
2021-02-05,1.1967447996139526,1.1953572034835815,1.2039779424667358,1.1966731548309326,-0.006282587967714526,1
2021-02-08,1.2049354314804075,1.2021398544311523,1.2068549394607544,1.2048773765563965,0.006855858420775629,1
2021-02-09,1.2052549123764038,1.2050195932388306,1.211475133895874,1.2053595781326294,0.0004002080092257998,1
2021-02-10,1.2116951942443848,1.2110203504562378,1.2143733501434326,1.2119992971420288,0.005508496493374926,1
2021-02-11,1.2119449377059937,1.2114311456680298,1.2150993347167969,1.2121212482452393,0.0001006197804718223,1
2021-02-12,1.213003396987915,1.2083992958068848,1.213592290878296,1.2131506204605105,0.0008492320522897057,0
2021-02-15,1.212106466293335,1.2117393016815186,1.214699387550354,1.2122093439102173,-0.0007758942166108396,1
2021-02-16,1.2132388353347778,1.2095847129821775,1.2171002626419067,1.2132196426391602,0.0008334358533188535,0
2021-02-17,1.2088537216186523,1.202558994293213,1.2098335027694702,1.2092483043670654,-0.0032733877135847633,0
2021-02-18,1.2045869827270508,1.2036300897598269,1.2089003324508667,1.2048004865646362,-0.0036781674916279705,1
2021-02-19,1.2091752290725708,1.208299994468689,1.2147716283798218,1.209189772605896,0.003643164233586349,1
2021-02-22,1.212444543838501,1.2092190980911257,1.2155098915100098,1.2126356363296509,0.0028497294649860727,1
2021-02-23,1.2166930437088013,1.213680624961853,1.2178784608840942,1.2166796922683716,0.0033349308049044346,0
2021-02-24,1.2151997089385986,1.2111302614212036,1.217404007911682,1.215214490890503,-0.0012042622122976354,1
2021-02-25,1.2169506549835205,1.2156577110290527,1.224155068397522,1.2171372175216677,0.0015822117375803302,0
2021-02-26,1.216012477874756,1.2091752290725708,1.2182493209838867,1.2160420417785645,-0.0008997964463968167,0
2021-03-01,1.2090904712677002,1.2029930353164673,1.2101556062698364,1.208956003189087,-0.005827132900038223,0
2021-03-02,1.204906344413757,1.1994003057479858,1.2080358266830444,1.2051095962524414,-0.0031815938102786046,1
2021-03-03,1.208503007888794,1.204470992088318,1.2110495567321775,1.208546757698059,0.0028521567302313144,0
2021-03-04,1.204833745956421,1.2025011777877808,1.2064006328582764,1.2050660848617554,-0.0028800481356082708,0
2021-03-05,1.196859359741211,1.1897962093353271,1.196859359741211,1.1967735290527344,-0.006881411661313397,0
2021-03-08,1.1924636363983154,1.184834122657776,1.1932177543640137,1.1925631761550903,-0.0035180865848333243,0
2021-03-09,1.18519926071167,1.1836141347885132,1.191599726676941,1.185171127319336,-0.006198454709617107,1
2021-03-10,1.189668893814087,1.187000036239624,1.1925063133239746,1.1897906064987185,0.0038977317898649666,1
2021-03-11,1.1927480697631836,1.1917104721069336,1.1977769136428833,1.1926058530807495,0.002366169783703187,1
2021-03-12,1.198164463043213,1.191057562828064,1.199040770530701,1.1986095905303955,0.00503413381222062,0
2021-03-15,1.1951143741607666,1.1911852359771729,1.1965444087982178,1.1950000524520874,-0.0030114376748069382,0
2021-03-16,1.192733883857727,1.188438892364502,1.1953001022338867,1.1925773620605469,-0.0020273558871979347,0
2021-03-17,1.1902097463607788,1.1887637376785278,1.1917999982833862,1.190164566040039,-0.002023177780549945,1
2021-03-18,1.198063850402832,1.1910150051116943,1.1990997791290283,1.1982792615890503,0.006818129005479179,0
2021-03-19,1.191767334938049,1.1874933242797852,1.1937447786331177,1.1918240785598757,-0.005387043935496605,0
2021-03-22,1.188452959060669,1.1876062154769895,1.1937447786331177,1.1883116960525513,-0.002947064563059154,1
2021-03-23,1.1933317184448242,1.186436653137207,1.1943150758743286,1.193303108215332,0.00420042332273729,0
2021-03-24,1.184118628501892,1.1813349723815918,1.1851149797439575,1.1840205192565918,-0.007778902857818792,0
2021-03-25,1.181376814842224,1.1775233745574951,1.1830118894577026,1.1813069581985474,-0.002291819283459895,0
2021-03-26,1.1776067018508911,1.1772600412368774,1.1804006099700928,1.1776621341705322,-0.0030854165403151335,1
2021-03-29,1.1787601709365845,1.1761800050735474,1.179356575012207,1.1788004636764526,0.0009666010928697233,0
2021-03-30,1.1769136190414429,1.1713168621063232,1.1775789260864258,1.177100658416748,-0.00144197878443586,0
2021-03-31,1.172333002090454,1.1704530715942385,1.1758618354797363,1.1723604202270508,-0.004027045738019597,1
2021-04-01,1.1728966236114502,1.1714814901351929,1.1775789260864258,1.1728830337524414,0.0004457788887903824,1
2021-04-02,1.177773118019104,1.1751433610916138,1.1787004470825195,1.177994966506958,0.0043584335414605935,0
2021-04-05,1.1766366958618164,1.1739431619644165,1.1816140413284302,1.176816701889038,-0.0010002289071011639,1
2021-04-06,1.181907296180725,1.1796486377716064,1.1855363845825195,1.1818934679031372,0.004313981953136592,1
2021-04-07,1.187549710273743,1.1865352392196655,1.1914690732955933,1.1874228715896606,0.004678428163524373,0
2021-04-08,1.187197208404541,1.1861833333969116,1.1914832592010498,1.1873664855957031,-4.7486026508836154e-05,1
2021-04-09,1.1915684938430786,1.186859130859375,1.1923214197158811,1.1915684938430786,0.003538931154240421,0
2021-04-12,1.1896406412124634,1.1873382329940796,1.1920371055603027,1.1900511980056765,-0.0012733601511303316,1
2021-04-13,1.191213607788086,1.1884304285049438,1.1953144073486328,1.1914690732955933,0.0011914405802817551,1
2021-04-14,1.1957430839538574,1.1951857805252075,1.198193073272705,1.1954143047332764,0.0033112327681075193,1
2021-04-15,1.1982362270355225,1.1957861185073853,1.199313998222351,1.1986095905303955,0.002672952619411806,0
2021-04-16,1.197074294090271,1.1950900554656982,1.199472188949585,1.1971746683120728,-0.0011971556290383267,0
2021-04-19,1.1968307495117188,1.1943435668945312,1.2048193216323853,1.1969454288482666,-0.00019148372403277047,1
2021-04-20,1.2043839693069458,1.2028772830963137,1.2081671953201294,1.204529047012329,0.006335809454036445,0
2021-04-21,1.2032536268234253,1.2000004053115845,1.204529047012329,1.2032392024993896,-0.0010708288987623105,1
2021-04-22,1.203818440437317,1.2003936767578125,1.2070006132125854,1.2037750482559204,0.0004453360191536415,0
2021-04-23,1.2017930746078491,1.2013888359069824,1.2077994346618652,1.2014753818511963,-0.0019103788602828908,1
2021-04-26,1.208956003189087,1.2063744068145752,1.2118273973464966,1.2089852094650269,0.006250504777101318,0
2021-04-27,1.2079205513000488,1.2057925462722778,1.209189772605896,1.2081671953201294,-0.0006766122021124588,1
2021-04-28,1.2088537216186523,1.205763578414917,1.210214138031006,1.2090305089950562,0.000714564737621437,1
2021-04-29,1.2135775089263916,1.2104192972183228,1.215214490890503,1.213592290878296,0.0037730907940705105,0
2021-04-30,1.2124886512756348,1.2024723291397097,1.2128562927246094,1.2127091884613037,-0.0007276763569032951,0
2021-05-03,1.202645778656006,1.201489806175232,1.2077994346618652,1.2027760744094849,-0.008190845873297992,1
2021-05-04,1.2059816122055054,1.200004816055298,1.2063002586364746,1.2061271667480469,0.002786131525111424,0
2021-05-05,1.2016342878341677,1.198724627494812,1.2029350996017456,1.2015043497085571,-0.0038327774773150303,0
2021-05-06,1.2009127140045166,1.1994003057479858,1.2070006132125854,1.2007973194122314,-0.0005884542128350434,1
2021-05-07,1.2065927982330322,1.205342173576355,1.2165449857711792,1.2068549394607544,0.005044664866080906,1
2021-05-10,1.2167521715164185,1.2137395143508911,1.217730164527893,1.2171076536178589,0.008495398926473774,0
2021-05-11,1.214211106300354,1.2125474214553833,1.217967510223389,1.2140932083129885,-0.0024767285752496093,1
2021-05-12,1.214550256729126,1.2068113088607788,1.2150667905807495,1.2144500017166138,0.0002938764513154002,0
2021-05-13,1.2076857089996338,1.205312967300415,1.2106537818908691,1.2078505754470823,-0.005434086426121532,0
2021-05-14,1.2080212831497192,1.2071462869644165,1.2147716283798218,1.207729458808899,-0.00010027452124083958,1
2021-05-17,1.2147568464279177,1.2127532958984375,1.2169995307922363,1.2150373458862305,0.006050930549080791,1
2021-05-18,1.215524673461914,1.2154065370559692,1.2232415676116943,1.215687274932861,0.0005349045844813549,1
2021-05-19,1.2226433753967283,1.2191851139068604,1.2247997522354126,1.2223997116088867,0.00552151594775574,0
2021-05-20,1.217285394668579,1.2170928716659546,1.2229005098342896,1.217285394668579,-0.004183833562572015,1
2021-05-21,1.2227928638458252,1.2173744440078735,1.2242000102996826,1.222538709640503,0.004315598457791392,0
2021-05-24,1.2181158065795898,1.217581868171692,1.222942352294922,1.2183235883712769,-0.003447842784843669,1
2021-05-25,1.2214486598968506,1.2212398052215576,1.2267003059387207,1.2214635610580444,0.0025772895778577443,1
2021-05-26,1.2248897552490234,1.2200031280517578,1.2265002727508545,1.2249093055725098,0.0028209965686414318,0
2021-05-27,1.2190364599227903,1.2175670862197876,1.221699357032776,1.21925950050354,-0.004612427257485008,1
2021-05-28,1.2192742824554443,1.2133419513702393,1.2201074361801147,1.2193188667297363,4.869039459753921e-05,0
2021-05-31,1.2190067768096924,1.2184126377105713,1.22339129447937,1.2190067768096924,-0.00025595431068903274,1
2021-06-01,1.223406195640564,1.2214635610580444,1.2254151105880735,1.223286509513855,0.0035108358588156197,0
2021-06-02,1.221806883811951,1.2165746688842771,1.222942352294922,1.2217769622802734,-0.0012340095487372027,0
2021-06-03,1.2211503982543943,1.2120903730392456,1.2215979099273682,1.220986247062683,-0.0006471845860595016,0
2021-06-04,1.213029861450195,1.210551142692566,1.218769073486328,1.213300704956055,-0.006294536179352717,1
2021-06-07,1.2165746688842771,1.2145060300827026,1.220199704170227,1.2168411016464231,0.002917987829320845,1
2021-06-08,1.2189621925354004,1.216663479804993,1.219660997390747,1.2193634510040283,0.0020728666661509187,0
2021-06-09,1.2171818017959597,1.2171818017959597,1.221899390220642,1.217285394668579,-0.0017042140583581888,1
2021-06-10,1.217730164527893,1.2145354747772217,1.2192147970199585,1.218200445175171,0.0007517140274577727,0
2021-06-11,1.2173150777816772,1.2094998359680176,1.2195003032684326,1.2172558307647705,-0.0007754178831091973,0
2021-06-14,1.2110790014266968,1.2095261812210083,1.2131506204605105,1.2110203504562378,-0.005122571731379644,1
2021-06-15,1.212415099143982,1.2102874517440796,1.2149192094802856,1.212224006652832,0.000993919050279235,1
2021-06-16,1.2125474214553833,1.2110350131988523,1.2134994268417358,1.2127091884613037,0.0004002410493513242,0
2021-06-17,1.199184536933899,1.19070303440094,1.2007685899734497,1.1995586156845093,-0.010843962346389069,0
2021-06-18,1.1913270950317385,1.1851149797439575,1.1927480697631836,1.1913414001464844,-0.006850199257112499,0
2021-06-21,1.186901330947876,1.1848762035369873,1.1920514106750488,1.1873664855957031,-0.0033365033317003245,1
2021-06-22,1.1911568641662598,1.1882412433624268,1.1917530298233032,1.1912561655044556,0.003275888241700775,1
2021-06-23,1.1937447786331177,1.1915826797485352,1.1969999074935913,1.1936734914779663,0.0020292243125450415,0
2021-06-24,1.1931607723236084,1.191994547843933,1.1956716775894165,1.193317413330078,-0.00029830447809264804,0
2021-06-25,1.1927907466888428,1.1927907466888428,1.1974470615386963,1.1930327415466309,-0.00023855495634861335,1
2021-06-28,1.1942152976989746,1.1904619932174685,1.1946003437042236,1.1942152976989746,0.0009912185233162951,0
2021-06-29,1.1930327415466309,1.1880435943603516,1.1930327415466309,1.1928904056549072,-0.0011094247801214374,0
2021-06-30,1.18999445438385,1.1845815181732178,1.191043257713318,1.1901928186416626,-0.002261387132008741,0
2021-07-01,1.1855363845825195,1.1838102340698242,1.188399314880371,1.1856770515441897,-0.003794147491686828,0
2021-07-02,1.184707760810852,1.1819353103637695,1.1860989332199097,1.1846235990524292,-0.0008884818090967306,1
2021-07-05,1.1855926513671875,1.1852006912231443,1.1882002353668213,1.1856207847595217,0.0008417743052646642,1
2021-07-06,1.1861495971679688,1.1814996004104614,1.1896264553070068,1.186380386352539,0.0006406783710117825,0
2021-07-07,1.1820330619812012,1.1782448291778564,1.1841325759887695,1.1824523210525513,-0.0033109661497897624,0
2021-07-08,1.179356575012207,1.1784253120422363,1.186633825302124,1.17933988571167,-0.0026321867575267444,1
2021-07-09,1.1846938133239746,1.1825222969055176,1.1874650716781616,1.184800386428833,0.0046301331645948185,1
2021-07-12,1.1873664855957031,1.183670163154602,1.1882128715515137,1.187295913696289,0.0021062849877842016,0
2021-07-13,1.1864930391311646,1.1793426275253296,1.1877895593643188,1.186521053314209,-0.0006526261676987888,0
2021-07-14,1.177440166473389,1.1772600412368774,1.1828006505966189,1.1775373220443726,-0.007571489140241527,1
2021-07-15,1.1833338737487793,1.1805957555770874,1.1851149797439575,1.1833338737487793,0.0049226055054825135,0
2021-07-16,1.1813069581985474,1.1793996095657349,1.182300090789795,1.1811814308166504,-0.001818965027435615,1
2021-07-19,1.1811535358428955,1.176429033279419,1.1823265552520752,1.1814005374908447,0.00018549789937249983,0
2021-07-20,1.1792453527450562,1.175709843635559,1.1804006099700928,1.1793843507766724,-0.0017066072430054202,0
2021-07-21,1.178550362586975,1.175364375114441,1.1802752017974854,1.1784114837646484,-0.000824893946899663,1
2021-07-22,1.179523468017578,1.1766643524169922,1.1829839944839478,1.179273009300232,0.0007310905803727952,0
2021-07-23,1.1773570775985718,1.1755993366241455,1.178550362586975,1.177273869514465,-0.0016952306802587858,1
2021-07-26,1.1773016452789309,1.1764568090438845,1.1817537546157837,1.177343249320984,5.8932597007066434e-05,1
2021-07-27,1.1806375980377195,1.1771769523620603,1.183712124824524,1.1807769536972046,0.0029164853819825254,1
2021-07-28,1.1822398900985718,1.1785781383514404,1.1830118894577026,1.1823126077651978,0.0013005454274701567,1
2021-07-29,1.1846797466278076,1.184174656867981,1.189202070236206,1.1845955848693848,0.001930942027677629,1
2021-07-30,1.189202070236206,1.1855504512786863,1.1911001205444336,1.189299702644348,0.003971074884161263,0
2021-08-02,1.1865352392196655,1.1859582662582395,1.1898996829986572,1.186704158782959,-0.002182413613337264,1
2021-08-03,1.1874933242797852,1.185564637184143,1.1895995140075684,1.1874650716781616,0.000641198473579907,0
2021-08-04,1.186915397644043,1.18343186378479,1.190199851989746,1.1869436502456665,-0.0004391046481545535,0
2021-08-05,1.1839923858642578,1.1829839944839478,1.1859005689620972,1.1837401390075684,-0.0026989581497277593,0
2021-08-06,1.183319926261902,1.1756407022476196,1.1835720539093018,1.1835720539093018,-0.00014199493007605035,0
2021-08-09,1.1750881671905518,1.1741775274276731,1.177163004875183,1.1749500036239624,-0.007284770079574732,0
2021-08-10,1.173900485038757,1.171069860458374,1.174399495124817,1.17384672164917,-0.0009390033374948592,0
2021-08-11,1.1719757318496704,1.1706448793411257,1.1746878623962402,1.172333002090454,-0.0012895376634771694,1
2021-08-12,1.1742050647735596,1.1725116968154907,1.175100564956665,1.1741899251937866,0.0015839553267043005,0
2021-08-13,1.1736124753952026,1.173103094100952,1.1803003549575806,1.173626184463501,-0.00048011034517492224,1
2021-08-16,1.179634690284729,1.1768028736114502,1.18035888671875,1.179467797279358,0.004977404980553768,0
2021-08-17,1.177994966506958,1.1710561513900757,1.1784114837646484,1.177994966506958,-0.0012487248704858844,0
2021-08-18,1.1709601879119873,1.1696864366531372,1.1731003522872925,1.1709738969802856,-0.0059601863558819135,0
2021-08-19,1.1703845262527466,1.1668747663497925,1.1706860065460205,1.1703298091888428,-0.0005500445339591264,0
2021-08-20,1.1676785945892334,1.1664936542510986,1.1690996885299685,1.1676595211029053,-0.002281654337924044,1
2021-08-23,1.169973850250244,1.1695605516433716,1.174329161643982,1.1697548627853394,0.0017944800214149126,1
2021-08-24,1.1746740341186523,1.172814130783081,1.17648446559906,1.1744533777236938,0.004016666301490446,1
2021-08-25,1.1755025386810305,1.1728553771972656,1.1760554313659668,1.175309181213379,0.0007286823861358815,1
2021-08-26,1.177300214767456,1.1747844219207764,1.178133845329285,1.177440166473389,0.001813127383051727,0
2021-08-27,1.175295352935791,1.1735987663269043,1.18035888671875,1.1756407022476196,-0.001528285068751245,1
2021-08-30,1.1799967288970947,1.1784532070159912,1.1811953783035278,1.1799006462097168,0.003623508401804143,0
2021-08-31,1.179940938949585,1.1796486377716064,1.1845533847808838,1.1796904802322388,-0.00017812175809306385,1
2021-09-01,1.1811953783035278,1.1795096397399902,1.1860004663467407,1.1810280084609983,0.0011337958991550767,1
2021-09-02,1.1842306852340698,1.1834795475006104,1.1872254610061646,1.1840906143188477,0.002593169540356932,1
2021-09-03,1.1874228715896606,1.186816930770874,1.1907596588134766,1.1876484155654907,0.003004669747078248,1
2021-09-06,1.1885942220687866,1.1857051849365234,1.1886366605758667,1.1885942220687866,0.0007963691029264641,0
2021-09-07,1.187394618988037,1.1838297843933103,1.1887779235839844,1.187507390975952,-0.0009143836244996928,0
2021-09-08,1.1845533847808838,1.1803170442581177,1.185400128364563,1.184356927871704,-0.002653005049222168,0
2021-09-09,1.1820330619812012,1.1806097030639648,1.1841325759887695,1.1819101572036743,-0.002065906493599612,1
2021-09-10,1.1823545694351196,1.1819353103637695,1.185300350189209,1.182592272758484,0.0005771297849099799,0
2021-09-13,1.1812511682510376,1.1770604848861694,1.1817537546157837,1.1811953783035278,-0.001181213920583013,0
2021-09-14,1.1810698509216309,1.1801999807357788,1.1846994161605835,1.1811953783035278,0.0,0
2021-09-15,1.18035888671875,1.1800997257232666,1.183300256729126,1.180498123168945,-0.0005902961926452788,1
2021-09-16,1.1819353103637695,1.1751710176467896,1.1823126077651978,1.1819995641708374,0.0012718707234042892,0
2021-09-17,1.17648446559906,1.1729655265808103,1.1789672374725342,1.176747441291809,-0.004443422009814957,0
2021-09-20,1.1728830337524414,1.1700559854507446,1.1737089157104492,1.1729930639266968,-0.00319046996268868,1
2021-09-21,1.1725666522979736,1.1715912818908691,1.1748948097229004,1.1730204820632937,2.337450871636726e-05,0
2021-09-22,1.1726078987121582,1.1717147827148438,1.1744533777236938,1.17229163646698,-0.0006213408951152299,0
2021-09-23,1.1688934564590454,1.1684194803237915,1.175100564956665,1.168770432472229,-0.0030036928399174156,1
2021-09-24,1.1741775274276731,1.1701655387878418,1.174812078475952,1.1740258932113647,0.0044965722892382765,0
2021-09-27,1.1722092628479004,1.1686612367630005,1.1728004217147827,1.172305464744568,-0.0014654093037851368,0
2021-09-28,1.1696043014526367,1.166997313499451,1.1705996990203855,1.1696795225143433,-0.002239981224344989,0
2021-09-29,1.168688416481018,1.1610087156295776,1.1691995859146118,1.1686338186264038,-0.0008940088868886198,0
2021-09-30,1.1602274179458618,1.1570056676864624,1.161170482635498,1.1601601839065552,-0.007250889529971327,0
2021-10-01,1.1574207544326782,1.1563901901245115,1.1608995199203491,1.1574475765228271,-0.002338131769523355,1
2021-10-04,1.160725712776184,1.1588560342788696,1.164008855819702,1.160725712776184,0.0028322114278427346,1
2021-10-05,1.1616560220718384,1.1583056449890137,1.16225004196167,1.1618449687957764,0.0009642726160647985,0
2021-10-06,1.1595144271850586,1.1530168056488037,1.1599582433700562,1.1596084833145142,-0.0019249431217834845,0
2021-10-07,1.1555349826812744,1.1549345254898071,1.157139539718628,1.1555349826812744,-0.003512824105595058,1
2021-10-08,1.1559224128723145,1.1542545557022097,1.1583727598190308,1.1559758186340332,0.0003814994434316876,1
2021-10-11,1.1565908193588257,1.15529465675354,1.1587486267089844,1.1566041707992554,0.0005435686067938317,0
2021-10-12,1.15529465675354,1.1533892154693604,1.1570056676864624,1.1553747653961182,-0.0010629439476148583,0
2021-10-13,1.1530966758728027,1.1530567407608032,1.15790057182312,1.15340256690979,-0.0017069772903097746,1
2021-10-14,1.1599582433700562,1.1584665775299072,1.162500023841858,1.1599582433700562,0.005683771346053135,0
2021-10-15,1.15907084941864,1.1588828563690186,1.1619800329208374,1.159151554107666,-0.0006954468119872992,1
2021-10-18,1.159595012664795,1.1573002338409424,1.1612108945846558,1.1597026586532593,0.00047543786974224567,1
2021-10-19,1.1614537239074707,1.161386251449585,1.1670000553131104,1.161386251449585,0.0014517452243154594,1
2021-10-20,1.1633858680725098,1.1618045568466189,1.1654006242752075,1.1631964445114136,0.0015586486059819826,1
2021-10-21,1.165243148803711,1.1633182764053345,1.166997313499451,1.1655012369155884,0.0019814300628668846,0
2021-10-22,1.1625880002975464,1.1622366905212402,1.1654061079025269,1.1625338792800903,-0.002545992695255239,1
2021-10-25,1.1641308069229126,1.159326195716858,1.1668611764907837,1.164008855819702,0.0012687600472556237,0
2021-10-26,1.161170482635498,1.1585874557495115,1.16290020942688,1.161170482635498,-0.0024384463829573155,0
2021-10-27,1.159823656082153,1.1585336923599243,1.162439227104187,1.159823656082153,-0.0011598870049538412,1
2021-10-28,1.1598910093307495,1.158319115638733,1.1693171262741089,1.1600120067596436,0.0001623959612331305,1
2021-10-29,1.1683744192123413,1.1546677350997925,1.169180393218994,1.1683608293533323,0.0071971863610362785,0
2021-11-01,1.1559356451034546,1.1546677350997925,1.159326195716858,1.1556684970855713,-0.010863366820322073,1
2021-11-02,1.1601735353469849,1.1579166650772097,1.1614995002746582,1.1599582433700562,0.0037119176436002377,0
2021-11-03,1.158077597618103,1.1563634872436523,1.159900426864624,1.1579434871673584,-0.0017369213195504996,1
2021-11-04,1.1615750789642334,1.152923822402954,1.1617100238800049,1.1615750789642334,0.0031362426898386975,0
2021-11-05,1.1556684970855713,1.151410460472107,1.1564704179763794,1.1555349826812744,-0.0051999189655006495,1
2021-11-08,1.1568450927734375,1.1551746129989624,1.1595547199249268,1.1568851470947266,0.0011684323137661767,1
2021-11-09,1.158869385719299,1.157019019126892,1.1609008312225342,1.159151554107666,0.001959059651367445,1
2021-11-10,1.159366488456726,1.1513441801071167,1.159823656082153,1.1595547199249268,0.0003478111346459922,0
2021-11-11,1.1485671997070312,1.1454885005950928,1.1491611003875732,1.148593544960022,-0.009452917379883963,0
2021-11-12,1.1447803974151611,1.1434059143066406,1.1459873914718628,1.145081877708435,-0.0030573628652154072,0
2021-11-15,1.1442302465438845,1.141695857048035,1.1464208364486694,1.144164800643921,-0.0008008833973945917,0
2021-11-16,1.1367381811141968,1.1330673694610596,1.1387006044387815,1.1366478204727173,-0.006569840434676122,0
2021-11-17,1.1316184997558594,1.127052664756775,1.1334000825881958,1.1321182250976562,-0.003985047341380721,0
2021-11-18,1.1318106651306152,1.131503343582153,1.1359764337539673,1.1321182250976562,0.0,1
2021-11-19,1.1370097398757937,1.1252391338348389,1.1370097398757937,1.1368415355682373,0.0041721000208909675,0
2021-11-22,1.1275737285614014,1.123822808265686,1.1290504932403564,1.1275737285614014,-0.008152241730157717,0
2021-11-23,1.124353528022766,1.12271249294281,1.127344846725464,1.12421452999115,-0.0029791387340473152,1
2021-11-24,1.1243914365768433,1.1187809705734253,1.1254544258117676,1.124492645263672,0.0002473862995922005,0
2021-11-25,1.1206992864608765,1.1202975511550903,1.123090744018555,1.1202975511550903,-0.003730654999169025,1
2021-11-26,1.1209003925323486,1.1207997798919678,1.1322002410888672,1.1209630966186523,0.0005940791916181354,1
2021-11-29,1.129114270210266,1.125885248184204,1.12980055809021,1.1293182373046875,0.007453537686689327,1
2021-11-30,1.1293565034866333,1.124606370925903,1.1381744146347046,1.1293437480926514,2.2589547499674012e-05,1
2021-12-01,1.1330032348632812,1.1304160356521606,1.1358473300933838,1.1330289840698242,0.003263165872567031,0
2021-12-02,1.1319644451141355,1.1301862001419067,1.1348161697387695,1.1319515705108645,-0.0009509143844579349,0
2021-12-03,1.130684494972229,1.1267352104187012,1.1331830024719238,1.1306205987930298,-0.00117582037298114,0
2021-12-06,1.1302627325057983,1.1269001960754397,1.1310003995895386,1.13047993183136,-0.0001244157074618002,0
2021-12-07,1.128451585769653,1.1231285333633425,1.1299434900283811,1.128668189048767,-0.0016026315298299787,0
2021-12-08,1.1273066997528076,1.12696373462677,1.1339025497436523,1.127650022506714,-0.0009020955422790466,1
2021-12-09,1.1344043016433716,1.1279425621032717,1.1345586776733398,1.1345586776733398,0.006126595156951353,0
2021-12-10,1.129407525062561,1.1267352104187012,1.1322592496871948,1.1293309926986694,-0.004607681451426537,1
2021-12-13,1.1311193704605105,1.126354455947876,1.1316057443618774,1.131183385848999,0.0016402570745917,0
2021-12-14,1.1283371448516846,1.1266590356826782,1.13275945186615,1.1285407543182373,-0.0023361654386201414,0
2021-12-15,1.1258726119995115,1.1249226331710815,1.1278001070022583,1.1261261701583862,-0.0021395631044885954,1
2021-12-16,1.1293054819107056,1.1282098293304443,1.1363636255264282,1.1290758848190308,0.0026193465162343,1
2021-12-17,1.1335426568984983,1.1268366575241089,1.13490629196167,1.1334141492843628,0.003842314341898634,0
2021-12-20,1.1242523193359375,1.1237343549728394,1.130454421043396,1.124353528022766,-0.007994095774539023,1
2021-12-21,1.1276754140853882,1.126176834106445,1.1303266286849976,1.127751708030701,0.003022341214965474,1
2021-12-22,1.1290504932403564,1.1265320777893066,1.134199619293213,1.128757357597351,0.0008917295886043952,1
2021-12-23,1.1330161094665527,1.1291524171829224,1.1345586776733398,1.1328877210617063,0.003659212882693552,0
2021-12-24,1.1324644088745115,1.1308379173278809,1.134429931640625,1.132733702659607,-0.00013595204470484568,0
2021-12-27,1.132387399673462,1.1304160356521606,1.1335002183914185,1.1324259042739868,-0.0002717305796564595,1
2021-12-28,1.1329776048660278,1.1290377378463743,1.1336004734039309,1.1330032348632812,0.0005098175404814054,0
2021-12-29,1.1313369274139404,1.1275355815887451,1.137000560760498,1.1314777135849,-0.0013464403555435434,1
2021-12-30,1.1359764337539673,1.1300712823867798,1.1360150575637815,1.1360150575637815,0.004010104595437269,0
2021-12-31,1.1323232650756836,1.1305055618286133,1.1379153728485107,1.132502794265747,-0.0030917400915148052,1
2022-01-03,1.1373846530914309,1.1285407543182373,1.1375917196273804,1.1373459100723269,0.0042764713968939105,0
2022-01-04,1.1301988363265991,1.127344846725464,1.1323001384735107,1.1302244663238523,-0.0062614580888779026,0
2022-01-05,1.1285407543182373,1.1277644634246826,1.1345586776733398,1.1283625364303589,-0.0016473983257055957,1
2022-01-06,1.1312217712402344,1.1285535097122192,1.1330673694610596,1.1313496828079224,0.002647328567832119,0
2022-01-07,1.129586100578308,1.1290504932403564,1.1359764337539673,1.1296881437301636,-0.0014686344133981732,1
2022-01-10,1.135344386100769,1.1288337707519531,1.1359764337539673,1.1353960037231443,0.005052597944538606,0
2022-01-11,1.1332728862762451,1.1315544843673706,1.136899709701538,1.1330417394638062,-0.002073518183627665,1
2022-01-12,1.1370097398757937,1.1355764865875244,1.1433000564575195,1.1366478204727173,0.0031826550455393843,1
2022-01-13,1.1439814567565918,1.1436413526535034,1.1479079723358154,1.144164800643921,0.0066132886860921225,1
2022-01-14,1.14565908908844,1.1410053968429563,1.148369312286377,1.1457115411758425,0.0013518511765535646,0
2022-01-17,1.1412137746810913,1.139315485954285,1.143458366394043,1.1410704851150513,-0.0040508067641774614,0
2022-01-18,1.141291856765747,1.1329647302627563,1.1423349380493164,1.1410574913024902,-1.1387388185513103e-05,0
2022-01-19,1.1330032348632812,1.1319515705108645,1.1356796026229858,1.1329647302627563,-0.0070923341737112455,1
2022-01-20,1.134352684020996,1.1330161094665527,1.136893391609192,1.1343399286270142,0.0012138050969503489,0
2022-01-21,1.131541728973389,1.1302244663238523,1.1361054182052612,1.1313753128051758,-0.002613516237083058,1
2022-01-24,1.1340954303741455,1.1291396617889404,1.1341469287872314,1.1341469287872314,0.0024497759060904123,0
2022-01-25,1.132387399673462,1.1266844272613523,1.132502794265747,1.132413029670715,-0.0015288134830735434,0
2022-01-26,1.130352258682251,1.1272051334381104,1.1313496828079224,1.130454421043396,-0.0017295885653034748,0
2022-01-27,1.1242270469665527,1.1133501529693604,1.12447988986969,1.124353528022766,-0.005396850069372183,0
2022-01-28,1.1146159172058103,1.1123347282409668,1.1170064210891724,1.1147029399871826,-0.008583232760032589,1
2022-01-31,1.115138053894043,1.114504098892212,1.121692419052124,1.1152374744415283,0.0004795308554150779,1
2022-02-01,1.12291419506073,1.1222084760665894,1.1279042959213257,1.12296462059021,0.006928700232702534,1
2022-02-02,1.1273066997528076,1.126697063446045,1.132939100265503,1.1273956298828125,0.0039458137962296025,1
2022-02-03,1.1299946308135986,1.1272051334381104,1.1450687646865845,1.1299946308135986,0.002305314001488812,1
2022-02-04,1.1435105800628662,1.1413440704345703,1.148369312286377,1.14357590675354,0.01201888537307716,1
2022-02-07,1.1454622745513916,1.1416698694229126,1.1460003852844238,1.145514726638794,0.0016954011306149486,0
2022-02-08,1.144086241722107,1.1397050619125366,1.145081877708435,1.1442956924438477,-0.0010641802908315512,0
2022-02-09,1.1421130895614624,1.140328884124756,1.1447004079818726,1.142126202583313,-0.001895917178453499,1
2022-02-10,1.142126202583313,1.1380836963653564,1.1494252681732178,1.142152190208435,2.2753724643775897e-05,0
2022-02-11,1.1411746740341189,1.1371259689331057,1.1419005393981934,1.1415525674819946,-0.0005249937193843035,0
2022-02-14,1.1365832090377808,1.1292799711227417,1.136893391609192,1.1365057229995728,-0.004421035549465824,0
2022-02-15,1.130607843399048,1.1305822134017944,1.1368803977966309,1.1306334733963013,-0.005166933596931544,1
2022-02-16,1.135563611984253,1.1345458030700684,1.139315485954285,1.1356796026229858,0.00446309909039444,1
2022-02-17,1.1373329162597656,1.13275945186615,1.1386927366256714,1.1375269889831543,0.0016266791759769195,0
2022-02-18,1.1363893747329712,1.131580114364624,1.137669324874878,1.1366478204727173,-0.0007728770560625486,0
2022-02-21,1.131733775138855,1.1314136981964111,1.1385631561279297,1.131721019744873,-0.004334500659839646,0
2022-02-22,1.1309658288955688,1.1289101839065552,1.1363766193389893,1.1309658288955688,-0.0006672941795093923,1
2022-02-23,1.1330546140670776,1.1307356357574463,1.1359764337539673,1.13291335105896,0.0017219991211343544,0
2022-02-24,1.1305949687957764,1.1110494136810305,1.1305949687957764,1.1305694580078125,-0.0020689076079442037,0
2022-02-25,1.1190814971923828,1.1168068647384644,1.1266082525253296,1.11906898021698,-0.010172287699242832,0
2022-02-28,1.118105411529541,1.1143178939819336,1.1244546175003052,1.118105411529541,-0.0008610449440320522,1
2022-03-01,1.1214659214019775,1.1102105379104614,1.1232168674468994,1.1215918064117432,0.0031181271875186933,0
2022-03-02,1.1131023168563845,1.105852127075195,1.1141936779022217,1.1132758855819702,-0.007414391565838674,0
2022-03-03,1.1113580465316772,1.103984236717224,1.111605167388916,1.1112345457077026,-0.0018336334242975427,0
2022-03-04,1.1069294214248655,1.0890042781829834,1.1069294214248655,1.1066844463348389,-0.00409463455796899,0
2022-03-07,1.087393879890442,1.0808590650558472,1.093075394630432,1.087453007698059,-0.017377526810348876,0
2022-03-08,1.08695650100708,1.0851165056228638,1.0922157764434814,1.0865312814712524,-0.0008476009724390776,1
2022-03-09,1.0900845527648926,1.0897876024246216,1.1091147661209106,1.0898232460021973,0.003029792687134769,1
2022-03-10,1.1073338985443115,1.0982131958007812,1.1116174459457395,1.107382893562317,0.01611238118156666,0
2022-03-11,1.1012123823165894,1.093469738960266,1.104191541671753,1.1013944149017334,-0.005407776023448663,0
2022-03-14,1.0932546854019165,1.0902509689331057,1.0986958742141724,1.093206763267517,-0.00743389608975531,1
2022-03-15,1.094534993171692,1.093948245048523,1.1018311977386477,1.0943193435668943,0.0010177217492250978,1
2022-03-16,1.096731662750244,1.0955781936645508,1.1038745641708374,1.0969363451004028,0.002391442268559807,1
2022-03-17,1.102244257926941,1.1021226644515991,1.1110494136810305,1.1021955013275146,0.004794404206408531,1
2022-03-18,1.1098902225494385,1.1005337238311768,1.1117905378341677,1.1099518537521362,0.007037183889137211,0
2022-03-21,1.1042159795761108,1.1026087999343872,1.1066721677780151,1.1043134927749634,-0.005079824821331402,0
2022-03-22,1.1016370058059692,1.0961546897888184,1.1045695543289185,1.101722002029419,-0.002346698435271688,1
2022-03-23,1.1030100584030151,1.096575379371643,1.1042001247406006,1.1029735803604126,0.0011360200928076658,0
2022-03-24,1.1006306409835815,1.0969964265823364,1.101333737373352,1.1006306409835815,-0.0021242026269255865,1
2022-03-25,1.100897192955017,1.0982975959777832,1.1038745641708374,1.1009578704833984,0.00029731091215534633,0
2022-03-28,1.098189115524292,1.094534993171692,1.0996744632720947,1.098189115524292,-0.002514860044454559,1
2022-03-29,1.099384307861328,1.097044587135315,1.1136353015899658,1.099384307861328,0.0010883301611173124,1
2022-03-30,1.1091516017913818,1.108905553817749,1.1170001029968262,1.1091516017913818,0.008884330857018119,1
2022-03-31,1.116183519363403,1.1074001789093018,1.1183055639266968,1.116183519363403,0.006339906610299373,0
2022-04-01,1.1072357892990112,1.1029735803604126,1.1075423955917358,1.1072357892990112,-0.008016361027705421,0
2022-04-04,1.1047282218933103,1.0980926752090454,1.105705499649048,1.1047282218933103,-0.0022647094954258984,0
2022-04-05,1.0975863933563232,1.092132329940796,1.0991426706314087,1.0975863933563232,-0.006464783279227948,0
2022-04-06,1.090643286705017,1.0875712633132937,1.093744874000549,1.090643286705017,-0.006325795120395661,0
2022-04-07,1.0898232460021973,1.08672034740448,1.0935057401657104,1.0898232460021973,-0.0007518871777932867,0
2022-04-08,1.0864840745925903,1.0836936235427856,1.0891940593719482,1.0864840745925903,-0.0030639568589273525,1
2022-04-11,1.0884946584701538,1.0874648094177246,1.0932785272598269,1.0884946584701538,0.0018505415077689769,0
2022-04-12,1.087795972824097,1.0851871967315674,1.0903936624526978,1.087795972824097,-0.000641882475600597,0
2022-04-13,1.0826143026351929,1.0810343027114868,1.0873819589614868,1.0826143026351929,-0.004763457779174862,1
2022-04-14,1.089656949043274,1.0758588314056396,1.0922634601593018,1.089656949043274,0.006505222026846003,0
2022-04-15,1.0820988416671753,1.0798786878585815,1.0823447704315186,1.0820988416671753,-0.006936226472684548,0
2022-04-18,1.081525444984436,1.0783647298812866,1.081583857536316,1.081525444984436,-0.000529893075068677,0
2022-04-19,1.0781787633895874,1.0761945247650146,1.081209659576416,1.0781787633895874,-0.0030944085600286275,1
2022-04-20,1.0794472694396973,1.0784810781478882,1.08672034740448,1.0794472694396973,0.0011765266514078832,1
2022-04-21,1.0849870443344116,1.082438588142395,1.093469738960266,1.0849870443344116,0.005132047716967181,0
2022-04-22,1.0835175514221191,1.077284336090088,1.0854227542877195,1.0835175514221191,-0.00135438752007766,0
2022-04-25,1.0811045169830322,1.0700336694717407,1.081221342086792,1.0811045169830322,-0.002227037703191659,0
2022-04-26,1.0714209079742432,1.0644639730453491,1.0738831758499146,1.0714209079742432,-0.00895714415828408,0
2022-04-27,1.0643619298934937,1.0516685247421265,1.0656436681747437,1.0643619298934937,-0.006588426666132574,0
2022-04-28,1.0555092096328735,1.0472848415374756,1.056222677230835,1.0555092096328735,-0.008317396565946322,0
2022-04-29,1.050420165061951,1.050420165061951,1.0590416193008425,1.050420165061951,-0.004821411811927856,1
2022-05-02,1.0535964965820312,1.0503981113433838,1.056769609451294,1.0535964965820312,0.0030238676157678945,0
2022-05-03,1.0509058237075806,1.0494390726089478,1.0577645301818848,1.0509058237075806,-0.002553798236022531,1
2022-05-04,1.052853226661682,1.0506519079208374,1.0566357374191284,1.052853226661682,0.0018530708557984443,1
2022-05-05,1.0622477531433103,1.0504642724990845,1.0639996528625488,1.0622477531433103,0.008922921299691522,0
2022-05-06,1.0539740324020386,1.048536777496338,1.0598385334014893,1.0539740324020386,-0.007788880434709267,0
2022-05-09,1.053219199180603,1.0496593713760376,1.0572165250778198,1.053219199180603,-0.0007161781962646829,1
2022-05-10,1.056579828262329,1.0527312755584717,1.0585819482803345,1.056579828262329,0.0031908163887828245,0
2022-05-11,1.0532968044281006,1.0507071018218994,1.0575631856918335,1.0532968044281006,-0.003107217974838483,0
2022-05-12,1.05124831199646,1.0373551845550537,1.0529751777648926,1.05124831199646,-0.0019448387415861301,0
2022-05-13,1.0379581451416016,1.0351966619491575,1.041938066482544,1.0379581451416016,-0.012642271766999169,1
2022-05-16,1.0400632619857788,1.0391337871551514,1.043797731399536,1.0400632619857788,0.0020281326891944396,1
2022-05-17,1.0438958406448364,1.0432424545288086,1.055375576019287,1.0438958406448364,0.0036849476364928524,1
2022-05-18,1.0547856092453003,1.0492409467697144,1.0564124584197998,1.0547856092453003,0.010431853616484466,0
2022-05-19,1.0472739934921265,1.046605348587036,1.0598047971725464,1.0472739934921265,-0.007121462112616772,1
2022-05-20,1.057898759841919,1.0541073083877563,1.05988347530365,1.057898759841919,0.010145163935909807,0
2022-05-23,1.056981921195984,1.0568702220916748,1.069027066230774,1.056981921195984,-0.0008666601008888719,1
2022-05-24,1.0682048797607422,1.0662003755569458,1.0746333599090576,1.0682048797607422,0.010617928594331305,1
2022-05-25,1.0736525058746338,1.064407229423523,1.0736525058746338,1.0736525058746338,0.005099795195760315,0
2022-05-26,1.0686614513397217,1.0664504766464231,1.0728693008422852,1.0686614513397217,-0.004648668454274474,1
2022-05-27,1.0732953548431396,1.0698047876358032,1.0765074491500854,1.0732953548431396,0.004336175406728371,0
2022-05-30,1.073145627975464,1.0727427005767822,1.078515887260437,1.073145627975464,-0.00013950201778101246,1
2022-05-31,1.0773539543151855,1.068216323852539,1.0774933099746704,1.0773539543151855,0.00392148673024062,0
2022-06-01,1.0734105110168457,1.063173770904541,1.0736640691757202,1.0734105110168457,-0.0036603042876901526,0
2022-06-02,1.0654165744781494,1.064565896987915,1.0738486051559448,1.0654165744781494,-0.0074472314707665355,1
2022-06-03,1.0751069784164429,1.0706638097763062,1.0765421390533447,1.0751069784164429,0.0090954131655403,0
2022-06-06,1.0726046562194824,1.0686043500900269,1.0752688646316528,1.0726046562194824,-0.0023275099568660362,0
2022-06-07,1.0691413879394531,1.0652804374694824,1.070893168449402,1.0691413879394531,-0.0032288394982695756,1
2022-06-08,1.0698620080947876,1.0673270225524902,1.0748296976089478,1.0698620080947876,0.00067401764019559,1
2022-06-09,1.071765422821045,1.0647132396697998,1.0770059823989868,1.071765422821045,0.001779121710889564,0
2022-06-10,1.0619205236434937,1.0507733821868896,1.0642147064208984,1.0619205236434937,-0.009185684635764857,0
2022-06-13,1.0489987134933472,1.041905403137207,1.0497585535049438,1.0489987134933472,-0.012168340155825574,0
2022-06-14,1.0415147542953491,1.0398253202438354,1.0482399463653564,1.0415147542953491,-0.007134383580962855,1
2022-06-15,1.0440592765808103,1.0386265516281128,1.0507181882858276,1.0440592765808103,0.002443097685334905,1
2022-06-16,1.0456204414367676,1.0382598638534546,1.0530306100845337,1.0456204414367676,0.0014952837362547378,1
2022-06-17,1.0546854734420776,1.0445609092712402,1.0551751852035522,1.0546854734420776,0.008669524471857093,0
2022-06-20,1.049141764640808,1.048635721206665,1.0545185804367063,1.049141764640808,-0.005256267333593856,1
2022-06-21,1.0520778894424438,1.051425218582153,1.058189868927002,1.0520778894424438,0.0027985968155990193,1
2022-06-22,1.053263545036316,1.0471861362457275,1.0602879524230957,1.053263545036316,0.0011269656037542486,1
2022-06-23,1.0564124584197998,1.0484488010406494,1.058066725730896,1.0564124584197998,0.0029896728110676563,0
2022-06-24,1.052011489868164,1.0513699054718018,1.0569148063659668,1.052011489868164,-0.00416595669291786,1
2022-06-27,1.0566133260726929,1.0550860166549685,1.0614246129989624,1.0566133260726929,0.004374321239690504,1
2022-06-28,1.0580891370773315,1.0505746603012085,1.0605015754699707,1.0580891370773315,0.0013967370732717033,0
2022-06-29,1.0523545742034912,1.0468025207519531,1.053629755973816,1.0523545742034912,-0.005419735136569348,0
2022-06-30,1.04465913772583,1.0383893251419067,1.047877550125122,1.04465913772583,-0.007312588994527469,1
2022-07-01,1.0477677583694458,1.036989450454712,1.0477896928787231,1.0477677583694458,0.0029757272313561955,0
2022-07-04,1.0433948040008545,1.041807770729065,1.046353459358215,1.0433948040008545,-0.004173591269306276,0
2022-07-05,1.0433186292648315,1.0237300395965576,1.044855713844299,1.0433186292648315,-7.300662772213862e-05,0
2022-07-06,1.0257673263549805,1.0162187814712524,1.0273902416229248,1.0257673263549805,-0.01682257214386984,0
2022-07-07,1.0186411142349243,1.015331506729126,1.0219202041625977,1.0186411142349243,-0.0069472013164806334,0
2022-07-08,1.0169836282730105,1.007973074913025,1.0191082954406738,1.0169836282730105,-0.0016271539983527816,0
2022-07-11,1.0166114568710327,1.0054292678833008,1.0167768001556396,1.0166114568710327,-0.0003659561389496302,0
2022-07-12,1.004752516746521,1.0001100301742554,1.007384181022644,1.004752516746521,-0.011665164743481893,0
2022-07-13,1.0033109188079834,0.9998899698257446,1.011623501777649,1.0033109188079834,-0.001434779126710306,0
2022-07-14,1.0032706260681152,0.995361626148224,1.0049240589141846,1.0032706260681152,-4.0159774116754754e-05,0
2022-07-15,1.0025665760040283,1.0010610818862915,1.009795069694519,1.0025665760040283,-0.0007017548862624512,1
2022-07-18,1.009631872177124,1.008237361907959,1.0198878049850464,1.009631872177124,0.007047208975643482,1
2022-07-19,1.0145177841186523,1.0125659704208374,1.0268205404281616,1.0145177841186523,0.004839300418470804,1
2022-07-20,1.0231330394744873,1.0175942182540894,1.0271897315979004,1.0231330394744873,0.008491970757633638,0
2022-07-21,1.0182781219482422,1.016311764717102,1.0275379419326782,1.0182781219482422,-0.00474514783408686,1
2022-07-22,1.0221081972122192,1.0133970975875854,1.025514841079712,1.0221081972122192,0.0037613253014305847,0
2022-07-25,1.0200231075286863,1.0180604457855225,1.0256409645080566,1.0200231075286863,-0.002039989199988823,1
2022-07-26,1.022494912147522,1.011398434638977,1.0249052047729492,1.022494912147522,0.0024232829634853736,0
2022-07-27,1.0129557847976685,1.0107442140579224,1.0171905755996704,1.0129557847976685,-0.009329266323505392,1
2022-07-28,1.0209290981292725,1.0115723609924316,1.0233110189437866,1.0209290981292725,0.007871334021945176,0
2022-07-29,1.0192328691482544,1.014857530593872,1.0253781080245972,1.0192328691482544,-0.0016614562011467715,1
2022-08-01,1.0208247900009155,1.0208247900009155,1.0277491807937622,1.0208247900009155,0.0015618813922195773,1
2022-08-02,1.0261356830596924,1.0183714628219604,1.0293148756027222,1.0261356830596924,0.005202551026187496,0
2022-08-03,1.015568733215332,1.0123199224472046,1.020762324333191,1.015568733215332,-0.010297809557554993,1
2022-08-04,1.015764594078064,1.0155996084213257,1.0232481956481934,1.015764594078064,0.0001928583032602127,1
2022-08-05,1.024779200553894,1.014363408088684,1.0249052047729492,1.024779200553894,0.008874700426048987,0
2022-08-08,1.0170871019363403,1.0160020589828491,1.0221813917160034,1.0170871019363403,-0.00750610337660651,1
2022-08-09,1.0197629928588867,1.0189213752746582,1.0246951580047607,1.0197629928588867,0.0026309358534308824,1
2022-08-10,1.0208144187927246,1.0203040838241575,1.0369141101837158,1.0208144187927246,0.0010310493136156396,1
2022-08-11,1.0300782918930054,1.0276330709457395,1.036591649055481,1.0300782918930054,0.00907498261166495,1
2022-08-12,1.0316723585128784,1.0239607095718384,1.0327378511428833,1.0316723585128784,0.0015475198656440536,0
2022-08-15,1.0256409645080566,1.0182262659072876,1.0267151594161987,1.0256409645080566,-0.00584623010886498,0
2022-08-16,1.0161981582641602,1.012340426445007,1.019440770149231,1.0161981582641602,-0.00920673663656335,1
2022-08-17,1.0170663595199585,1.014806032180786,1.019783854484558,1.0170663595199585,0.0008543621622787434,1
2022-08-18,1.0180189609527588,1.0113166570663452,1.0193679332733154,1.0180189609527588,0.0009366167938638092,0
2022-08-19,1.0089900493621826,1.003623127937317,1.011224627494812,1.0089900493621826,-0.008869099630645416,0
2022-08-22,1.0035223960876465,0.99277263879776,1.0048232078552246,1.0035223960876465,-0.005418936765523519,0
2022-08-23,0.9939467906951904,0.9903146624565125,1.0019036531448364,0.9939467906951904,-0.009541994707629509,1
2022-08-24,0.9966909885406494,0.9911981225013732,0.9998200535774232,0.9966909885406494,0.002760910212849188,1
2022-08-25,0.9969095587730408,0.995678722858429,1.0030593872070312,0.9969095587730408,0.0002192958849878135,1
2022-08-26,0.9971283078193665,0.994727909564972,1.0088272094726562,0.9971283078193665,0.00021942717310774462,0
2022-08-29,0.993867814540863,0.991493046283722,1.003109574317932,0.993867814540863,-0.003269883377028826,1
2022-08-30,1.0014019012451172,0.998342752456665,1.0052272081375122,1.0014019012451172,0.00758057217874053,1
2022-08-31,1.0025062561035156,0.9971680045127868,1.0077394247055054,1.0025062561035156,0.0011028088293274507,1
2022-09-01,1.003905177116394,0.9917388558387756,1.004580855369568,1.003905177116394,0.0013954237236539768,0
2022-09-02,0.995232880115509,0.9951239228248596,1.0033310651779177,0.995232880115509,-0.008638561886686547,0
2022-09-05,0.9909427762031556,0.9880836606025696,0.9943521022796632,0.9909427762031556,-0.00431065331347924,1
2022-09-06,0.9952229857444764,0.9865143895149232,0.9985321760177612,0.9952229857444764,0.0043193306859965475,0
2022-09-07,0.98979514837265,0.9877811670303344,0.9955201148986816,0.98979514837265,-0.005453890685378493,1
2022-09-08,0.9995701909065248,0.99334454536438,1.00290846824646,0.9995701909065248,0.009875823850971743,1
2022-09-09,1.0012015104293823,1.000930905342102,1.011224627494812,1.0012015104293823,0.0016320209803155628,1
2022-09-12,1.0071406364440918,1.0064716339111328,1.0196797847747805,1.0071406364440918,0.00593199865645655,1
2022-09-13,1.0129557847976685,0.9995802044868468,1.018744945526123,1.0129557847976685,0.005773918897869379,0
2022-09-14,0.9982032775878906,0.9963633418083192,1.0022751092910769,0.9982032775878906,-0.014563821472942773,1
2022-09-15,0.9984025359153748,0.9957482218742372,1.0017931461334229,0.9984025359153748,0.00019961698379278303,1
2022-09-16,0.9988313317298888,0.994579553604126,1.0035626888275146,0.9988313317298888,0.00042948189641855983,1
2022-09-19,1.002234935760498,0.996681034564972,1.002807855606079,1.002234935760498,0.0034075863686759966,1
2022-09-20,1.0029587745666504,0.995708465576172,1.0050251483917236,1.0029587745666504,0.0007222246803870735,0
2022-09-21,0.997078537940979,0.9869135022163392,0.9974067807197572,0.997078537940979,-0.005862889656867543,0
2022-09-22,0.983071506023407,0.9811038970947266,0.9906188249588012,0.983071506023407,-0.014048072829345282,1
2022-09-23,0.9841550588607788,0.9703933596611024,0.9852216839790344,0.9841550588607788,0.0011022116201444554,0
2022-09-26,0.968992292881012,0.9582307934761048,0.9699885249137878,0.968992292881012,-0.015406887200598907,0
2022-09-27,0.9623712301254272,0.9594534635543824,0.9670057892799376,0.9623712301254272,-0.0068329364477182075,0
2022-09-28,0.959619164466858,0.954016387462616,0.9686262011528016,0.959619164466858,-0.0028596715824625862,1
2022-09-29,0.9708172082901,0.9638276100158693,0.9787322282791138,0.9708172082901,0.011669258220226686,1
2022-09-30,0.9829555749893188,0.9736055731773376,0.9849985241889954,0.9829555749893188,0.012503246332641993,0
2022-10-03,0.9792688488960266,0.9753623604774476,0.9844263195991516,0.9792688488960266,-0.0037506538312601645,1
2022-10-04,0.983206868171692,0.9806710481643676,0.998013973236084,0.983206868171692,0.004021387262655107,1
2022-10-05,0.998432457447052,0.9835453629493712,0.999420404434204,0.998432457447052,0.015485641697837726,0
2022-10-06,0.9910998940467834,0.978933334350586,0.9926347136497498,0.9910998940467834,-0.0073440755512070854,0
2022-10-07,0.9789045453071594,0.9731696844100952,0.9816046953201294,0.9789045453071594,-0.012304863326973892,0
2022-10-10,0.9735012650489808,0.96825110912323,0.9752291440963744,0.9735012650489808,-0.00551972128853806,0
2022-10-11,0.9710057377815248,0.9673987030982972,0.975809633731842,0.9710057377815248,-0.0025634555979036078,0
2022-10-12,0.9700167775154114,0.9669683575630188,0.9733022451400756,0.9700167775154114,-0.0010184906511190306,1
2022-10-13,0.9707984328269958,0.9635953307151794,0.979508638381958,0.9707984328269958,0.000805816280401439,1
2022-10-14,0.975134015083313,0.9709492325782776,0.9803825616836548,0.975134015083313,0.0044659963486877174,0
2022-10-17,0.973937451839447,0.9724504947662354,0.9847074747085572,0.973937451839447,-0.0012270756894514623,1
2022-10-18,0.9846396446228028,0.9814602136611938,0.9873617887496948,0.9846396446228028,0.010988583263887186,1
2022-10-19,0.9863878488540648,0.9760192036628724,0.9866993427276612,0.9863878488540648,0.001775476176293589,0
2022-10-20,0.9766482710838318,0.9755526185035706,0.9845135807991028,0.9766482710838318,-0.009873983931926955,1
2022-10-21,0.9778899550437928,0.9707323908805848,0.9856975078582764,0.9778899550437928,0.0012713727108564221,1
2022-10-24,0.9860085844993592,0.9808922410011292,0.9889631271362304,0.9860085844993592,0.00830219127795706,1
2022-10-25,0.9886503219604492,0.9852216839790344,0.9975360631942748,0.9886503219604492,0.0026792235915789053,1
2022-10-26,0.9963731169700624,0.9944608211517334,1.0080543756484983,0.9963731169700624,0.007811452480285697,1
2022-10-27,1.009193778038025,0.9976455569267272,1.0094891786575315,1.009193778038025,0.012867329366482494,0
2022-10-28,0.9967803955078124,0.993147313594818,0.9998999834060668,0.9967803955078124,-0.012300296335898353,0
2022-10-31,0.9955002665519714,0.9873520135879515,0.9968101382255554,0.9955002665519714,-0.0012842637772674248,0
2022-11-01,0.9886307716369628,0.9862127304077148,0.9951634407043456,0.9886307716369628,-0.00690054553054209,0
2022-11-02,0.9877909421920776,0.9867576956748962,0.9913553595542908,0.9877909421920776,-0.0008494874618302228,0
2022-11-03,0.9814409017562866,0.9731224179267884,0.9839614629745485,0.9814409017562866,-0.006428526689766123,0
2022-11-04,0.9749630093574524,0.9748489260673524,0.993818461894989,0.9749630093574524,-0.0066003896793398464,1
2022-11-07,0.9928810596466064,0.9919454455375672,1.0005003213882446,0.9928810596466064,0.018378184728221614,1
2022-11-08,1.0018634796142578,0.9976056814193726,1.0094178915023804,1.0018634796142578,0.009046823766432288,1
2022-11-09,1.008084774017334,1.0012515783309937,1.0088781118392944,1.008084774017334,0.006209722711393306,0
2022-11-10,1.0019538402557373,0.9937788844108582,1.018298864364624,1.0019538402557373,-0.006081764073436191,1
2022-11-11,1.0192224979400637,1.016621708869934,1.0338374376296997,1.0192224979400637,0.017234983280186578,1
2022-11-14,1.0328551530838013,1.0273585319519043,1.0350252389907837,1.0328551530838013,0.013375543780960841,0
2022-11-15,1.0319278240203855,1.031385064125061,1.0475481748580933,1.0319278240203855,-0.0008978306983772333,1
2022-11-16,1.0357863903045654,1.0336451530456543,1.0437324047088623,1.0357863903045654,0.003739182328805768,1
2022-11-17,1.039501070976257,1.0309491157531738,1.040571928024292,1.039501070976257,0.0035863385602117326,0
2022-11-18,1.036172866821289,1.0328017473220823,1.0395874977111816,1.036172866821289,-0.003201732300133542,0
2022-11-21,1.0330898761749268,1.022704005241394,1.0333247184753418,1.0330898761749268,-0.0029753632285509646,0
2022-11-22,1.0245691537857056,1.0243382453918457,1.0290182828903198,1.0245691537857056,-0.008247803589722214,1
2022-11-23,1.0311086177825928,1.0298130512237549,1.0382059812545776,1.0311086177825928,0.00638264774293118,1
2022-11-24,1.04162335395813,1.0383676290512085,1.0448229312896729,1.04162335395813,0.01019750586330015,0
2022-11-25,1.040810227394104,1.0356147289276123,1.04290509223938,1.040810227394104,-0.0007806339603814161,0
2022-11-28,1.0367528200149536,1.0342438220977783,1.0496704578399658,1.0367528200149536,-0.003898316208238106,0
2022-11-29,1.034554123878479,1.032545804977417,1.039414644241333,1.034554123878479,-0.002120752501491019,0
2022-11-30,1.0324499607086182,1.0292301177978516,1.0394577980041504,1.0324499607086182,-0.002033884087158655,1
2022-12-01,1.042535424232483,1.0397928953170776,1.053141474723816,1.042535424232483,0.009768476834405293,1
2022-12-02,1.052842140197754,1.0434166193008425,1.0545185804367063,1.052842140197754,0.009886202162251445,1
2022-12-05,1.0544185638427734,1.0492409467697144,1.0594117641448977,1.0544185638427734,0.001497302952485846,0
2022-12-06,1.0496923923492432,1.0477018356323242,1.0532081127166748,1.0496923923492432,-0.0044822536852026085,0
2022-12-07,1.0469011068344116,1.0443755388259888,1.0546187162399292,1.0469011068344116,-0.0026591461795627547,1
2022-12-08,1.051325798034668,1.049163818359375,1.0563119649887085,1.051325798034668,0.004226465299703053,1
2022-12-09,1.0559661388397217,1.0520004034042358,1.0588396787643433,1.0559661388397217,0.004413799046621314,0
2022-12-12,1.0522217750549316,1.0507071018218994,1.0579211711883545,1.0522217750549316,-0.003545912740065993,1
2022-12-13,1.0541739463806152,1.0529308319091797,1.066894292831421,1.0541739463806152,0.0018552850472817184,1
2022-12-14,1.062665343284607,1.0620108842849731,1.0669853687286377,1.062665343284607,0.00805502444178785,1
2022-12-15,1.0676347017288208,1.0607378482818604,1.0725586414337158,1.0676347017288208,0.00467631552644221,0
2022-12-16,1.064056158065796,1.0599396228790283,1.0663254261016846,1.064056158065796,-0.0033518427765883985,0
2022-12-19,1.05850350856781,1.0577198266983032,1.0659003257751465,1.05850350856781,-0.005218380116402188,1
2022-12-20,1.0614584684371948,1.058066725730896,1.065552830696106,1.0614584684371948,0.0027916391825502096,1
2022-12-21,1.062699317932129,1.059703707695007,1.0643506050109863,1.062699317932129,0.0011690042821561608,0
2022-12-22,1.0610079765319824,1.05840265750885,1.065745830535889,1.0610079765319824,-0.0015915521649506603,0
2022-12-23,1.060333013534546,1.0587948560714722,1.063117265701294,1.060333013534546,-0.0006361526137086404,1
2022-12-26,1.0667804479599,1.060895323753357,1.0667804479599,1.0667804479599,0.006080575010922296,0
2022-12-27,1.064022183418274,1.0612443685531616,1.0668998956680298,1.064022183418274,-0.0025855972022179596,0
2022-12-28,1.0637166500091553,1.0613908767700195,1.067429542541504,1.0637166500091553,-0.0002871494728964308,0
2022-12-29,1.062925100326538,1.0612331628799438,1.0670194625854492,1.062925100326538,-0.0007441358397561881,1
2022-12-30,1.066075325012207,1.0639203786849976,1.0697933435440063,1.066075325012207,0.002963731578736084,1
2023-01-02,1.0709733963012695,1.0653257369995115,1.071237325668335,1.0709733963012695,0.004594488939143604,0
2023-01-03,1.0677714347839355,1.052155375480652,1.068261981010437,1.0677714347839355,-0.0029897675594858786,0
2023-01-04,1.0546854734420776,1.0545964241027832,1.063151240348816,1.0546854734420776,-0.012255395598315344,1
2023-01-05,1.0606365203857422,1.0515578985214231,1.06326425075531,1.0606365203857422,0.005642484981084106,0
2023-01-06,1.0522217750549316,1.0485258102416992,1.062225103378296,1.0522217750549316,-0.007933674891517195,1
2023-01-09,1.0656323432922363,1.0652804374694824,1.0759514570236206,1.0656323432922363,0.012745001629152375,1
2023-01-10,1.073318362236023,1.0713175535202026,1.0756852626800537,1.073318362236023,0.007212636696105612,1
2023-01-11,1.0738946199417114,1.0726851224899292,1.077470064163208,1.0738946199417114,0.0005368935499137084,1
2023-01-12,1.0766000747680664,1.073802471160889,1.0838346481323242,1.0766000747680664,0.0025192926532231485,1
2023-01-13,1.0860239267349243,1.0780625343322754,1.0867793560028076,1.0860239267349243,0.008753345079312025,0
2023-01-16,1.082461953163147,1.080263614654541,1.0875475406646729,1.082461953163147,-0.0032798297386377184,1
2023-01-17,1.083012938499451,1.078702092170715,1.086909294128418,1.083012938499451,0.0005090112725845142,0
2023-01-18,1.0793308019638062,1.0767043828964231,1.0884472131729126,1.0793308019638062,-0.003399900781191456,1
2023-01-19,1.0797853469848633,1.0782949924468994,1.0833063125610352,1.0797853469848633,0.00042113596705495304,1
2023-01-20,1.083388328552246,1.0804619789123535,1.0856584310531616,1.083388328552246,0.0033367572336886475,1
2023-01-23,1.0864723920822144,1.0847516059875488,1.0919533967971802,1.086507797241211,0.0028793633886876613,1
2023-01-24,1.0874292850494385,1.0839285850524902,1.089680790901184,1.0874292850494385,0.0008481189095626007,1
2023-01-25,1.088814616203308,1.0858116149902344,1.0922634601593018,1.088814616203308,0.0012739505666399253,1
2023-01-26,1.0922038555145264,1.0851635932922363,1.0932546854019165,1.0922038555145264,0.00311277903582563,0
2023-01-27,1.0894432067871094,1.0838816165924072,1.0901559591293335,1.0894432067871094,-0.0025275947466020243,0
2023-01-30,1.0871455669403076,1.0854581594467163,1.0915005207061768,1.0871455669403076,-0.0021090037851332344,0
2023-01-31,1.0850694179534912,1.0804152488708496,1.0868383646011353,1.0850694179534912,-0.0019097249254850235,1
2023-02-01,1.0860947370529177,1.085293173789978,1.092442512512207,1.0860947370529177,0.0009449341051011029,1
2023-02-02,1.1012852191925049,1.088767170906067,1.102657437324524,1.1012852191925049,0.013986332519026812,0
2023-02-03,1.09051251411438,1.0811045169830322,1.094067931175232,1.09051251411438,-0.009781939220090186,0
2023-02-06,1.079086184501648,1.0718343257904053,1.0800302028656006,1.079086184501648,-0.010477944512183424,0
2023-02-07,1.0730764865875244,1.0669511556625366,1.0745997428894043,1.0730764865875244,-0.005569247387685716,0
2023-02-08,1.0729728937149048,1.071684956550598,1.0760208368301392,1.0729728937149048,-9.653820013244552e-05,0
2023-02-09,1.0715816020965576,1.0711569786071775,1.0790396928787231,1.0715816020965576,-0.0012966698660300535,1
2023-02-10,1.0742292404174805,1.0669283866882324,1.0751763582229614,1.0742292404174805,0.002470776201964231,0
2023-02-13,1.0677714347839355,1.065723180770874,1.0725010633468628,1.0677714347839355,-0.00601157126484031,1
2023-02-14,1.073041915893555,1.0709964036941528,1.0798436403274536,1.073041915893555,0.004935963763336604,1
2023-02-15,1.0735719203948977,1.066598415374756,1.0744600296020508,1.0735719203948977,0.000493927118309756,0
2023-02-16,1.0691757202148438,1.0655754804611206,1.0722250938415527,1.0691757202148438,-0.004094928431470968,0
2023-02-17,1.0665756464004517,1.0613795518875122,1.0681477785110474,1.0665756464004517,-0.0024318489142922672,1
2023-02-20,1.0684444904327393,1.0671560764312744,1.070549249649048,1.0684444904327393,0.0017521907973379047,0
2023-02-21,1.068261981010437,1.0644866228103638,1.0695644617080688,1.068261981010437,-0.00017081787957773376,0
2023-02-22,1.065200924873352,1.061909317970276,1.0665528774261477,1.065200924873352,-0.002865454534092482,0
2023-02-23,1.0605803728103638,1.0582010746002195,1.0630381107330322,1.0605803728103638,-0.004337728174182431,0
2023-02-24,1.0598047971725464,1.053774118423462,1.0614246129989624,1.0598047971725464,-0.0007312747413590337,0
2023-02-27,1.055475831031799,1.0533522367477417,1.0618642568588257,1.055475831031799,-0.004084682530496653,1
2023-02-28,1.0611205101013184,1.058234691619873,1.0645002126693726,1.0611205101013184,0.0053479946234309406,0
2023-03-01,1.0577309131622314,1.056568622589111,1.0691070556640625,1.0577309131622314,-0.0031943562553166105,1
2023-03-02,1.066894292831421,1.0583466291427612,1.067270040512085,1.066894292831421,0.008663242754052058,0
2023-03-03,1.0599732398986816,1.0591312646865845,1.062925100326538,1.0599732398986816,-0.006487102779762277,1
2023-03-06,1.0626201629638672,1.062304139137268,1.0693814754486084,1.0626201629638672,0.002497160273063681,1
2023-03-07,1.0688328742980957,1.0571606159210205,1.06963312625885,1.0688328742980957,0.005846596508106927,0
2023-03-08,1.05507493019104,1.0526647567749023,1.0573283433914185,1.05507493019104,-0.012871932027811672,0
2023-03-09,1.0549525022506714,1.053851842880249,1.0586491823196411,1.0549525022506714,-0.00011603719969588422,1
2023-03-10,1.0584698915481567,1.0575743913650513,1.0698620080947876,1.0584698915481567,0.0033341684009291495,1
2023-03-13,1.0683646202087402,1.0652350187301636,1.0737217664718628,1.0683646202087402,0.009348143711590318,1
2023-03-14,1.0725010633468628,1.0679652690887451,1.0747140645980835,1.0725010633468628,0.003871752264984485,1
2023-03-15,1.0727657079696655,1.052033543586731,1.0760092735290527,1.0727657079696655,0.00024675464840751005,0
2023-03-16,1.0583354234695437,1.0555092096328735,1.063456416130066,1.0583354234695437,-0.013451478167989639,1
2023-03-17,1.0614134073257446,1.0612106323242188,1.0669625997543335,1.0614134073257446,0.002908325458965022,1
2023-03-20,1.0678855180740356,1.0632416009902954,1.0730534791946411,1.0678855180740356,0.006097634252235196,1
2023-03-21,1.071914792060852,1.070491909980774,1.0787253379821775,1.071914792060852,0.003773132904811183,1
2023-03-22,1.0774236917495728,1.0759514570236206,1.0801469087600708,1.0774236917495728,0.005139307461304199,1
2023-03-23,1.0870392322540283,1.0868619680404663,1.0928997993469238,1.0870392322540283,0.008924567538366901,0
2023-03-24,1.0835057497024536,1.0718917846679688,1.0839003324508667,1.0835057497024536,-0.00325055660065543,0
2023-03-27,1.077818512916565,1.074806571006775,1.0795999765396118,1.077818512916565,-0.005248921648501104,1
2023-03-28,1.0807071924209597,1.0804035663604736,1.08489990234375,1.0807071924209597,0.002680116800534371,1
2023-03-29,1.0839520692825315,1.0821340084075928,1.0871999263763428,1.0839520692825315,0.003002549519729447,1
2023-03-30,1.0843634605407717,1.0826963186264038,1.0923947095870972,1.0843634605407717,0.00037952901230453584,1
2023-03-31,1.0904649496078491,1.086059331893921,1.0925856828689575,1.0904649496078491,0.005626793311566125,0
2023-04-03,1.080333590507507,1.078934907913208,1.0915720462799072,1.080333590507507,-0.009290861759459035,1
2023-04-04,1.091226577758789,1.088387966156006,1.0971648693084717,1.091226577758789,0.010082984873371226,1
2023-04-05,1.0960105657577517,1.0905362367630005,1.0969241857528689,1.0960105657577517,0.004384046445045531,0
2023-04-06,1.090334177017212,1.0885539054870603,1.0930156707763672,1.090334177017212,-0.005179136878680768,1
2023-04-07,1.0920130014419556,1.0881037712097168,1.0925379991531372,1.0920130014419556,0.0015397338358560386,0
2023-04-10,1.0913575887680054,1.0832475423812866,1.0918222665786743,1.0913575887680054,-0.0006001876104815285,0
2023-04-11,1.086932897567749,1.086802959442139,1.0926692485809326,1.086932897567749,-0.004054300117389831,1
2023-04-12,1.0917507410049438,1.091524362564087,1.099855899810791,1.0917507410049438,0.0044325122994950394,1
2023-04-13,1.0999890565872192,1.0981649160385132,1.106899976730347,1.0999890565872192,0.0075459674748579175,1
2023-04-14,1.1054610013961792,1.097803235054016,1.1075423955917358,1.1054610013961792,0.004974544770415257,0
2023-04-17,1.098659634590149,1.0910717248916626,1.0999042987823486,1.098659634590149,-0.006152516278222664,0
2023-04-18,1.0925379991531372,1.0922753810882568,1.0983458757400513,1.0925379991531372,-0.0055719125780892,1
2023-04-19,1.0975382328033447,1.0918341875076294,1.098659634590149,1.0975382328033447,0.004576713719873782,0
2023-04-20,1.095218300819397,1.0934339761734009,1.0989010334014893,1.095218300819397,-0.0021137596072823284,1
2023-04-21,1.0970927476882937,1.0939722061157229,1.099251389503479,1.0970927476882937,0.0017114824208965818,1
2023-04-24,1.0992271900177002,1.0968761444091797,1.103423833847046,1.0992271900177002,0.0019455441063702672,1
2023-04-25,1.1059499979019165,1.0969241857528689,1.1068068742752075,1.1059499979019165,0.006115940312673818,0
2023-04-26,1.0978394746780396,1.0969241857528689,1.109410047531128,1.0978394746780396,-0.007333535186277218,1
2023-04-27,1.1047282218933103,1.0994206666946411,1.1065618991851809,1.1047282218933103,0.006274821933590191,0
2023-04-28,1.1032048463821411,1.0965633392333984,1.1043744087219238,1.1032048463821411,-0.0013789595313844494,0
2023-05-01,1.1010911464691162,1.0966956615447998,1.103557825088501,1.1010911464691162,-0.0019159632229287515,0
2023-05-02,1.0969241857528689,1.0943553447723389,1.100521683692932,1.0969241857528689,-0.0037843921728093477,1
2023-05-03,1.1010911464691162,1.100594401359558,1.1058155298233032,1.1010911464691162,0.003798768201457303,1
2023-05-04,1.1068925857543943,1.0986838340759275,1.109139323234558,1.1068925857543943,0.005268809311455902,0
2023-05-05,1.102292776107788,1.0971648693084717,1.1048002243041992,1.102292776107788,-0.0041556061589040905,0
2023-05-08,1.10186767578125,1.1012487411499023,1.1053388118743896,1.10186767578125,-0.0003856510137344449,0
2023-05-09,1.0996140241622925,1.0944032669067385,1.1001100540161133,1.0996140241622925,-0.0020453015080595938,0
2023-05-10,1.096467137336731,1.0942834615707395,1.100473165512085,1.096467137336731,-0.0028618103774721293,1
2023-05-11,1.098406195640564,1.0901321172714231,1.0998680591583252,1.098406195640564,0.0017684600274869844,0
2023-05-12,1.0912145376205444,1.085564136505127,1.0935176610946655,1.0912145376205444,-0.006547357479011251,0
2023-05-15,1.0852696895599363,1.0848575830459597,1.089205980300903,1.0852696895599363,-0.005447918677450203,1
2023-05-16,1.0873701572418213,1.0856702327728271,1.090358018875122,1.0873701572418213,0.001935433839248546,0
2023-05-17,1.0865668058395386,1.081162929534912,1.0875475406646729,1.0865668058395386,-0.0007388021428880176,0
2023-05-18,1.0838346481323242,1.0765421390533447,1.0849517583847046,1.0838346481323242,-0.0025144866312231118,0
2023-05-19,1.0775396823883057,1.0761018991470337,1.082391619682312,1.0775396823883057,-0.005808049922436109,1
2023-05-22,1.0822745561599731,1.0796570777893066,1.0830715894699097,1.0822745561599731,0.00439415257651854,0
2023-05-23,1.0811045169830322,1.076379895210266,1.0821340084075928,1.0811045169830322,-0.0010810927507085566,0
2023-05-24,1.076971173286438,1.074968338012695,1.079936981201172,1.076971173286438,-0.00382326003791833,0
2023-05-25,1.0757315158843994,1.0709964036941528,1.0757315158843994,1.0757315158843994,-0.0011510590374074203,0
2023-05-26,1.072443604469299,1.0702054500579834,1.0757546424865725,1.072443604469299,-0.0030564423990099288,0
2023-05-29,1.0723055601119995,1.0706294775009155,1.0745755434036257,1.0723055601119995,-0.00012871945594561396,0
2023-05-30,1.0707669258117676,1.067338466644287,1.0745755434036257,1.0707669258117676,-0.001434884194828956,1
2023-05-31,1.073306918144226,1.06516695022583,1.0738831758499146,1.073306918144226,0.002372124382281404,0
2023-06-01,1.0695186853408811,1.0664163827896118,1.0753995180130005,1.0695186853408811,-0.0035294963065130025,1
2023-06-02,1.0760787725448608,1.071811318397522,1.077934741973877,1.0760787725448608,0.0061336817148629486,0
2023-06-05,1.0698620080947876,1.0674750804901123,1.0722709894180298,1.0698620080947876,-0.005777239184238336,1
2023-06-06,1.0711798667907717,1.0667349100112915,1.073306918144226,1.0711798667907717,0.0012318024997737265,0
2023-06-07,1.0698047876358032,1.0668829679489136,1.074021577835083,1.0698047876358032,-0.0012837051905093544,1
2023-06-08,1.0707440376281738,1.0702168941497805,1.078283429145813,1.0707440376281738,0.0008779639082063806,1
2023-06-09,1.078271746635437,1.0747718811035156,1.0787487030029297,1.078271746635437,0.007030353420354185,0
2023-06-12,1.0750954151153564,1.073433518409729,1.0789697170257568,1.0750954151153564,-0.002945761613426079,1
2023-06-13,1.0762988328933716,1.076055645942688,1.0822510719299316,1.0762988328933716,0.0011193590458071778,1
2023-06-14,1.078934907913208,1.077574610710144,1.085835337638855,1.078934907913208,0.0024492036405445727,1
2023-06-15,1.084304690361023,1.0804269313812256,1.0938525199890137,1.084304690361023,0.004976929014374631,1
2023-06-16,1.0945948362350464,1.0920130014419556,1.0970999002456665,1.0945948362350464,0.009490087025812999,0
2023-06-19,1.0942115783691406,1.0911003351211548,1.0949305295944214,1.0942115783691406,-0.0003501367384702858,0
2023-06-20,1.0924304723739624,1.0894551277160645,1.0945229530334473,1.0924304723739624,-0.0016277528317081291,0
2023-06-21,1.0920368432998655,1.0906671285629272,1.0961307287216189,1.0920368432998655,-0.00036032414332187734,1
2023-06-22,1.0992635488510132,1.095110297203064,1.1011154651641846,1.0992635488510132,0.00661763895191525,0
2023-06-23,1.0958904027938845,1.0845046043395996,1.0958904027938845,1.0958904027938845,-0.0030685508135464,0
2023-06-26,1.0906671285629272,1.088814616203308,1.0921800136566162,1.0906671285629272,-0.004766237771259729,1
2023-06-27,1.091048002243042,1.0903223752975464,1.0976104736328125,1.091048002243042,0.0003492116615053664,1
2023-06-28,1.0957223176956177,1.0899657011032104,1.0962508916854858,1.0957223176956177,0.004284243629030016,0
2023-06-29,1.0915838479995728,1.0862362384796145,1.094067931175232,1.0915838479995728,-0.00377693292288539,0
2023-06-30,1.086802959442139,1.0836466550827026,1.0933741331100464,1.086802959442139,-0.004379772168849216,1
2023-07-03,1.0907504558563232,1.0871810913085938,1.093135118484497,1.0907504558563232,0.0036322098498982047,1
2023-07-04,1.091309905052185,1.0890754461288452,1.0918222665786743,1.091309905052185,0.0005129030135702095,0
2023-07-05,1.0884946584701538,1.086507797241211,1.0906195640563965,1.0884946584701538,-0.002579694886849393,0
2023-07-06,1.0856584310531616,1.083435297012329,1.0901559591293335,1.0856584310531616,-0.0026056420166346017,1
2023-07-07,1.0890636444091797,1.0868619680404663,1.096467137336731,1.0890636444091797,0.0031365420823148416,1
2023-07-10,1.0969723463058472,1.0944511890411377,1.0992755889892578,1.0969723463058472,0.007261928113446503,1
2023-07-11,1.100594401359558,1.0978635549545288,1.1025601625442505,1.100594401359558,0.0033018654170349215,1
2023-07-12,1.101406455039978,1.1012852191925049,1.1125946044921875,1.101406455039978,0.0007378319201123418,1
2023-07-13,1.1144545078277588,1.113065242767334,1.1196202039718628,1.1144545078277588,0.011846719009202866,1
2023-07-14,1.1223469972610474,1.1206114292144775,1.12447988986969,1.1223469972610474,0.007081930556925409,1
2023-07-17,1.1227755546569824,1.1205486059188845,1.125112533569336,1.1227755546569824,0.00038184037288013783,1
2023-07-18,1.123759627342224,1.1220070123672483,1.1275737285614014,1.123759627342224,0.0008764642952545643,0
2023-07-19,1.1228890419006348,1.1176306009292605,1.123974323272705,1.1228890419006348,-0.0007747078827241571,0
2023-07-20,1.120523452758789,1.1133129596710205,1.12296462059021,1.120523452758789,-0.0021066989289000304,0
2023-07-21,1.113709807395935,1.110962986946106,1.1147029399871826,1.113709807395935,-0.0060807699705690554,0
2023-07-24,1.112532615661621,1.1068804264068604,1.114504098892212,1.112532615661621,-0.0010570004201242433,0
2023-07-25,1.1063170433044434,1.1022076606750488,1.1088933944702148,1.1063170433044434,-0.005586867539592366,0
2023-07-26,1.1050456762313845,1.1038380861282349,1.1086474657058716,1.1050456762313845,-0.001149188725558692,1
2023-07-27,1.1078368425369265,1.0984907150268557,1.115200161933899,1.1078368425369265,0.002525837950030141,0
2023-07-28,1.0978755950927734,1.0947027206420898,1.1046794652938845,1.0978755950927734,-0.008991619579415633,1
2023-07-31,1.1024264097213743,1.100618600845337,1.1045451164245603,1.1024264097213743,0.004145109563362004,0
2023-08-01,1.0997591018676758,1.095446228981018,1.100231051445007,1.0997591018676758,-0.0024194883487711483,1
2023-08-02,1.100788116455078,1.0919772386550903,1.100788116455078,1.100788116455078,0.000935672717465641,0
2023-08-03,1.0944151878356934,1.0913575887680054,1.0953983068466189,1.0944151878356934,-0.0057894235267614835,1
2023-08-04,1.095158338546753,1.0936251878738403,1.1040940284729004,1.095158338546753,0.0006790391062911905,1
2023-08-07,1.1002674102783203,1.096611499786377,1.1012003421783447,1.1002674102783203,0.0046651443464760245,1
2023-08-08,1.100315809249878,1.0930992364883425,1.1009820699691772,1.100315809249878,4.398837146823986e-05,0
2023-08-09,1.0958904027938845,1.0955902338027954,1.0994327068328855,1.0958904027938845,-0.004021942081346985,1
2023-08-10,1.0977671146392822,1.096803903579712,1.1058399677276611,1.0977671146392822,0.0017124995716846225,1
2023-08-11,1.0981649160385132,1.0951822996139526,1.1004369258880615,1.0981649160385132,0.00036237321552645696,0
2023-08-14,1.094439148902893,1.087748646736145,1.0960345268249512,1.094439148902893,-0.003392720966774565,0
2023-08-15,1.0909883975982666,1.0900845527648926,1.0949664115905762,1.0909883975982666,-0.003152985991122126,0
2023-08-16,1.0904173851013184,1.0897756814956665,1.093469738960266,1.0904173851013184,-0.0005233900728965901,0
2023-08-17,1.0874884128570557,1.0862362384796145,1.0917268991470337,1.0874884128570557,-0.0026861019315007617,0
2023-08-18,1.0874648094177246,1.0846457481384275,1.089561939239502,1.0874648094177246,-2.170454328709326e-05,1
2023-08-21,1.087559461593628,1.0870628356933594,1.0913575887680054,1.087559461593628,8.703930010756089e-05,1
2023-08-22,1.0898351669311523,1.0834001302719116,1.093199610710144,1.0898351669311523,0.0020924881975554754,0
2023-08-23,1.0846692323684692,1.0802985429763794,1.0870510339736938,1.0846692323684692,-0.004740106320141768,1
2023-08-24,1.086578607559204,1.081548810005188,1.0876895189285278,1.086578607559204,0.0017603294476837839,0
2023-08-25,1.07991361618042,1.076669692993164,1.0839755535125732,1.07991361618042,-0.006133924717840578,0
2023-08-28,1.0797386169433594,1.0797386169433594,1.0821340084075928,1.0797386169433594,-0.00016204929212715324,1
2023-08-29,1.082555651664734,1.0783531665802002,1.0856702327728271,1.082555651664734,0.0026089969157068182,1
2023-08-30,1.0869210958480835,1.085611343383789,1.094546914100647,1.0869210958480835,0.004032535580629215,1
2023-08-31,1.0932546854019165,1.0837171077728271,1.0939722061157229,1.0932546854019165,0.005827092305068504,0
2023-09-01,1.0844104290008545,1.0785857439041138,1.0880801677703855,1.0844104290008545,-0.008089840838697682,0
2023-09-04,1.07758629322052,1.0774004459381104,1.080905795097351,1.07758629322052,-0.006292945547030637,1
2023-09-05,1.0794472694396973,1.0707554817199707,1.07991361618042,1.0794472694396973,0.0017269857930499732,0
2023-09-06,1.0726161003112793,1.0705147981643677,1.074818134307861,1.0726161003112793,-0.006328395394398223,0
2023-09-07,1.0724204778671265,1.068764328956604,1.073422074317932,1.0724204778671265,-0.00018237880644911275,0
2023-09-08,1.0697818994522097,1.0695072412490845,1.0742061138153076,1.0697818994522097,-0.0024603954040158804,1
2023-09-11,1.071811318397522,1.0711455345153809,1.0756852626800537,1.071811318397522,0.0018970398979001324,1
2023-09-12,1.0750375986099243,1.070617914199829,1.0762641429901123,1.0750375986099243,0.0030101195583809304,1
2023-09-13,1.075326681137085,1.0717424154281616,1.0765421390533447,1.075326681137085,0.0002689045736952167,0
2023-09-14,1.073422074317932,1.065507411956787,1.0755001306533811,1.073422074317932,-0.001771189028006881,0
2023-09-15,1.0637166500091553,1.0634677410125732,1.068764328956604,1.0637166500091553,-0.009041573245960666,1
2023-09-18,1.0668259859085083,1.0656323432922363,1.0698162317276,1.0668259859085083,0.002923086612704795,1
2023-09-19,1.0692671537399292,1.0676347017288208,1.071926236152649,1.0692671537399292,0.0022882530643852927,0
2023-09-20,1.0682048797607422,1.0675777196884155,1.0726966857910156,1.0682048797607422,-0.0009934598434746533,0
2023-09-21,1.065303087234497,1.061909317970276,1.0673611164093018,1.065303087234497,-0.0027165130783666225,1
2023-09-22,1.0661548376083374,1.06152606010437,1.0671560764312744,1.0661548376083374,0.0007995380695380305,0
2023-09-25,1.0648492574691772,1.0577309131622314,1.0655415058135986,1.0648492574691772,-0.0012245689773250357,0
2023-09-26,1.0591648817062378,1.0568143129348757,1.060895323753357,1.0591648817062378,-0.005338197611603257,0
2023-09-27,1.0569483041763306,1.0509058237075806,1.057373046875,1.0569483041763306,-0.0020927596526203462,0
2023-09-28,1.0505305528640747,1.049185872077942,1.0578652620315552,1.0505305528640747,-0.006071963299337679,1
2023-09-29,1.0562450885772705,1.0558546781539917,1.0617965459823608,1.0562450885772705,0.005439666364406293,1
2023-10-02,1.0565240383148191,1.0492738485336304,1.0590976476669312,1.0565240383148191,0.0002640956540913564,0
2023-10-03,1.0480751991271973,1.0449867248535156,1.049428105354309,1.0480751991271973,-0.007996826272971491,0
2023-10-04,1.0472300052642822,1.045369029045105,1.0532413721084597,1.0472300052642822,-0.0008064248286944187,1
2023-10-05,1.0507071018218994,1.0500892400741575,1.0536853075027466,1.0507071018218994,0.0033202797285585284,1
2023-10-06,1.0546631813049316,1.0483938455581665,1.0598160028457642,1.0546631813049316,0.00376515917344844,1
2023-10-09,1.056747317314148,1.0521442890167236,1.0576413869857788,1.056747317314148,0.001976115262350975,1
2023-10-10,1.0578875541687012,1.0555983781814575,1.061954379081726,1.0578875541687012,0.0010790061501657622,1
2023-10-11,1.0604791641235352,1.0592771768569946,1.063354730606079,1.0604791641235352,0.0024497971874435365,1
2023-10-12,1.0624282360076904,1.0545964241027832,1.063908934593201,1.0624282360076904,0.0018379162458757037,0
2023-10-13,1.0536741018295288,1.0496152639389038,1.0558546781539917,1.0536741018295288,-0.008239741642275256,0
2023-10-16,1.052155375480652,1.0516352653503418,1.055464744567871,1.052155375480652,-0.0014413625107039252,1
2023-10-17,1.055431246757507,1.0533411502838137,1.0595004558563232,1.055431246757507,0.0031134862333033198,1
2023-10-18,1.057305932044983,1.0527091026306152,1.0595465898513794,1.057305932044983,0.001776226820302318,0
2023-10-19,1.053851842880249,1.0528864860534668,1.0585371255874634,1.053851842880249,-0.003266877693623771,1
2023-10-20,1.0586491823196411,1.056579828262329,1.0601080656051636,1.0586491823196411,0.004552195331632758,1
2023-10-23,1.0589966773986816,1.057183027267456,1.064736008644104,1.0589966773986816,0.00032824384587826216,1
2023-10-24,1.0669853687286377,1.0584250688552856,1.0690499544143677,1.0669853687286377,0.007543641543408253,0
2023-10-25,1.059535264968872,1.0566803216934204,1.0606703758239746,1.059535264968872,-0.006982386055249035,0
2023-10-26,1.056725025177002,1.0526316165924072,1.056970715522766,1.056725025177002,-0.0026523324751750454,0
2023-10-27,1.0564459562301636,1.053629755973816,1.0597710609436035,1.0564459562301636,-0.0002640885189518771,0
2023-10-30,1.0562450885772705,1.054841160774231,1.0625998973846436,1.0562450885772705,-0.0001901352849225102,1
2023-10-31,1.061503529548645,1.0567585229873655,1.0669056177139282,1.061503529548645,0.0049784288024075085,0
2023-11-01,1.0579099655151367,1.0522881746292114,1.0580778121948242,1.0579099655151367,-0.003385352882468773,1
2023-11-02,1.05870521068573,1.0584250688552856,1.067008137702942,1.05870521068573,0.0007517134694974281,1
2023-11-03,1.061909317970276,1.0615485906600952,1.0736998319625854,1.061909317970276,0.0030264395151797796,1
2023-11-06,1.073214769363403,1.0723400115966797,1.075700283050537,1.073214769363403,0.010646343526522717,0
2023-11-07,1.0721560716629028,1.0664732456207275,1.0721560716629028,1.0721560716629028,-0.0009864732863564818,0
2023-11-08,1.0696102380752563,1.0660640001296997,1.071604609489441,1.0696102380752563,-0.0023744990630868434,1
2023-11-09,1.07104229927063,1.0681477785110474,1.0728002786636353,1.07104229927063,0.0013388626477162102,0
2023-11-10,1.0667576789855957,1.0657685995101929,1.0692557096481323,1.0667576789855957,-0.004000421167261292,1
2023-11-13,1.069015622138977,1.0665528774261477,1.070549249649048,1.069015622138977,0.0021166411059054813,1
2023-11-14,1.0701825618743896,1.0693585872650146,1.08672034740448,1.0701825618743896,0.0010916021349414162,1
2023-11-15,1.0878314971923828,1.0832945108413696,1.0887316465377808,1.0878314971923828,0.01649151831354989,0
2023-11-16,1.0854581594467163,1.0830950736999512,1.0893957614898682,1.0854581594467163,-0.002181714495114284,0
2023-11-17,1.0853756666183472,1.0825204849243164,1.089229702949524,1.0853756666183472,-7.599816506165258e-05,1
2023-11-20,1.090702772140503,1.0897995233535769,1.0945110321044922,1.090702772140503,0.00490807531990578,1
2023-11-21,1.0945948362350464,1.0922993421554563,1.096731662750244,1.0945948362350464,0.0035684002956233307,0
2023-11-22,1.0918222665786743,1.0854581594467163,1.092251539230347,1.0918222665786743,-0.002532964312081498,0
2023-11-23,1.0890873670578003,1.0888028144836426,1.0927051305770874,1.0890873670578003,-0.002504894436201721,1
2023-11-24,1.0906314849853516,1.089561939239502,1.0944151878356934,1.0906314849853516,0.0014178090521081987,1
2023-11-27,1.0940439701080322,1.0925856828689575,1.0959264039993286,1.0940439701080322,0.003128907582130358,1
2023-11-28,1.095842361450195,1.0935057401657104,1.100715398788452,1.095842361450195,0.0016438017038613584,1
2023-11-29,1.100594401359558,1.096118688583374,1.1016855239868164,1.100594401359558,0.004336426548682049,0
2023-11-30,1.0973695516586304,1.08949077129364,1.098538875579834,1.0973695516586304,-0.002930098224145139,0
2023-12-01,1.089205980300903,1.0831537246704102,1.0913456678390503,1.089205980300903,-0.007439218033148731,0
2023-12-04,1.088814616203308,1.0805671215057373,1.088814616203308,1.088814616203308,-0.00035931137422406945,0
2023-12-05,1.0837758779525757,1.078260064125061,1.0848339796066284,1.0837758779525757,-0.004627728334785308,0
2023-12-06,1.0793657302856443,1.0773192644119265,1.0803686380386353,1.0793657302856443,-0.004069243241751064,0
2023-12-07,1.076669692993164,1.0757662057876587,1.0796804428100586,1.076669692993164,-0.0024977977499496262,1
2023-12-08,1.079214334487915,1.073145627975464,1.0800535678863523,1.079214334487915,0.00236343746955181,0
2023-12-11,1.0765769481658936,1.0743216276168823,1.077934741973877,1.0765769481658936,-0.002443802160275177,1
2023-12-12,1.076658010482788,1.0761829614639282,1.0822042226791382,1.076658010482788,7.529635204672758e-05,1
2023-12-13,1.0798670053482056,1.0774004459381104,1.0808240175247192,1.0798670053482056,0.0029805145498138508,1
2023-12-14,1.0886130332946775,1.088020920753479,1.1004126071929932,1.0886130332946775,0.008099171382360826,1
2023-12-15,1.0993602275848389,1.090227127075195,1.100594401359558,1.0993602275848389,0.00987237334246771,0
2023-12-18,1.0895264148712158,1.0894551277160645,1.0930036306381226,1.0895264148712158,-0.008945032271384545,1
2023-12-19,1.092382788658142,1.091607689857483,1.098799705505371,1.092382788658142,0.0026216654758792757,1
2023-12-20,1.0981045961380005,1.0935654640197754,1.0981045961380005,1.0981045961380005,0.0052379143458374244,0
2023-12-21,1.094570875167847,1.0936251878738403,1.099976897239685,1.094570875167847,-0.0032180185590531263,1
2023-12-22,1.100618600845337,1.0994206666946411,1.1040574312210083,1.100618600845337,0.005525202446632349,1
2023-12-25,1.102657437324524,1.0999890565872192,1.1042402982711792,1.102657437324524,0.0018524459586828357,0
2023-12-26,1.1020255088806152,1.1009578704833984,1.103996515274048,1.1020255088806152,-0.0005730958886397408,1
2023-12-27,1.1043012142181396,1.102924942970276,1.1122480630874634,1.1043012142181396,0.002065020563667419,1
2023-12-28,1.110864281654358,1.1071009635925293,1.113945484161377,1.110864281654358,0.0059431859276410925,0
2023-12-29,1.1068191528320312,1.1043256521224976,1.1086474657058716,1.1068191528320312,-0.003641424869924248,0
2024-01-01,1.1055831909179688,1.103996515274048,1.1055831909179688,1.1055831909179688,-0.0011166791890978578,0
2024-01-02,1.1038745641708374,1.0941996574401855,1.1046061515808103,1.1038745641708374,-0.0015454528986756921,0
2024-01-03,1.0941756963729858,1.0898706912994385,1.0967004299163818,1.0941756963729858,-0.008786204622023064,0
2024-01-04,1.0927767753601074,1.0917030572891235,1.0970205068588257,1.0927767753601074,-0.0012785158887330672,1
2024-01-05,1.0947387218475342,1.0879853963851929,1.0996382236480713,1.0947387218475342,0.0017953771819319009,0
2024-01-08,1.0942236185073853,1.092454433441162,1.0978153944015503,1.0942236185073853,-0.00047052628163146704,1
2024-01-09,1.095170259475708,1.0912623405456543,1.096731662750244,1.095170259475708,0.0008651256948868369,0
2024-01-10,1.093242645263672,1.0923351049423218,1.0969723463058472,1.093242645263672,-0.0017601046005017995,1
2024-01-11,1.0975141525268557,1.093147039413452,1.0991426706314087,1.0975141525268557,0.003907190486658552,1
2024-01-12,1.0981649160385132,1.0937089920043943,1.098659634590149,1.0981649160385132,0.0005929431617435199,0
2024-01-15,1.094570875167847,1.0934100151062012,1.0958904027938845,1.094570875167847,-0.0032727697071505135,0
2024-01-16,1.094570875167847,1.086708426475525,1.094666838645935,1.094570875167847,0.0,0
2024-01-17,1.087878942489624,1.0845398902893066,1.0884946584701538,1.087878942489624,-0.006113749991015105,1
2024-01-18,1.0885775089263916,1.084869384765625,1.0907504558563232,1.0885775089263916,0.0006421361876616238,0
2024-01-19,1.0879143476486206,1.0868265628814695,1.0892653465270996,1.0879143476486206,-0.0006091998707791202,1
2024-01-22,1.089229702949524,1.0880327224731443,1.0909883975982666,1.089229702949524,0.0012090614520767762,0
2024-01-23,1.088020920753479,1.0824267864227295,1.0918222665786743,1.088020920753479,-0.0011097587522371777,0
2024-01-24,1.0857881307601929,1.0851871967315674,1.093147039413452,1.0857881307601929,-0.00205215722482599,1
2024-01-25,1.088174819946289,1.0826143026351929,1.0900371074676514,1.088174819946289,0.002198116850315124,0
2024-01-26,1.0847046375274658,1.0813382863998413,1.0883287191390991,1.0847046375274658,-0.003188993491867853,0
2024-01-29,1.0843517780303955,1.079715371131897,1.084975242614746,1.0843517780303955,-0.0003253046819037264,0
2024-01-30,1.0834470987319946,1.0812681913375854,1.085564136505127,1.0834470987319946,-0.0008343042513787591,1
2024-01-31,1.08433997631073,1.0807656049728394,1.088565707206726,1.08433997631073,0.0008241081449942289,0
2024-02-01,1.0803920030593872,1.078027606010437,1.086555004119873,1.0803920030593872,-0.0036408998446917362,1
2024-02-02,1.0874648094177246,1.0783065557479858,1.0897995233535769,1.0874648094177246,0.006546518613900432,0
2024-02-05,1.0780043601989746,1.072466492652893,1.0787487030029297,1.0780043601989746,-0.008699545159365218,0
2024-02-06,1.0741831064224243,1.0724550485610962,1.076310396194458,1.0741831064224243,-0.0035447479784265212,1
2024-02-07,1.075719952583313,1.0756388902664185,1.0784345865249634,1.075719952583313,0.001430711534839757,1
2024-02-08,1.077574610710144,1.074310064315796,1.0789813995361328,1.077574610710144,0.0017241086979722375,1
2024-02-09,1.077725529670715,1.0763914585113523,1.0794472694396973,1.077725529670715,0.00014005430257091334,1
2024-02-12,1.0798202753067017,1.0757662057876587,1.0805437564849854,1.0798202753067017,0.0019436726497761292,0
2024-02-13,1.0772264003753662,1.0702054500579834,1.079563856124878,1.0772264003753662,-0.0024021357911608865,0
2024-02-14,1.070893168449402,1.069553017616272,1.0734450817108154,1.070893168449402,-0.005879202295596575,1
2024-02-15,1.073214769363403,1.072524070739746,1.0786322355270386,1.073214769363403,0.0021679108452643536,1
2024-02-16,1.0773887634277344,1.0734450817108154,1.0780508518218994,1.0773887634277344,0.0038892439644742094,1
2024-02-19,1.0784461498260498,1.0762988328933716,1.0789813995361328,1.0784927606582642,0.0010246971826746165,0
2024-02-20,1.0775396823883057,1.0762524604797363,1.0838581323623655,1.0775396823883057,-0.0008837131826242572,1
2024-02-21,1.0813149213790894,1.0791910886764526,1.0822510719299316,1.0813149213790894,0.003503573049315589,1
2024-02-22,1.082040309906006,1.0805087089538574,1.0886249542236328,1.082040309906006,0.0006708392833343346,1
2024-02-23,1.0825674533843994,1.0813733339309692,1.0839403867721558,1.0825674533843994,0.00048717545323162526,0
2024-02-26,1.081958293914795,1.0813382863998413,1.0859060287475586,1.0820051431655884,-0.0005194228009101076,1
2024-02-27,1.0850930213928225,1.083364963531494,1.086614012718201,1.0850930213928225,0.00285384801240407,0
2024-02-28,1.084481120109558,1.0798670053482056,1.0847163200378418,1.084481120109558,-0.0005639159695994822,0
2024-02-29,1.0838816165924072,1.0805671215057373,1.085587739944458,1.0838816165924072,-0.0005528021705811792,0
2024-03-01,1.0804970264434814,1.079925298690796,1.0841518640518188,1.0804970264434814,-0.0031226566602047257,1
2024-03-04,1.084269404411316,1.0838581323623655,1.0866494178771973,1.084269404411316,0.003491335816306229,1
2024-03-05,1.0855170488357544,1.084269404411316,1.087535738945007,1.0855170488357544,0.0011506775155347704,1
2024-03-06,1.0855995416641235,1.084293007850647,1.091405153274536,1.0855995416641235,7.599404215485883e-05,1
2024-03-07,1.089953899383545,1.086932897567749,1.0940918922424316,1.089953899383545,0.004011016541833223,1
2024-03-08,1.0950144529342651,1.0927051305770874,1.097803235054016,1.0950144529342651,0.004642906047294559,0
2024-03-11,1.0942955017089844,1.0914647579193115,1.09505033493042,1.0942955017089844,-0.0006565677953876969,0
2024-03-12,1.093135118484497,1.0903223752975464,1.0942115783691406,1.093135118484497,-0.0010603929401840073,0
2024-03-13,1.0927767753601074,1.0920488834381104,1.0949305295944214,1.0927767753601074,-0.0003278122880970846,1
2024-03-14,1.0955302715301514,1.0884116888046265,1.0955302715301514,1.0955302715301514,0.0025197242768419947,0
2024-03-15,1.0883406400680542,1.0873819589614868,1.0901559591293335,1.0883406400680542,-0.006562695389562556,0
2024-03-18,1.0882576704025269,1.0880801677703855,1.0907504558563232,1.0882576704025269,-7.623501546549782e-05,0
2024-03-19,1.087393879890442,1.0835057497024536,1.0877841711044312,1.087393879890442,-0.0007937371227215717,0
2024-03-20,1.0863306522369385,1.0836936235427856,1.0874292850494385,1.0863306522369385,-0.0009777760139780822,1
2024-03-21,1.0937210321426392,1.0856467485427856,1.0944511890411377,1.0937210321426392,0.006803066718666706,0
2024-03-22,1.0862362384796145,1.080905795097351,1.08695650100708,1.0862362384796145,-0.006843421167792352,0
2024-03-25,1.0807539224624634,1.080263614654541,1.0843634605407717,1.0807539224624634,-0.005047075233675313,1
2024-03-26,1.0838228464126587,1.082602620124817,1.0864133834838867,1.0838228464126587,0.002839613982804634,0
2024-03-27,1.0832358598709106,1.081174612045288,1.0839285850524902,1.0832358598709106,-0.0005415890093947162,0
2024-03-28,1.0813382863998413,1.0775513648986816,1.0828369855880735,1.0813382863998413,-0.0017517638968261862,0
2024-03-29,1.0794472694396973,1.0768898725509644,1.0807305574417114,1.0794472694396973,-0.0017487746285576034,0
2024-04-01,1.0792726278305054,1.0731571912765503,1.0801469087600708,1.0792726278305054,-0.00016178799477861716,0
2024-04-02,1.0737217664718628,1.072535514831543,1.0778765678405762,1.0737217664718628,-0.005143150317636236,1
2024-04-03,1.076855182647705,1.0764726400375366,1.0831888914108276,1.076855182647705,0.0029182757337018472,1
2024-04-04,1.0838346481323242,1.0835057497024536,1.087583065032959,1.0838346481323242,0.006481340849805228,0
2024-04-05,1.0837054252624512,1.079167723655701,1.084845781326294,1.0837054252624512,-0.00011922747634585118,0
2024-04-08,1.0830481052398682,1.0821573734283447,1.085835337638855,1.0830481052398682,-0.0006065486129902542,1
2024-04-09,1.0863661766052246,1.0849870443344116,1.0888501405715942,1.0863661766052246,0.0030636417249643166,0
2024-04-10,1.0859296321868896,1.073375940322876,1.0868383646011353,1.0859296321868896,-0.0004018391107306618,0
2024-04-11,1.074171543121338,1.0700452327728271,1.0755810737609863,1.074171543121338,-0.010827671256997462,0
2024-04-12,1.0726851224899292,1.062371850013733,1.072961449623108,1.0726851224899292,-0.0013837832894822988,0
2024-04-15,1.0649627447128296,1.0623606443405151,1.0665528774261477,1.0649627447128296,-0.007199109613056143,0
2024-04-16,1.0625749826431274,1.0604116916656494,1.065405249595642,1.0625749826431274,-0.002242108544694643,0
2024-04-17,1.0621461868286133,1.0608166456222534,1.0652689933776855,1.0621461868286133,-0.00040354405243714364,1
2024-04-18,1.0669398307800293,1.0647813081741333,1.0691757202148438,1.0669398307800293,0.00451316778317401,0
2024-04-19,1.0644185543060305,1.061176896095276,1.0680338144302368,1.0644185543060305,-0.002363091527059713,1
2024-04-22,1.0657799243927002,1.0625072717666626,1.067121982574463,1.065825343132019,0.0013216500410457854,0
2024-04-23,1.065405249595642,1.0639317035675049,1.0709964036941528,1.065405249595642,-0.00039414857141839565,1
2024-04-24,1.0704345703125,1.0679197311401367,1.0715816020965576,1.0704345703125,0.004720570617393394,0
2024-04-25,1.0699878931045532,1.0678740739822388,1.0731916427612305,1.0699878931045532,-0.0004172858578515015,1
2024-04-26,1.072961449623108,1.0675548315048218,1.0752919912338257,1.072961449623108,0.002779056228315868,0
2024-04-29,1.0706866979599,1.0690956115722656,1.0735372304916382,1.0706866979599,-0.002120068399481645,1
2024-04-30,1.0715701580047607,1.068433165550232,1.0736525058746338,1.0715701580047607,0.0008251340439218158,0
2024-05-01,1.0666552782058716,1.0650080442428589,1.0688670873641968,1.0666552782058716,-0.004586615036051955,1
2024-05-02,1.0721560716629028,1.0675777196884155,1.0730764865875244,1.0721560716629028,0.005157048926138108,1
2024-05-03,1.073306918144226,1.0725010633468628,1.080940842628479,1.073306918144226,0.0010733945474359352,1
2024-05-06,1.0758124589920044,1.0756388902664185,1.079214334487915,1.0758124589920044,0.00233441227800002,1
2024-05-07,1.0767507553100586,1.0755810737609863,1.0789813995361328,1.0767507553100586,0.0008721746157627219,0
2024-05-08,1.0750491619110107,1.0735719203948977,1.0758472681045532,1.0750491619110107,-0.0015803038824503401,0
2024-05-09,1.0746910572052002,1.0725126266479492,1.078283429145813,1.0746910572052002,-0.00033310542298736756,1
2024-05-10,1.078515887260437,1.0762062072753906,1.0793308019638062,1.078515887260437,0.003559004264149568,0
2024-05-13,1.077040672302246,1.0766464471817017,1.0807305574417114,1.077040672302246,-0.0013678194040684932,1
2024-05-14,1.079354166984558,1.0776442289352417,1.0828369855880735,1.079354166984558,0.002148010508616016,1
2024-05-15,1.0814552307128906,1.0813616514205933,1.0874292850494385,1.0814552307128906,0.001946593428366894,1
2024-05-16,1.0889805555343628,1.0855170488357544,1.089680790901184,1.0889805555343628,0.006958517197712899,0
2024-05-17,1.0867793560028076,1.0836349725723269,1.087890625,1.0867793560028076,-0.002021339610122852,1
2024-05-20,1.0875475406646729,1.0855052471160889,1.0884946584701538,1.0875475406646729,0.0007068450993499287,0
2024-05-21,1.086082935333252,1.0845986604690552,1.0875475406646729,1.086082935333252,-0.001346704651206121,0
2024-05-22,1.0855170488357544,1.0822510719299316,1.0864840745925903,1.0855170488357544,-0.0005210343327269884,0
2024-05-23,1.0825204849243164,1.0813032388687134,1.086130142211914,1.0825204849243164,-0.0027604945630765876,0
2024-05-24,1.0812681913375854,1.0806137323379517,1.0856584310531616,1.0812681913375854,-0.0011568313063549107,1
2024-05-27,1.0847634077072144,1.0841753482818604,1.08672034740448,1.0847634077072144,0.0032325156678336686,1
2024-05-28,1.0861891508102417,1.0859060287475586,1.0889450311660769,1.0861891508102417,0.0013143355434903636,0
2024-05-29,1.0851871967315674,1.080952525138855,1.085894227027893,1.0851871967315674,-0.0009224489840714556,0
2024-05-30,1.0801819562911987,1.0788999795913696,1.0845986604690552,1.0801819562911987,-0.004612329057552267,1
2024-05-31,1.0835410356521606,1.081162929534912,1.0882576704025269,1.0835410356521606,0.0031097347455193436,1
2024-06-03,1.0853049755096436,1.0828019380569458,1.0890873670578003,1.0853049755096436,0.0016279400589764847,1
2024-06-04,1.0907385349273682,1.0860711336135864,1.0918222665786743,1.0907385349273682,0.005006481625289716,0
2024-06-05,1.0881866216659546,1.0860947370529177,1.088992476463318,1.0881866216659546,-0.0023396196060713192,0
2024-06-06,1.087453007698059,1.0863661766052246,1.0898706912994385,1.087453007698059,-0.000674161906872528,1
2024-06-07,1.0894432067871094,1.0804970264434814,1.090179681777954,1.0894432067871094,0.0018301472109247818,0
2024-06-10,1.077888250350952,1.073364496231079,1.078283429145813,1.077888250350952,-0.010606295366450857,0
2024-06-11,1.0764262676239014,1.0721101760864258,1.0773539543151855,1.0764262676239014,-0.0013563397936423582,0
2024-06-12,1.07403302192688,1.073502779006958,1.085175395011902,1.07403302192688,-0.0022233252467018794,1
2024-06-13,1.0813149213790894,1.075384497642517,1.0817828178405762,1.0813149213790894,0.006779958626546678,0
2024-06-14,1.0738831758499146,1.0668145418167114,1.0745755434036257,1.0738831758499146,-0.00687287799533598,0
2024-06-17,1.0702168941497805,1.068764328956604,1.0726161003112793,1.0702168941497805,-0.0034140414735824853,1
2024-06-18,1.0740677118301392,1.071111083030701,1.0761250257492063,1.0740677118301392,0.0035981656628751857,1
2024-06-19,1.0742292404174805,1.0726275444030762,1.075326681137085,1.0742292404174805,0.0001503895755938789,1
2024-06-20,1.0751532316207886,1.0707554817199707,1.0751532316207886,1.0751532316207886,0.0008601434112416317,0
2024-06-21,1.0706409215927124,1.0671902894973757,1.0722709894180298,1.0706409215927124,-0.004196899470109816,0
2024-06-24,1.0687757730484009,1.0684444904327393,1.074702501296997,1.0687757730484009,-0.0017420859848481518,1
2024-06-25,1.0732723474502563,1.0692213773727417,1.0745755434036257,1.0732723474502563,0.004207219620098845,0
2024-06-26,1.0709619522094729,1.0667691230773926,1.072041153907776,1.0709619522094729,-0.0021526644623540703,0
2024-06-27,1.068010926246643,1.0677828788757324,1.0726161003112793,1.068010926246643,-0.0027554909460056898,1
2024-06-28,1.0708472728729248,1.0686043500900269,1.0720986127853394,1.0708472728729248,0.002655728098447163,1
2024-07-01,1.0735257863998413,1.072075605392456,1.077818512916565,1.0735257863998413,0.002501303028703994,1
2024-07-02,1.0737102031707764,1.0710651874542236,1.0746102333068848,1.0737102031707764,0.00017178606538514885,1
2024-07-03,1.0748412609100342,1.0737102031707764,1.081560492515564,1.0748412609100342,0.0010534106278563549,1
2024-07-04,1.0793308019638062,1.0784229040145874,1.0816657543182373,1.0793308019638062,0.004176934043238045,1
2024-07-05,1.0810693502426147,1.0810693502426147,1.0838346481323242,1.0810693502426147,0.0016107649996139894,1
2024-07-08,1.082602620124817,1.0815136432647705,1.0847163200378418,1.082602620124817,0.0014182900309382962,1
2024-07-09,1.0830950736999512,1.0806254148483276,1.0834236145019531,1.0830950736999512,0.00045487934906107697,0
2024-07-10,1.0814785957336426,1.081186294555664,1.0828721523284912,1.0814785957336426,-0.0014924617474129098,1
2024-07-11,1.083329677581787,1.0832945108413696,1.0898351669311523,1.083329677581787,0.00171162134456182,1
2024-07-12,1.0872756242752075,1.086307168006897,1.091119408607483,1.0872756242752075,0.0036424246238953017,1
2024-07-15,1.0885539054870603,1.088435411453247,1.0921919345855713,1.0885539054870603,0.0011756735673209562,1
2024-07-16,1.0901559591293335,1.0872164964675903,1.0906314849853516,1.0901559591293335,0.0014717265118409095,1
2024-07-17,1.0902509689331057,1.089633226394653,1.0947147607803345,1.0902509689331057,8.71524876568941e-05,1
2024-07-18,1.094020128250122,1.0905362367630005,1.0942115783691406,1.094020128250122,0.0034571483304479678,0
2024-07-19,1.0901559591293335,1.0877368450164795,1.0901559591293335,1.0901559591293335,-0.00353208229081603,0
2024-07-22,1.0899182558059692,1.0873701572418213,1.0901559591293335,1.0899182558059692,-0.0002180452451537862,0
2024-07-23,1.0889805555343628,1.084445834159851,1.0900371074676514,1.0889805555343628,-0.0008603399994553396,0
2024-07-24,1.0850694179534912,1.0826728343963623,1.0866494178771973,1.0850694179534912,-0.00359155869312322,0
2024-07-25,1.0839520692825315,1.0829308032989502,1.0864368677139282,1.0839520692825315,-0.001029748560296806,1
2024-07-26,1.0851283073425293,1.084269404411316,1.0868501663208008,1.0851283073425293,0.0010851384423080646,1
2024-07-29,1.0853756666183472,1.0803102254867554,1.0871928930282593,1.0853756666183472,0.00022795394253760648,0
2024-07-30,1.081946611404419,1.0799952745437622,1.0837758779525757,1.081946611404419,-0.003159325678096292,0
2024-07-31,1.081607222557068,1.0808707475662231,1.0851871967315674,1.081607222557068,-0.0003136835438768415,1
2024-08-01,1.082391619682312,1.0778300762176514,1.0837758779525757,1.082391619682312,0.0007252143928824228,0
2024-08-02,1.078760266304016,1.0782949924468994,1.0926215648651123,1.078760266304016,-0.0033549348611567886,1
2024-08-05,1.0910836458206177,1.089372158050537,1.1007397174835205,1.0910836458206177,0.011423649815007986,1
2024-08-06,1.0950982570648191,1.0904649496078491,1.09631085395813,1.0950982570648191,0.0036794715598380545,0
2024-08-07,1.0926215648651123,1.0906909704208374,1.093637228012085,1.0926215648651123,-0.002261616420014323,1
2024-08-08,1.0928125381469729,1.0882340669631958,1.0946906805038452,1.0928125381469729,0.00017478447067276193,0
2024-08-09,1.0915720462799072,1.0909645557403564,1.093135118484497,1.0915720462799072,-0.0011351369276647594,0
2024-08-12,1.091381311416626,1.0913337469100952,1.0939722061157229,1.091381311416626,-0.00017473410383794796,1
2024-08-13,1.0936251878738403,1.0915720462799072,1.0962508916854858,1.0936251878738403,0.002055996775592428,1
2024-08-14,1.0996986627578735,1.098828673362732,1.1048502922058103,1.0996986627578735,0.005553525057191644,1
2024-08-15,1.101321578025818,1.09505033493042,1.1016855239868164,1.101321578025818,0.001475781796328235,0
2024-08-16,1.0972732305526731,1.0972732305526731,1.1004369258880615,1.0972732305526731,-0.0036758995319077226,1
2024-08-19,1.1024993658065796,1.1023900508880615,1.1072603464126587,1.1024993658065796,0.004762838560523397,1
2024-08-20,1.1086474657058716,1.107248067855835,1.1117286682128906,1.1086474657058716,0.005576511052951094,1
2024-08-21,1.112792730331421,1.11055588722229,1.1148271560668943,1.112792730331421,0.0037390286396496997,1
2024-08-22,1.115536093711853,1.1099271774291992,1.1157476902008057,1.115536093711853,0.0024652959222828397,0
2024-08-23,1.111716389656067,1.110679268836975,1.1195951700210571,1.111716389656067,-0.00342409723658188,1
2024-08-26,1.118793487548828,1.1152873039245603,1.1201093196868896,1.118793487548828,0.006365920264025604,0
2024-08-27,1.1164700984954834,1.11512553691864,1.117955446243286,1.1164700984954834,-0.0020766916139589586,1
2024-08-28,1.117793083190918,1.1105434894561768,1.1181930303573608,1.117793083190918,0.0011849710056877072,0
2024-08-29,1.1124955415725708,1.1056320667266846,1.1140199899673462,1.1124955415725708,-0.004739286454720659,0
2024-08-30,1.10804545879364,1.1053999662399292,1.109570026397705,1.10804545879364,-0.004000090438691095,0
2024-09-02,1.1044842004776,1.1042524576187134,1.1077632904052734,1.1044842004776,-0.003214000190855937,1
2024-09-03,1.1067456007003784,1.1033751964569092,1.107051968574524,1.1067456007003784,0.0020474717717107183,0
2024-09-04,1.1048868894577026,1.1040817499160769,1.1093976497650146,1.1048868894577026,-0.0016794385642910914,1
2024-09-05,1.10804545879364,1.1075178384780884,1.112112045288086,1.10804545879364,0.0028587264145087943,1
2024-09-06,1.1111111640930176,1.1067211627960205,1.1149640083312988,1.1111111640930176,0.0027667685247456664,0
2024-09-09,1.1087212562561035,1.10349702835083,1.109139323234558,1.1087212562561035,-0.002150916950658943,0
2024-09-10,1.1037527322769165,1.101624846458435,1.1050333976745603,1.1037527322769165,-0.0044813102943156435,0
2024-09-11,1.1020983457565308,1.100279450416565,1.1054977178573608,1.1020983457565308,-0.0014988742242775244,0
2024-09-12,1.1010911464691162,1.1006548404693604,1.1047526597976685,1.1010911464691162,-0.0009138923865484871,1
2024-09-13,1.1077877283096311,1.1073951721191406,1.1102476119995115,1.1077877283096311,0.006081768854457659,1
2024-09-16,1.1088441610336304,1.1087088584899902,1.1135361194610596,1.1088441610336304,0.0009536418367905863,1
2024-09-17,1.1129536628723145,1.1113086938858032,1.1146159172058103,1.1129536628723145,0.003706113070797379,0
2024-09-18,1.1123099327087402,1.110913634300232,1.1140819787979126,1.1123099327087402,-0.0005783979918021487,0
2024-09-19,1.1114816665649414,1.107051968574524,1.118067979812622,1.1114816665649414,-0.0007446361121506984,1
2024-09-20,1.1161960363388062,1.1137346029281616,1.1181679964065552,1.1161960363388062,0.004241518250529985,0
2024-09-23,1.1160838603973389,1.1084877252578735,1.1168192625045776,1.1160838603973389,-0.00010049842305048795,0
2024-09-24,1.111172795295715,1.1103955507278442,1.1163455247879028,1.111172795295715,-0.004400265316869101,1
2024-09-25,1.1191190481185913,1.1141688823699951,1.1212396621704102,1.1191190481185913,0.007151230534546693,0
2024-09-26,1.1131023168563845,1.112681269645691,1.118956208229065,1.1131023168563845,-0.005376310297212639,1
2024-09-27,1.117717981338501,1.1126564741134644,1.1199839115142822,1.117717981338501,0.00414666685372822,0
2024-09-30,1.1169815063476562,1.1136106252670288,1.1208375692367554,1.1169815063476562,-0.0006589094951865437,0
2024-10-01,1.113660216331482,1.1061090230941772,1.1145787239074707,1.113660216331482,-0.0029734512140978664,0
2024-10-02,1.1063904762268066,1.1034117937088013,1.108217477798462,1.1063904762268066,-0.006527790072830886,0
2024-10-03,1.1048502922058103,1.1009578704833984,1.1048502922058103,1.1048502922058103,-0.001392079970038207,0
2024-10-04,1.103557825088501,1.095614314079285,1.103996515274048,1.103557825088501,-0.0011698119884903102,0
2024-10-07,1.0974539518356323,1.095554232597351,1.0985027551651,1.0974539518356323,-0.005531086014798681,1
2024-10-08,1.0975743532180786,1.096166729927063,1.0997470617294312,1.0975743532180786,0.00010970973519652816,0
2024-10-09,1.0975743532180786,1.094067931175232,1.098056435585022,1.0975743532180786,0.0,0
2024-10-10,1.0943313837051392,1.091405153274536,1.095446228981018,1.0943313837051392,-0.002954669543280719,0
2024-10-11,1.0933860540390017,1.0927408933639526,1.0954222679138184,1.0933860540390017,-0.0008638422329960704,0
2024-10-14,1.0925379991531372,1.0905719995498655,1.0939722061157229,1.0925379991531372,-0.0007756225559414354,0
2024-10-15,1.0909169912338257,1.0885775089263916,1.0918222665786743,1.0909169912338257,-0.001483708503107417,0
2024-10-16,1.0884116888046265,1.0868147611618042,1.0901559591293335,1.0884116888046265,-0.002296510595518164,0
2024-10-17,1.0862481594085691,1.0813850164413452,1.0869920253753662,1.0862481594085691,-0.0019877858886589994,0
2024-10-18,1.0829542875289917,1.0828253030776978,1.0863661766052246,1.0829542875289917,-0.0030323382838879365,1
2024-10-21,1.0868619680404663,1.0821105241775513,1.08695650100708,1.0868619680404663,0.003608352223611222,0
2024-10-22,1.0817828178405762,1.0801936388015747,1.0837758779525757,1.0817828178405762,-0.004673224704925039,0
2024-10-23,1.079727053642273,1.0762641429901123,1.0808473825454712,1.079727053642273,-0.0019003483549562272,0
2024-10-24,1.0780508518218994,1.0771567821502686,1.0810226202011108,1.0780508518218994,-0.0015524310655355977,1
2024-10-25,1.0824151039123535,1.081186294555664,1.0842459201812744,1.0824151039123535,0.004048280359946421,0
2024-10-28,1.0796570777893066,1.078271746635437,1.082719802856445,1.0796570777893066,-0.002548029968427179,1
2024-10-29,1.0816774368286133,1.077040672302246,1.0826259851455688,1.0816774368286133,0.0018712969894509879,1
2024-10-30,1.0820636749267578,1.0809992551803589,1.0866730213165283,1.0820636749267578,0.0003570732687898648,1
2024-10-31,1.085917830467224,1.0845046043395996,1.0888383388519287,1.085917830467224,0.0035618565060202556,1
2024-11-01,1.0886130332946775,1.084845781326294,1.0904054641723633,1.0886130332946775,0.0024819583506552334,0
2024-11-04,1.087453007698059,1.0870392322540283,1.0915838479995728,1.087453007698059,-0.0010655995851047706,0
2024-11-05,1.0874056816101074,1.0873347520828247,1.0921800136566162,1.0874056816101074,-4.352012235619984e-05,1
2024-11-06,1.093445897102356,1.068376064300537,1.093445897102356,1.093445897102356,0.005554702899202235,0
2024-11-07,1.073306918144226,1.0714094638824463,1.082602620124817,1.073306918144226,-0.01841790161863377,1
2024-11-08,1.0795172452926636,1.07104229927063,1.0797386169433594,1.0795172452926636,0.005786161482286278,0
2024-11-11,1.0714898109436035,1.0628799200057983,1.072846293449402,1.0714898109436035,-0.007436133497694897,0
2024-11-12,1.066439151763916,1.059703707695007,1.066439151763916,1.066439151763916,-0.004713679148511618,0
2024-11-13,1.061672568321228,1.0559773445129397,1.0649060010910034,1.061672568321228,-0.004469625327243376,0
2024-11-14,1.0564124584197998,1.0499238967895508,1.0580891370773315,1.0564124584197998,-0.0049545500735181935,0
2024-11-15,1.0530084371566772,1.052443265914917,1.0591648817062378,1.0530084371566772,-0.003222246420885977,1
2024-11-18,1.0533745288848877,1.0531193017959597,1.0586491823196411,1.0533745288848877,0.00034766267324415345,1
2024-11-19,1.059490442276001,1.052853226661682,1.0601080656051636,1.059490442276001,0.005806019818599184,1
2024-11-20,1.0607603788375854,1.0508506298065186,1.0612331628799438,1.0607603788375854,0.001198629558994746,0
2024-11-21,1.0546187162399292,1.0469120740890503,1.0557432174682615,1.0546187162399292,-0.005789868023150069,0
2024-11-22,1.0469341278076172,1.0339871644973757,1.0498688220977783,1.0469341278076172,-0.007286603503216971,1
2024-11-25,1.0479873418807983,1.0449539422988892,1.0529640913009644,1.0479873418807983,0.0010059984149974888,0
2024-11-26,1.0444300174713137,1.0427310466766355,1.0543851852416992,1.0444300174713137,-0.00339443451969601,1
2024-11-27,1.0491198301315308,1.0475481748580933,1.0583466291427612,1.0491198301315308,0.004490308188931369,1
2024-11-28,1.0562450885772705,1.0529197454452517,1.0565240383148191,1.0562450885772705,0.006791653575785039,1
2024-11-29,1.0563008785247805,1.0542962551116943,1.0595465898513794,1.0563008785247805,5.281913081844891e-05,0
2024-12-02,1.0545742511749268,1.0462220907211304,1.0545742511749268,1.0545074939727783,-0.0016977970845832857,0
2024-12-03,1.0501223802566528,1.048185110092163,1.0530306100845337,1.0501223802566528,-0.004158447181446645,1
2024-12-04,1.0510826110839844,1.047394633293152,1.0540074110031128,1.0510826110839844,0.0009143989742383951,1
2024-12-05,1.051414132118225,1.050894856452942,1.0588284730911257,1.051414132118225,0.0003154091131798431,1
2024-12-06,1.058559536933899,1.0546075105667114,1.0626428127288818,1.058559536933899,0.006795994648919557,0
2024-12-09,1.056546330451965,1.0533078908920288,1.0592771768569946,1.056546330451965,-0.0019018358549439673,0
2024-12-10,1.0555204153060913,1.0500340461730957,1.056747317314148,1.0555204153060913,-0.0009710081955752736,0
2024-12-11,1.0532968044281006,1.0481630563735962,1.054073929786682,1.0532968044281006,-0.002106648858464677,0
2024-12-12,1.0506850481033323,1.0464848279953003,1.052997350692749,1.0506850481033323,-0.002479601489141836,0
2024-12-13,1.0474056005477903,1.045434594154358,1.0522992610931396,1.0474056005477903,-0.0031212470011464655,1
2024-12-16,1.051005244255066,1.0475043058395386,1.0524100065231323,1.051005244255066,0.003436723753809323,1
2024-12-17,1.0517348051071167,1.047998309135437,1.0532857179641724,1.0517348051071167,0.0006941552918395821,0
2024-12-18,1.0495051145553589,1.0467805862426758,1.0515247583389282,1.0495051145553589,-0.0021200121370241742,0
2024-12-19,1.0350252389907837,1.0350252389907837,1.0422203540802002,1.0350252389907837,-0.013796860409498679,1
2024-12-20,1.0364949703216553,1.0344257354736328,1.0433076620101929,1.0364949703216553,0.0014199956440721362,1
2024-12-23,1.0433076620101929,1.038594126701355,1.0448229312896729,1.0433076620101929,0.006572816929756531,0
2024-12-24,1.0405826568603516,1.0387451648712158,1.04112446308136,1.0405826568603516,-0.002611890288039209,0
2024-12-25,1.0402579307556152,1.040149807929993,1.0432968139648438,1.0402579307556152,-0.0003120618074839987,0
2024-12-26,1.0399551391601562,1.0391446352005005,1.042535424232483,1.0399551391601562,-0.00029107357560742564,1
2024-12-27,1.0423181056976318,1.0406694412231443,1.0444954633712769,1.0423181056976318,0.0022721812206090153,1
2024-12-30,1.0429377555847168,1.037419676780701,1.0458500385284424,1.0429377555847168,0.000594492107253819,0
2024-12-31,1.040615200996399,1.0348539352416992,1.042426824569702,1.040615200996399,-0.0022269349976842268,0
2025-01-02,1.0351860523223877,1.0231853723526,1.0375596284866333,1.0351860523223877,-0.005217249054994322,0
2025-01-03,1.0268205404281616,1.0265464782714844,1.030534744262695,1.0268205404281616,-0.00808116751134591,1
2025-01-06,1.030534744262695,1.029632806777954,1.0435036420822144,1.030534744262695,0.003617188874099453,1
2025-01-07,1.0386372804641724,1.035947322845459,1.043623447418213,1.0386372804641724,0.00786245805547714,0
2025-01-08,1.034554123878479,1.0276752710342407,1.0358400344848633,1.034554123878479,-0.003931263264369433,0
2025-01-09,1.0314701795578003,1.0286160707473757,1.0323113203048706,1.0314701795578003,-0.0029809405322528404,0
2025-01-10,1.0297601222991943,1.0221186876296997,1.0311936140060425,1.0297601222991943,-0.0016578833712275198,0
2025-01-13,1.0244431495666504,1.0183818340301514,1.025020718574524,1.0244431495666504,-0.005163311937805948,1
2025-01-14,1.026525378227234,1.0239711999893188,1.0303966999053955,1.026525378227234,0.002032546814788594,1
2025-01-15,1.030683517456055,1.0270631313323977,1.0350252389907837,1.030683517456055,0.004050693063236022,0
2025-01-16,1.0295268297195437,1.0263779163360596,1.0311510562896729,1.0295268297195437,-0.001122253065001133,1
2025-01-17,1.0301949977874756,1.0266518592834473,1.0329724550247192,1.0301949977874756,0.0006490050075858012,0
2025-01-20,1.0277386903762815,1.0277386903762815,1.0427310466766355,1.0277386903762815,-0.0023843130829303005,1
2025-01-21,1.0420682430267334,1.034457802772522,1.0434056520462036,1.0420682430267334,0.013942797702016563,0
2025-01-22,1.040593504905701,1.0400739908218384,1.0458062887191772,1.040593504905701,-0.0014152030165980323,1
2025-01-23,1.0410159826278689,1.0385618209838867,1.042546272277832,1.0410159826278689,0.00040599688560072345,1
2025-01-24,1.041601538658142,1.0413196086883545,1.051934003829956,1.041601538658142,0.0005624851491665694,1
2025-01-27,1.0467586517333984,1.045434594154358,1.0533745288848877,1.0467586517333984,0.00495113811170067,0
2025-01-28,1.0445064306259155,1.0415256023406982,1.0455766916275024,1.0445064306259155,-0.0021516145137691067,0
2025-01-29,1.04290509223938,1.0383461713790894,1.0444954633712769,1.04290509223938,-0.0015331053400751138,0
2025-01-30,1.0425245761871338,1.0391337871551514,1.0465506315231323,1.0425245761871338,-0.0003648616303418839,0
2025-01-31,1.0397279262542725,1.0362050533294678,1.0412328243255615,1.0397279262542725,-0.00268257458552168,0
2025-02-03,1.024779200553894,1.0213043689727783,1.032652497291565,1.024779200553894,-0.014377536010052872,1
2025-02-04,1.0327378511428833,1.0276541709899902,1.0386804342269895,1.0327378511428833,0.007766210111102678,1
2025-02-05,1.0372798442840576,1.037043213844299,1.043645262718201,1.0372798442840576,0.004398011689169534,1
2025-02-06,1.0400848388671875,1.0354539155960083,1.040528655052185,1.0400848388671875,0.0027041830597469563,0
2025-02-07,1.0385725498199463,1.0324605703353882,1.040593504905701,1.0385725498199463,-0.0014540054721770002,0
2025-02-10,1.0311616659164429,1.0299509763717651,1.0336023569107056,1.0311616659164429,-0.007135643922794088,0
2025-02-11,1.0301525592803955,1.0292725563049316,1.0351966619491575,1.0301525592803955,-0.0009786114722859507,1
2025-02-12,1.0364949703216553,1.031821370124817,1.039565920829773,1.0364949703216553,0.006156768707821447,1
2025-02-13,1.039198637008667,1.0379257202148438,1.044571876525879,1.039198637008667,0.0026084706288276305,1
2025-02-14,1.0461673736572266,1.0448119640350342,1.0513699054718018,1.0461673736572266,0.006705875470178757,1
2025-02-17,1.0489217042922974,1.0467368364334106,1.0507071018218994,1.0489217042922974,0.0026327820045104477,0
2025-02-18,1.048536777496338,1.044277310371399,1.0486466884613037,1.048536777496338,-0.0003669738116622856,0
2025-02-19,1.044833779335022,1.0405069589614868,1.0462440252304075,1.044833779335022,-0.003531586340879578,0
2025-02-20,1.0421009063720703,1.0419706106185913,1.047877550125122,1.0421009063720703,-0.00261560548386075,1
2025-02-21,1.050056219100952,1.0449975728988647,1.0507513284683228,1.050056219100952,0.007633917867490236,0
2025-02-24,1.0474823713302612,1.045434594154358,1.0528643131256104,1.0474823713302612,-0.002451152351532593,0
2025-02-25,1.0461344718933103,1.0457953214645386,1.0518454313278198,1.0461344718933103,-0.001286799161344443,1
2025-02-26,1.0524100065231323,1.0476469993591309,1.0527424812316897,1.0524100065231323,0.005998783902479099,0
2025-02-27,1.0488777160644531,1.0404852628707886,1.0489877462387085,1.0488777160644531,-0.0033563824334480463,0
2025-02-28,1.039511799812317,1.038184404373169,1.0421009063720703,1.039511799812317,-0.008929464425346478,1
2025-03-03,1.0413846969604492,1.039047360420227,1.050023078918457,1.0413846969604492,0.0018017084062638133,1
2025-03-04,1.0485037565231323,1.0471752882003784,1.0559550523757937,1.0485037565231323,0.0068361476632621265,1
2025-03-05,1.062699317932129,1.0602879524230957,1.0785857439041138,1.062699317932129,0.013538875107199866,1
2025-03-06,1.0794938802719116,1.0782485008239746,1.0851047039031982,1.0794938802719116,0.015803682242369943,0
2025-03-07,1.0787951946258545,1.0782135725021362,1.088565707206726,1.0787951946258545,-0.000647234466842117,1
2025-03-10,1.086059331893921,1.0806254148483276,1.0873465538024902,1.086059331893921,0.0067335647250317265,0
2025-03-11,1.0839403867721558,1.0836819410324097,1.0930275917053225,1.0839403867721558,-0.001951039928978826,1
2025-03-12,1.0914170742034912,1.087725043296814,1.093457818031311,1.0914170742034912,0.006897692458530891,0
2025-03-13,1.0886249542236328,1.082297921180725,1.0899182558059692,1.0886249542236328,-0.002558252061335975,0
2025-03-14,1.085564136505127,1.0831302404403689,1.0910122394561768,1.085564136505127,-0.002811636557319863,1
2025-03-17,1.0881274938583374,1.0869210958480835,1.0928961038589478,1.0881274938583374,0.002361313594480885,1
2025-03-18,1.091917634010315,1.0897043943405151,1.095446228981018,1.091917634010315,0.0034831765334208953,1
2025-03-19,1.093948245048523,1.0875948667526243,1.094570875167847,1.093948245048523,0.0018596741869165712,0
2025-03-20,1.0911908149719238,1.0818296670913696,1.0917507410049438,1.0911908149719238,-0.002520622057834987,0
2025-03-21,1.0856702327728271,1.0805671215057373,1.086130142211914,1.0856702327728271,-0.005059227151979595,0
2025-03-24,1.083576202392578,1.079074501991272,1.0856938362121582,1.083576202392578,-0.001928790453157303,0
2025-03-25,1.0803569555282593,1.0778650045394895,1.0830715894699097,1.0803569555282593,-0.0029709464430931476,0
2025-03-26,1.0787487030029297,1.076878309249878,1.080228567123413,1.0787487030029297,-0.0014886306947903272,0
2025-03-27,1.0742061138153076,1.0742061138153076,1.0818763971328735,1.0742061138153076,-0.004210979976130513,1
2025-03-28,1.080100178718567,1.07658851146698,1.0845280885696411,1.080100178718567,0.005486903144057864,1
2025-03-31,1.082391619682312,1.0785740613937378,1.084845781326294,1.082391619682312,0.0021215078090845996,0
2025-04-01,1.0818880796432495,1.0779578685760498,1.0830715894699097,1.0818880796432495,-0.0004652105854351385,0
2025-04-02,1.0795987844467163,1.0782020092010498,1.087263822555542,1.0795987844467163,-0.002116018504694228,1
2025-04-03,1.090869426727295,1.088245868682861,1.1133378744125366,1.090869426727295,0.010439658179454803,1
2025-04-04,1.1043744087219238,1.0964791774749756,1.1107531785964966,1.1043744087219238,0.012380016951382578,0
2025-04-07,1.098454475402832,1.0903223752975464,1.1049845218658447,1.098454475402832,-0.005360440510336351,0
2025-04-08,1.0915361642837524,1.0891940593719482,1.0991909503936768,1.0915361642837524,-0.00629822288861126,1
2025-04-09,1.0980443954467771,1.0972250699996948,1.10948383808136,1.0980443954467771,0.005962451246217082,0
2025-04-10,1.0952062606811523,1.0952062606811523,1.122536063194275,1.0952062606811523,-0.0025847176829949525,1
2025-04-11,1.1257838010787964,1.1250872611999512,1.1471836566925049,1.1257838010787964,0.027919435356977162,1
2025-04-14,1.1343141794204712,1.1299690008163452,1.1424784660339355,1.1343141794204712,0.007577279343956134,0
2025-04-15,1.1339668035507202,1.1285662651062012,1.1377859115600586,1.1339668035507202,-0.0003062430815494732,0
2025-04-16,1.1292672157287598,1.1292672157287598,1.1390169858932495,1.1292672157287598,-0.004144378660155601,1
2025-04-17,1.1396790742874146,1.13413405418396,1.1396790742874146,1.1396790742874146,0.009220013132087201,1
2025-04-22,1.1512778997421265,1.145396709442139,1.1546543836593628,1.1512778997421265,0.010177273336324122,0
2025-04-23,1.1351252794265747,1.13379967212677,1.144007682800293,1.1351252794265747,-0.01403016623455533,0
2025-04-24,1.132733702659607,1.132233500480652,1.1394323110580444,1.132733702659607,-0.0021068835399171704,1
2025-04-25,1.1371906995773315,1.1316184997558594,1.1384334564208984,1.1371906995773315,0.003934726147248657,0
2025-04-28,1.1343141794204712,1.133105993270874,1.140823245048523,1.1343141794204712,-0.0025294967307852856,1
2025-04-29,1.1409143209457395,1.1371389627456665,1.1419566869735718,1.1409143209457395,0.005818618549439547,0
2025-04-30,1.1389262676239014,1.1327080726623535,1.1398869752883911,1.1389262676239014,-0.0017425088679666745,0
2025-05-01,1.1324899196624756,1.126697063446045,1.1340954303741455,1.1324899196624756,-0.00565124200256939,0
2025-05-02,1.1296498775482178,1.1275228261947632,1.1378635168075562,1.1296498775482178,-0.002507785777999927,1
2025-05-05,1.1323232650756836,1.1312856674194336,1.1364539861679075,1.1323232650756836,0.002366562932993199,0
2025-05-06,1.1313369274139404,1.1281206607818604,1.1361182928085327,1.1313369274139404,-0.0008710742701883989,1
2025-05-07,1.1342755556106567,1.1327080726623535,1.1377729177474976,1.1342755556106567,0.0025974827882915275,0
2025-05-08,1.1306205987930298,1.123608112335205,1.1336711645126345,1.1306205987930298,-0.0032222829801346053,0
2025-05-09,1.122422695159912,1.1199839115142822,1.129114270210266,1.122422695159912,-0.0072507998190278755,1
2025-05-12,1.12296462059021,1.1075055599212646,1.1242902278900146,1.12296462059021,0.0004828175986058003,0
2025-05-13,1.1095577478408811,1.1095577478408811,1.1177430152893066,1.1095577478408811,-0.01193882024732218,1
2025-05-14,1.1185556650161743,1.1182429790496826,1.1264559030532837,1.1185556650161743,0.008109462705120585,0
2025-05-15,1.1181930303573608,1.117480754852295,1.1227755546569824,1.1181930303573608,-0.00032419902750946417,1
2025-05-16,1.1192693710327148,1.1141440868377686,1.1219944953918457,1.1192693710327148,0.0009625714399328356,0
2025-05-19,1.1187559366226196,1.1173559427261353,1.128604531288147,1.1187559366226196,-0.0004587228270362953,1
2025-05-20,1.123342990875244,1.12186861038208,1.1277261972427368,1.123342990875244,0.004100138468513537,1
2025-05-21,1.128795504570007,1.1287446022033691,1.1362345218658447,1.128795504570007,0.004853828028530183,1
2025-05-22,1.133118748664856,1.1267098188400269,1.134455680847168,1.133118748664856,0.003829962183004687,0
2025-05-23,1.1281843185424805,1.1279934644699097,1.1376564502716064,1.1281843185424805,-0.0043547334541853555,1
2025-05-26,1.1372811794281006,1.136932134628296,1.1418914794921875,1.1372811794281006,0.008063275420608917,1
2025-05-27,1.1388484239578247,1.1325156688690186,1.1409013271331787,1.1388484239578247,0.0013780624862818058,0
2025-05-28,1.1337097883224487,1.128426194190979,1.1345586776733398,1.1337097883224487,-0.004512133069928481,0
2025-05-29,1.123368263244629,1.12271249294281,1.1369450092315674,1.123368263244629,-0.009121845100342862,1
2025-05-30,1.1378376483917236,1.1314393281936646,1.1390429735183716,1.1378376483917236,0.012880357778047635,0
2025-06-02,1.1353315114974976,1.1353315114974976,1.1449114084243774,1.1353315114974976,-0.0022025434804063826,1
2025-06-03,1.1453442573547363,1.1367640495300293,1.145514726638794,1.1453442573547363,0.008819226592268192,0
2025-06-04,1.1384464502334597,1.1359375715255735,1.143458366394043,1.1384464502334597,-0.006022474969410219,1
2025-06-05,1.1422044038772583,1.1406149864196775,1.1494252681732178,1.1422044038772583,0.003300948975709872,1
2025-06-06,1.1453834772109983,1.137229561805725,1.1458691358566284,1.1453834772109983,0.002783278827282132,0
2025-06-09,1.1407841444015503,1.138757586479187,1.1440337896347046,1.1407841444015503,-0.00401553968688928,1
2025-06-10,1.1428048610687256,1.1374623775482178,1.1448328495025637,1.1428048610687256,0.0017713400708556648,1
2025-06-11,1.143746018409729,1.1406019926071167,1.149095058441162,1.143746018409729,0.0008235503479774309,1
2025-06-12,1.1509333848953247,1.1502846479415894,1.1628718376159668,1.1509333848953247,0.0062840581474452595,1
2025-06-13,1.1600254774093628,1.1492931842803955,1.1612108945846558,1.1600254774093628,0.00789975565342127,0
2025-06-16,1.1556684970855713,1.1524852514266968,1.1614806652069092,1.1556684970855713,-0.0037559350278424386,0
2025-06-17,1.1551345586776731,1.1512514352798462,1.1574074029922483,1.1551345586776731,-0.00046201692721115073,0
2025-06-18,1.1482638120651243,1.1482374668121338,1.1530035734176636,1.1482638120651243,-0.00594800541714724,0
2025-06-19,1.1477497816085815,1.1448458433151243,1.1486859321594238,1.1477497816085815,-0.0004476588490742728,1
2025-06-20,1.1512778997421265,1.1496102809906006,1.1534557342529297,1.1512778997421265,0.0030739436330802228,0
2025-06-23,1.1500862836837769,1.1455540657043457,1.1551746129989624,1.1500862836837769,-0.0010350377251370224,1
2025-06-24,1.1599044799804688,1.1582921743392944,1.1635890007019043,1.1599044799804688,0.008536921477964032,1
2025-06-25,1.161224365234375,1.1590977907180786,1.1631423234939575,1.161224365234375,0.0011379258177608431,1
2025-06-26,1.1683744192123413,1.1668611764907837,1.1743428707122805,1.1683744192123413,0.006157340641507414,1
2025-06-27,1.1692214012145996,1.1684290170669556,1.1750881671905518,1.1692214012145996,0.0007249234392081583,1
2025-06-30,1.1727453470230105,1.170905351638794,1.177163004875183,1.1727453470230105,0.003013925168278808,1
2025-07-01,1.178717017173767,1.1767750978469849,1.1830259561538696,1.178717017173767,0.005092043354437914,1
2025-07-02,1.180553913116455,1.1749224662780762,1.1810001134872437,1.180553913116455,0.0015583858686389895,0
2025-07-03,1.18002450466156,1.1720856428146362,1.1813349723815918,1.18002450466156,-0.00044844072685967795,0
2025-07-04,1.1771491765975952,1.1756683588027954,1.1786893606185913,1.1771491765975952,-0.002436668096811645,1
2025-07-07,1.178078293800354,1.1719070672988892,1.179008960723877,1.178078293800354,0.0007892943572744837,0
2025-07-08,1.1736538410186768,1.168470025062561,1.17648446559906,1.1736538410186768,-0.003755652578407487,0
2025-07-09,1.1724566221237185,1.1690847873687744,1.1728830337524414,1.1724566221237185,-0.001020078368183186,1
2025-07-10,1.17311692237854,1.166575312614441,1.1750881671905518,1.17311692237854,0.0005631767029687929,0
2025-07-11,1.1702749729156494,1.1665889024734497,1.1713716983795166,1.1702749729156494,-0.0024225628397964716,0
2025-07-14,1.1682106256484983,1.1656641960144043,1.169864296913147,1.1682106256484983,-0.0017639848026553828,0
2025-07-15,1.1666297912597656,1.1602139472961426,1.1692078113555908,1.1666297912597656,-0.0013532100753279597,0
2025-07-16,1.160739183425903,1.1564035415649414,1.1716736555099487,1.160739183425903,-0.005049252023216044,1
2025-07-17,1.1635754108428955,1.1569386720657349,1.1635754108428955,1.1635754108428955,0.002443466592229049,0
2025-07-18,1.161548137664795,1.1612648963928225,1.1669564247131348,1.161548137664795,-0.0017422791502890167,1
2025-07-21,1.163074612617493,1.1614941358566284,1.1716736555099487,1.163074612617493,0.0013141727864733888,1
2025-07-22,1.1694538593292236,1.1680059432983398,1.174936294555664,1.1694538593292236,0.0054848129625788555,1
2025-07-23,1.1739156246185305,1.1712344884872437,1.1752538681030271,1.1739156246185305,0.0038152555175337,1
2025-07-24,1.1774264574050903,1.1733232736587524,1.17875874042511,1.1774264574050903,0.002990702834968051,0
2025-07-25,1.1756131649017334,1.170740842819214,1.1760693788528442,1.1756131649017334,-0.0015400473566333783,1
2025-07-28,1.1756821870803833,1.1609952449798584,1.1770660877227783,1.1756821870803833,5.871164147408514e-05,0
2025-07-29,1.1596757173538208,1.1519941091537476,1.160092830657959,1.1596757173538208,-0.013614622984389979,0
2025-07-30,1.1550945043563845,1.1459347009658811,1.157273530960083,1.1550945043563845,-0.003950425906899091,0
2025-07-31,1.1429355144500732,1.1406540870666504,1.1460267305374146,1.1429355144500732,-0.010526402697315418,0
2025-08-01,1.142374038696289,1.1394582986831665,1.1582921743392944,1.142374038696289,-0.0004912575965008159,1
2025-08-04,1.158668041229248,1.1550945043563845,1.1588828563690186,1.158668041229248,0.014263281535664252,0
2025-08-05,1.1584129333496094,1.1530035734176636,1.158815622329712,1.1584129333496094,-0.00022017339786817303,0
2025-08-06,1.1579166650772097,1.156510591506958,1.164646029472351,1.1579166650772097,-0.0004284036012656145,1
2025-08-07,1.1663167476654053,1.161426663398743,1.1695358753204346,1.1663167476654053,0.007254479395229607,1
2025-08-08,1.1676650047302246,1.163074612617493,1.167924165725708,1.1676650047302246,0.0011559956311337771,0
2025-08-11,1.1647952795028689,1.1591111421585083,1.1676785945892334,1.1647952795028689,-0.0024576614146440967,0
2025-08-12,1.1618449687957764,1.1599314212799072,1.1694538593292236,1.1618449687957764,-0.0025329006384294805,1
2025-08-13,1.1677058935165403,1.1671879291534424,1.1730618476867676,1.1677058935165403,0.005044498085522209,1
2025-08-14,1.171289324760437,1.1638462543487549,1.1715638637542725,1.171289324760437,0.0030687789312300318,0
2025-08-15,1.1651345491409302,1.16478168964386,1.171522617340088,1.1651345491409302,-0.0052547013700186,1
2025-08-18,1.1706587076187134,1.166167140007019,1.1710972785949707,1.1706587076187134,0.004741219356902748,0
2025-08-19,1.1668338775634766,1.1641037464141846,1.169344425201416,1.1668338775634766,-0.003267246064411977,0
2025-08-20,1.164252758026123,1.1623852252960205,1.1672561168670654,1.164252758026123,-0.002212071132819071,1
2025-08-21,1.165175199508667,1.1602678298950195,1.1661943197250366,1.165175199508667,0.0007923034548853458,0
2025-08-22,1.16130530834198,1.1583592891693115,1.1730343103408811,1.16130530834198,-0.003321295517033751,1
2025-08-25,1.1709601879119873,1.1667250394821167,1.1719757318496704,1.1709601879119873,0.008313816789309092,0
2025-08-26,1.1618449687957764,1.1602543592453003,1.1664528846740725,1.1618449687957764,-0.007784397121532227,1
2025-08-27,1.1639411449432373,1.157474398612976,1.1642799377441406,1.1639411449432373,0.0018041788739109332,1
2025-08-28,1.1647952795028689,1.1629530191421509,1.168770432472229,1.1647952795028689,0.0007338296814596301,1
2025-08-29,1.1681560277938845,1.1654332876205444,1.170740842819214,1.1681560277938845,0.0028852694977008486,1
2025-09-01,1.169180393218994,1.1688660383224487,1.1735849380493164,1.169180393218994,0.0008769080505828253,1
2025-09-02,1.1715912818908691,1.1613458395004272,1.1716049909591677,1.1715912818908691,0.0020620331010148263,0
2025-09-03,1.163602590560913,1.1609817743301392,1.1682243347167969,1.163602590560913,-0.006818667442679227,1
2025-09-04,1.16604483127594,1.1632235050201416,1.1667931079864502,1.16604483127594,0.0020988615312806935,0
2025-09-05,1.165691375732422,1.1653246879577637,1.1759172677993774,1.165691375732422,-0.0003031234597824506,1
2025-09-08,1.1713168621063232,1.1705764532089231,1.175585389137268,1.1713168621063232,0.004825879723410198,1
2025-09-09,1.1769136190414429,1.1718658208847046,1.1780366897583008,1.1769136190414429,0.004778174989349404,0
2025-09-10,1.1702749729156494,1.1688660383224487,1.1730204820632937,1.1702749729156494,-0.00564072504420543,1
2025-09-11,1.1703435182571411,1.1668883562088013,1.1745636463165283,1.1703435182571411,5.857199639236477e-05,1
2025-09-12,1.1734747886657717,1.170261263847351,1.174812078475952,1.1734747886657717,0.0026755139493519486,0
2025-09-15,1.1726491451263428,1.1717147827148438,1.177440166473389,1.1726491451263428,-0.0007035886474967556,1
2025-09-16,1.1763737201690674,1.17583429813385,1.1852554082870483,1.1763737201690674,0.0031762058226916245,1
2025-09-17,1.1871408224105835,1.18343186378479,1.187295913696289,1.1871408224105835,0.009152790526439691,0
2025-09-18,1.1826341152191162,1.1751296520233154,1.184834122657776,1.1826341152191162,-0.003796270085562381,0
2025-09-19,1.1791062355041504,1.1730343103408811,1.1793843507766724,1.1791062355041504,-0.0029830694629607857,0
2025-09-22,1.173695087432861,1.172717809677124,1.1786893606185913,1.173695087432861,-0.00458919468691954,1
2025-09-23,1.1801080703735352,1.178175449371338,1.1820051670074463,1.1801080703735352,0.005463925860591967,1
2025-09-24,1.181446552276611,1.1731306314468384,1.1816558837890625,1.181446552276611,0.0011342028214857969,0
2025-09-25,1.1744670867919922,1.1667931079864502,1.1754333972930908,1.1744670867919922,-0.005907559229970882,0
2025-09-26,1.166275978088379,1.16593599319458,1.1702202558517456,1.166275978088379,-0.0069743194983751255,1
2025-09-29,1.170823097229004,1.1705353260040283,1.1754887104034424,1.170823097229004,0.003898836318379839,1
2025-09-30,1.1731443405151367,1.1713168621063232,1.1759449243545532,1.1731443405151367,0.001982573876127436,1
2025-10-01,1.1735849380493164,1.171687364578247,1.1778839826583862,1.1735849380493164,0.0003755697563918581,0
2025-10-02,1.1734058856964111,1.1685655117034912,1.1759172677993774,1.1734058856964111,-0.0001525687209337212,0
2025-10-03,1.1725116968154907,1.1716187000274658,1.1756683588027954,1.1725116968154907,-0.0007620456756015637,0
2025-10-06,1.171248197555542,1.1654061079025269,1.1731581687927246,1.171248197555542,-0.0010776005590223958,0
2025-10-07,1.171028733253479,1.1655147075653076,1.1710972785949707,1.171028733253479,-0.00018737642672239652,0
2025-10-08,1.1654603481292725,1.1603620052337646,1.1654603481292725,1.1654603481292725,-0.0047551225397653996,0
2025-10-09,1.1631964445114136,1.1549211740493774,1.164958119392395,1.1631964445114136,-0.0019424973329146278,0
2025-10-10,1.156644344329834,1.1560827493667605,1.162993550300598,1.156644344329834,-0.005632840619910651,1
2025-10-13,1.160240888595581,1.1559356451034546,1.16296648979187,1.160240888595581,0.0031094642734201816,0
2025-10-14,1.1566845178604126,1.154521107673645,1.160725712776184,1.1566845178604126,-0.0030652003132498606,1
2025-10-15,1.1602274179458618,1.1602274179458618,1.164822340011597,1.1602274179458618,0.0030629787385783036,1
2025-10-16,1.1646324396133425,1.164334058761597,1.1678286790847778,1.1646324396133425,0.0037966881314350776,1
2025-10-17,1.1699601411819458,1.165813684463501,1.1728416681289673,1.1699601411819458,0.004574577684245185,0
2025-10-20,1.165745735168457,1.16453754901886,1.1676785945892334,1.165745735168457,-0.003602179138539885,0
2025-10-21,1.164442539215088,1.1598505973815918,1.1656370162963867,1.164442539215088,-0.0011179075454055276,0
2025-10-22,1.160038948059082,1.1577692031860352,1.1616560220718384,1.160038948059082,-0.0037817161497502028,1
2025-10-23,1.1608469486236572,1.1586410999298096,1.1621150970458984,1.1608469486236572,0.0006965288242495316,1
2025-10-24,1.1618045568466189,1.1601735353469849,1.164768099784851,1.1618045568466189,0.0008249220313643058,1
2025-10-27,1.1631693840026855,1.1618720293045044,1.164958119392395,1.1631693840026855,0.0011747476354981856,1
2025-10-28,1.165175199508667,1.1627906560897827,1.1668611764907837,1.165175199508667,0.001724439736437322,1
2025-10-29,1.1657865047454834,1.1619800329208374,1.1665889024734497,1.1657865047454834,0.0005246466257384785,0
2025-10-30,1.1603351831436155,1.1547610759735107,1.1634671688079834,1.1603351831436155,-0.004676089129250993,0
2025-10-31,1.157246708869934,1.152379035949707,1.1577826738357544,1.157246708869934,-0.0026617087187807975,0
2025-11-03,1.152804255485535,1.1506155729293823,1.1542012691497805,1.152804255485535,-0.00383881271845421,0
2025-11-04,1.1519144773483276,1.1473548412322998,1.1532961130142212,1.1519144773483276,-0.0007718380054317908,0
2025-11-05,1.1485539674758911,1.1470125913619995,1.149795413017273,1.1485539674758911,-0.0029173258419082915,1
2025-11-06,1.1496764421463013,1.149385690689087,1.154294490814209,1.1496764421463013,0.0009772937991558983,1
2025-11-07,1.1549211740493774,1.153043508529663,1.1589902639389038,1.1549211740493774,0.004561919954874316,0
2025-11-10,1.1554548740386963,1.1543744802474976,1.1582250595092771,1.1543878316879272,-0.0004617997950285835,1
2025-11-11,1.1557353734970093,1.1548144817352295,1.1606314182281494,1.1557220220565796,0.0011557557451913336,1
2025-11-12,1.1588828563690186,1.1563233137130735,1.1597968339920044,1.1587486267089844,0.0026187998451556727,1
2025-11-13,1.159245491027832,1.1579837799072266,1.1649309396743774,1.159218668937683,0.0004056464170609786,1
2025-11-14,1.163074612617493,1.1608065366744995,1.1653653383255005,1.1631964445114136,0.0034314281509766342,0
2025-11-17,1.16146719455719,1.1583056449890137,1.1617100238800049,1.161534547805786,-0.0014287326216215757,0
2025-11-18,1.159003734588623,1.1573805809020996,1.1606987714767456,1.159057378768921,-0.002132669270616616,0
2025-11-19,1.158104419708252,1.1535356044769287,1.1597565412521362,1.1581177711486816,-0.0008106653194661639,0
2025-11-20,1.154068112373352,1.1507744789123535,1.1551345586776731,1.154068112373352,-0.0034967590310897023,0
2025-11-21,1.1535356044769287,1.1492139101028442,1.1552013158798218,1.1534557342529297,-0.0005306256310669832,0
2025-11-24,1.1507877111434937,1.1502846479415894,1.1551345586776731,1.1507612466812134,-0.0023360129840279686,1
2025-11-25,1.1520737409591677,1.1512116193771362,1.1583458185195925,1.1520073413848877,0.0010828438194874224,1
2025-11-26,1.156577467918396,1.154961109161377,1.1602274179458618,1.156483769416809,0.0038857634592328605,1
2025-11-27,1.1603620052337646,1.1577155590057373,1.1615750789642334,1.1602139472961426,0.0032254476698920787,0
2025-11-28,1.1600254774093628,1.1557353734970093,1.1606718301773071,1.1599851846694946,-0.00019717279488074002,1
2025-12-01,1.1602139472961426,1.159003734588623,1.1651887893676758,1.1601465940475464,0.00013914779273482836,1
2025-12-02,1.1607661247253418,1.1592992544174194,1.1623852252960205,1.1607661247253418,0.0005340106853513049,1
2025-12-03,1.1628988981246948,1.1627906560897827,1.1675832271575928,1.1627906560897827,0.0017441337417734015,1
2025-12-04,1.166670560836792,1.1653653383255005,1.1682243347167969,1.1666841506958008,0.003348405480923855,0
2025-12-05,1.164456129074097,1.162858247756958,1.167147159576416,1.1642799377441406,-0.002060723075929638,0
2025-12-08,1.1641172170639038,1.1616965532302856,1.1672561168670654,1.164022445678711,-0.00022115992647664395,1
2025-12-09,1.1641442775726318,1.1616965532302856,1.165677785873413,1.1641442775726318,0.00010466455726287904,0
2025-12-10,1.1628447771072388,1.1622366905212402,1.165745735168457,1.1628313064575195,-0.0011278422618286044,1
2025-12-11,1.170192837715149,1.1683062314987185,1.1759449243545532,1.1701242923736572,0.006271748856121917,1
2025-12-12,1.1741361618041992,1.172016978263855,1.1746740341186523,1.1739431619644165,0.003263644397137,0
2025-12-15,1.1737502813339231,1.1727042198181152,1.1769136190414429,1.1737639904022217,-0.00015262371126645302,1
2025-12-16,1.1755025386810305,1.1746050119400024,1.18047034740448,1.1754610538482666,0.0014458302179327642,0
2025-12-17,1.1749638319015503,1.1704530715942385,1.1757928133010864,1.1749500036239624,-0.00043476576500012243,0
2025-12-18,1.1742188930511477,1.17134428024292,1.1758896112442017,1.1742326021194458,-0.0006105804521927549,0
2025-12-19,1.1725391149520874,1.1704120635986328,1.1737502813339231,1.1725666522979736,-0.0014187562314870172,0
2025-12-22,1.1710835695266724,1.1708093881607056,1.177024483680725,1.1708093881607056,-0.001498647547091836,1
2025-12-23,1.1764428615570068,1.176429033279419,1.18035888671875,1.1765950918197632,0.00494162732000869,1
2025-12-24,1.179565191268921,1.1774264574050903,1.1809163093566897,1.179551362991333,0.002512564596030664,0
2025-12-26,1.178383708000183,1.1763044595718384,1.179940938949585,1.1785364151000977,-0.000860452476322382,0
2025-12-29,1.1774957180023191,1.1754058599472046,1.1788560152053833,1.177273869514465,-0.0010712826260232955,1
2025-12-30,1.1773016452789309,1.1746188402175903,1.178133845329285,1.1772878170013428,1.184727465619595e-05,0
2025-12-31,1.1746463775634766,1.1720856428146362,1.1758756637573242,1.1747292280197144,-0.0021732909698711778,1
2026-01-02,1.1751158237457275,1.17134428024292,1.176747441291809,1.175046682357788,0.0002702361791140362,0
2026-01-05,1.1706448793411257,1.166003942489624,1.1718658208847046,1.1704667806625366,-0.0038976338251188736,1
2026-01-06,1.1716461181640625,1.1684154272079468,1.1745359897613523,1.1714951992034912,0.0008786396657685103,0
2026-01-07,1.1687841415405271,1.167446851730347,1.170548915863037,1.1688251495361328,-0.002279181057825763,0
2026-01-08,1.1677467823028564,1.1652837991714478,1.1684973239898682,1.1676785945892334,-0.0009809465062883271,0
2026-01-09,1.165813684463501,1.161926031112671,1.16604483127594,1.1657865047454834,-0.0016203858257893833,0
2026-01-12,1.162493348121643,1.162304162979126,1.169864296913147,1.1623716354370115,-0.0029292407268151077,1
2026-01-13,1.1667931079864502,1.1635212898254397,1.1675423383712769,1.1666978597640991,0.0037218942678871603,0
2026-01-14,1.164334058761597,1.1637108325958252,1.1663167476654053,1.164252758026123,-0.002095745455871878,1
2026-01-15,1.1645103693008425,1.1593934297561646,1.164686679840088,1.1646324396133425,0.0003261161157679382,0
2026-01-16,1.1609547138214111,1.1585471630096436,1.1626555919647217,1.1609008312225342,-0.003204108235253411,1
2026-01-19,1.1623852252960205,1.1609547138214111,1.164958119392395,1.162493348121643,0.00137179408979482,1
2026-01-20,1.1639952659606934,1.1633453369140625,1.174701690673828,1.1639139652252195,0.001222043210717505,1
2026-01-21,1.1726078987121582,1.169700026512146,1.1742602586746216,1.1727865934371948,0.007623096274352648,0
2026-01-22,1.167392373085022,1.1672970056533811,1.175074338912964,1.1672970056533811,-0.004680807074818993,1
2026-01-23,1.1753920316696167,1.1728966236114502,1.1775649785995483,1.1754610538482666,0.006993976815965253,1
2026-01-26,1.1858175992965698,1.183712124824524,1.1904903650283811,1.1858457326889038,0.008834557986110658,1
2026-01-27,1.1874228715896606,1.185185194015503,1.1989833116531372,1.1876484155654907,0.001520166432187775,1
2026-01-28,1.2022699117660522,1.1921935081481934,1.2023565769195557,1.2017642259597778,0.011885512757212613,0
2026-01-29,1.1976622343063354,1.1908447742462158,1.199457764625549,1.1977769136428833,-0.0033178823522642675,0
2026-01-30,1.1967878341674805,1.187394618988037,1.1973466873168943,1.19657301902771,-0.001005107546706574,0
2026-02-02,1.185044765472412,1.179078459739685,1.187507390975952,1.1849182844161987,-0.009740094775813501,0
2026-02-03,1.1799131631851196,1.178078293800354,1.1824523210525513,1.1798714399337769,-0.004259234201038908,1
2026-02-04,1.1816281080245972,1.1792314052581787,1.1838523149490356,1.1816140413284302,0.0014769417545619223,0
2026-02-05,1.1802334785461426,1.178050518035889,1.1820470094680786,1.180163860321045,-0.0012272882317434508,0
2026-02-06,1.177745342254639,1.176747441291809,1.1826481819152832,1.177786946296692,-0.002014054237948315,1
2026-02-09,1.1826202869415283,1.1817816495895386,1.1925204992294312,1.182578206062317,0.004068019076531648,1
2026-02-10,1.1904761791229248,1.1890182495117188,1.192847728729248,1.1904053688049316,0.0066187273725237805,0
2026-02-11,1.188792109489441,1.1839083433151243,1.192733883857727,1.1889617443084717,-0.0012127167217913515,0
2026-02-12,1.1875356435775757,1.1853257417678833,1.1890605688095093,1.1876062154769895,-0.001140094572404049,0
2026-02-13,1.1869717836380005,1.1848762035369873,1.1879446506500244,1.1868449449539185,-0.0006410125790435872,0
2026-02-16,1.186704158782959,1.1847639083862305,1.1870845556259155,1.1867464780807495,-8.296523786666121e-05,0
2026-02-17,1.1850868463516235,1.180553913116455,1.1852554082870483,1.184988498687744,-0.0014813436782628031,1
2026-02-18,1.185157060623169,1.1810418367385864,1.1853959560394287,1.185185194015503,0.00016598922941168937,0
2026-02-19,1.1791062355041504,1.1743016242980957,1.1807769536972046,1.1788839101791382,-0.005316708197320219,0
2026-02-20,1.1769136190414429,1.1745498180389404,1.1806097030639648,1.1769136190414429,-0.001671319050741693,1
2026-02-23,1.1829839944839478,1.1775233745574951,1.1834739446640017,1.1834739446640017,0.005574177676609837,0
2026-02-24,1.1793148517608645,1.1767336130142212,1.179662585258484,1.1793843507766724,-0.0034555842194653463,0
2026-02-25,1.1775511503219604,1.1771352291107178,1.180790901184082,1.1775233745574951,-0.0015779217504044984,1
2026-02-26,1.181544303894043,1.1782448291778564,1.1830118894577026,1.181516408920288,0.003391044669744714,0
2026-02-27,1.1803449392318726,1.1790506839752195,1.182396411895752,1.1803030967712402,-0.0010269109594140957,0
2026-03-02,1.176014065742493,1.1672834157943726,1.1795791387557983,1.1759449243545532,-0.0036924180141600926,0
2026-03-03,1.1694538593292236,1.153203010559082,1.1707134246826172,1.169727444648743,-0.005287220155504313,0
2026-03-04,1.161089539527893,1.1576753854751587,1.1654876470565796,1.161224365234375,-0.007269282646370057,1
2026-03-05,1.1635212898254397,1.1561896800994873,1.164686679840088,1.1635618209838867,0.0020129234448502675,0
2026-03-06,1.1607122421264648,1.1547610759735107,1.16225004196167,1.1608065366744995,-0.00236797414602119,0
2026-03-09,1.1525650024414062,1.150814175605774,1.159366488456726,1.152325987815857,-0.007305738373026283,1
2026-03-10,1.1616694927215576,1.1608469486236572,1.1663848161697388,1.161723494529724,0.008155250175064799,0
2026-03-11,1.1613187789916992,1.1566978693008425,1.164401888847351,1.1611299514770508,-0.0005109159412441944,0
2026-03-12,1.1541746854782104,1.151145339012146,1.156738042831421,1.1543211936950684,-0.005863906768851401,0
2026-03-13,1.1522197723388672,1.1434844732284546,1.152923822402954,1.1521666049957275,-0.0018665417486131153,0
2026-03-16,1.1438244581222534,1.1415655612945557,1.1501259803771973,1.1435105800628662,-0.007512824009417773,1
2026-03-17,1.1497821807861328,1.146696925163269,1.15421462059021,1.1499539613723757,0.005634736942403462,1
2026-03-18,1.1539082527160645,1.1492536067962646,1.1556684970855713,1.153948187828064,0.0034733794480967806,0
2026-03-19,1.1462894678115845,1.144505262374878,1.1536552906036377,1.1464471817016602,-0.00650029715850764,1
2026-03-20,1.1575682163238523,1.1526447534561155,1.1581177711486816,1.157755732536316,0.009863996366470618,0
2026-03-23,1.156376838684082,1.14850115776062,1.1637920141220093,1.1560158729553225,-0.0015027864100330968,1
2026-03-24,1.160779595375061,1.1569254398345947,1.1616560220718384,1.1607122421264648,0.004062547306669995,1
2026-03-25,1.161386251449585,1.1563634872436523,1.1631964445114136,1.16146719455719,0.0006504217008531654,0
2026-03-26,1.1564704179763794,1.1523923873901367,1.1574074029922483,1.1561496257781982,-0.004578320252100587,0
2026-03-27,1.1535356044769287,1.1502978801727295,1.1547343730926514,1.1535090208053589,-0.0022839647342894898,0
2026-03-30,1.1491875648498535,1.1443873643875122,1.152339220046997,1.149200677871704,-0.0037349885054620557,0
2026-03-31,1.1457903385162354,1.144924521446228,1.1538816690444946,1.1460003852844238,-0.0027847987291541587,1
2026-04-01,1.157112717628479,1.1555883884429932,1.1626555919647217,1.1574207544326782,0.009965414754568247,1
2026-04-02,1.159151554107666,1.1510393619537354,1.1598775386810305,1.159057378768921,0.0014140271201934507,0
2026-04-03,1.1543878316879272,1.1520869731903076,1.1548677682876587,1.1541746854782104,-0.0042126415655940885,0
2026-04-06,1.151185154914856,1.1506949663162231,1.1570056676864624,1.150999665260315,-0.002750900931932976,1
2026-04-07,1.1540547609329224,1.1525251865386963,1.1583458185195925,1.1541212797164917,0.002712089803667217,1
2026-04-08,1.1690436601638794,1.1666841506958008,1.172333002090454,1.1686612367630005,0.012598292139696543,0
2026-04-09,1.165813684463501,1.1651073694229126,1.1706311702728271,1.16593599319458,-0.00233193630685391,1
2026-04-10,1.1691941022872925,1.1678149700164795,1.174122333526611,1.1691256761550903,0.0027357273290540274,0
2026-04-13,1.1672152280807495,1.167147159576416,1.1719481945037842,1.1675150394439695,-0.0013776420653233146,1
2026-04-14,1.176345944404602,1.1756960153579712,1.1810559034347534,1.176885962486267,0.008026383151998218,1
2026-04-15,1.179815649986267,1.177398681640625,1.1810559034347534,1.179940938949585,0.0025958134948469436,1
2026-04-16,1.1807769536972046,1.176955223083496,1.182382583618164,1.1809163093566897,0.0008266264648577604,0
2026-04-17,1.1778979301452637,1.1772878170013428,1.1851149797439575,1.178272724151611,-0.0022385881066531166,0
2026-04-20,1.1739156246185305,1.1739156246185305,1.1791062355041504,1.174122333526611,-0.0035224363086130417,1
2026-04-21,1.178383708000183,1.174315333366394,1.178828239440918,1.1784392595291138,0.0036767259077137293,0
2026-04-22,1.1745774745941162,1.1713716983795166,1.176110863685608,1.174425721168518,-0.0034058084268165922,0
2026-04-23,1.1704941987991333,1.167924165725708,1.1716461181640625,1.1706037521362305,-0.0032543301491088084,0
2026-04-24,1.1684017181396484,1.1673243045806885,1.17205810546875,1.16838800907135,-0.0018928207438571043,1
2026-04-27,1.1705901622772217,1.1705901622772217,1.1756407022476196,1.1706448793411257,0.001931610263245842,1
2026-04-28,1.1723191738128662,1.1678286790847778,1.1728830337524414,1.1723467111587524,0.001453755829508685,0
2026-04-29,1.1719344854354858,1.1683608293533323,1.172195553779602,1.171783447265625,-0.00048045845803645904,0
2026-04-30,1.168770432472229,1.165623426437378,1.17384672164917,1.168470025062561,-0.002827674525353596,1
2026-05-01,1.1730204820632937,1.1719344854354858,1.1784532070159912,1.172910451889038,0.0038002060226056678,0
2026-05-04,1.1726078987121582,1.1690847873687744,1.17384672164917,1.1726628541946411,-0.0002110968437515348,0
2026-05-05,1.1691941022872925,1.1677467823028564,1.1716461181640625,1.1691941022872925,-0.0029580129488546714,1
2026-05-06,1.1715089082717896,1.1712619066238403,1.179662585258484,1.1715774536132812,0.0020384565072011362,1
2026-05-07,1.174812078475952,1.1746740341186523,1.177994966506958,1.1747430562973022,0.002702000345139677,0
2026-05-08,1.1730892658233645,1.172525405883789,1.178467035293579,1.1731581687927246,-0.0013491354522860988,1
2026-05-11,1.176885962486267,1.174936294555664,1.1789672374725342,1.176885962486267,0.00317757127104068,1
2026-05-12,1.1775649785995483,1.172305464744568,1.177994966506958,1.177994966506958,0.0009423207141905365,0
2026-05-13,1.173626184463501,1.1696317195892334,1.1742602586746216,1.1735436916351318,-0.0037786875142813425,0
2026-05-14,1.171783447265625,1.1672425270080566,1.1721543073654177,1.1716049909591677,-0.00165200553654965,0
2026-05-15,1.166248798370361,1.1618314981460571,1.1664528846740725,1.166208028793335,-0.0046064690808583775,0
2026-05-18,1.1617100238800049,1.1609008312225342,1.1659088134765625,1.161440134048462,-0.0040883741383656025,1
2026-05-19,1.1654061079025269,1.159312725067139,1.1655147075653076,1.1655147075653076,0.003508207954415088,0
2026-05-20,1.1605371236801147,1.1583592891693115,1.16441547870636,1.1607122421264648,-0.004120467470440481,1
2026-05-21,1.1625068187713623,1.1577290296554563,1.1637378931045532,1.1625338792800903,0.0015694132339709732,0
2026-05-22,1.1615750789642334,1.1589365005493164,1.1621150970458984,1.1621150970458984,-0.0003602322836829819,1
2026-05-25,1.1640766859054563,1.1630340814590454,1.1655012369155884,1.164225697517395,0.0018161716312452558,0
2026-05-26,1.1636160612106323,1.161737084388733,1.164686679840088,1.1637378931045532,-0.00041899471372430774,0
2026-05-27,1.1638598442077637,1.1623852252960205,1.1660856008529663,1.1636837720870972,-4.650619162338554e-05,0
2026-05-28,1.1617640256881714,1.1587486267089844,1.1657729148864746,1.16179096698761,-0.0016265631135272685,1
2026-05-29,1.165338158607483,1.1625880002975464,1.1685519218444824,1.1652837991714478,0.00300642050341815,0
2026-06-01,1.164808750152588,1.160739183425903,1.1667250394821167,1.164890170097351,-0.0003377967447728558,0
2026-06-02,1.1635618209838867,1.162912368774414,1.1655012369155884,1.1635483503341677,-0.0011518852142697877,0
2026-06-03,1.1621556282043457,1.1595412492752075,1.163602590560913,1.1622096300125122,-0.0011505497999039216,0
2026-06-04,1.1609278917312622,1.1599044799804688,1.164686679840088,1.160941243171692,-0.0010913580545762747,1
2026-06-05,1.161440134048462,1.1531099081039429,1.1645511388778689,1.1612648963928225,0.000278785186618391,0
2026-06-08,1.1524720191955566,1.1500862836837769,1.155428171157837,1.1522595882415771,-0.007754740696302886,1
2026-06-09,1.152790904045105,1.152790904045105,1.157809495925903,1.1528440713882446,0.0005072495404958577,1
2026-06-10,1.1535356044769287,1.15340256690979,1.1574074029922483,1.1535356044769287,0.000599849629144833,1
2026-06-11,1.1538017988204956,1.151450276374817,1.1558021306991575,1.1535621881484983,2.304538452602145e-05,1
2026-06-12,1.157353758811951,1.1558021306991575,1.159151554107666,1.157594919204712,0.003495893934150507,1
2026-06-15,1.160644769668579,1.1594606637954712,1.16225004196167,1.1603081226348877,0.002343828039639062,0
2026-06-16,1.1592857837677002,1.1575413942337036,1.1618449687957764,1.1594202518463137,-0.0007652025968393206,1
2026-06-17,1.1609278917312622,1.1586545705795288,1.1618449687957764,1.1609952449798584,0.0013584316222152726,0
2026-06-18,1.151145339012146,1.1454228162765503,1.1530035734176636,1.150734782218933,-0.008837644086219565,0
2026-06-19,1.1463946104049685,1.1418262720108032,1.1475785970687866,1.1458560228347778,-0.004239690552107711,1
2026-06-22,1.1463682651519775,1.1426090002059937,1.147315263748169,1.146276354789734,0.0003668278968560479,0
2026-06-23,1.1425306797027588,1.137669324874878,1.1439030170440674,1.1427135467529297,-0.003108158012609441,0
2026-06-24,1.1379282474517822,1.132541298866272,1.1384334564208984,1.1379542350769043,-0.004164921024651491,0
2026-06-25,1.135344386100769,1.1334270238876345,1.1388354301452637,1.1354217529296875,-0.0022254692404617415,1
2026-06-26,1.1363893747329712,1.135486125946045,1.1433929204940796,1.1361699104309082,0.000658924755748469,1
2026-06-29,1.1384464502334597,1.1381744146347046,1.1425960063934326,1.1385631561279297,0.002106415312577603,1
2026-06-30,1.1418914794921875,1.1383298635482788,1.1434452533721924,1.1422044038772583,0.003198107834186281,0
2026-07-01,1.141252875328064,1.1362087726593018,1.1416828632354736,1.1413310766220093,-0.0007645980459228818,0
2026-07-02,1.1377859115600586,1.137539982795715,1.1471705436706543,1.13779878616333,-0.0030948867782815137,1
2026-07-03,1.142374038696289,1.1421130895614624,1.1465259790420532,1.1422696113586426,0.003929363653470075,1
2026-07-06,1.1435890197753906,1.1409794092178345,1.144426703453064,1.1437721252441406,0.0013153758714730124,1
2026-07-07,1.1442302465438845,1.1422958374023438,1.1447148323059082,1.144177794456482,0.0003546766033091231,0
2026-07-08,1.1400948762893677,1.139185667037964,1.1432491540908811,1.140380859375,-0.003318483455873711,1
2026-07-09,1.1421914100646973,1.142126202583313,1.145081877708435,1.1422044038772583,0.001599066213070044,1
2026-07-10,1.143379807472229,1.1418392658233645,1.1462632417678833,1.1433405876159668,0.0009947289074105914,0
2026-07-13,1.140367865562439,1.1386798620224,1.1445707082748413,1.1404459476470947,-0.00253173901130177,0
2026-07-14,1.1383687257766724,1.1378765106201172,1.1461317539215088,1.1384334564208984,-0.001764652880172357,
